Artist,Song,Album,Genres,Year,Countries,Bitrate,File,Duration,Recording Type,Format
青葉市子 [Ichiko Aoba],いきのこり●ぼくら,0,Contemporary Folk,2013,Japan,476k,flac,6:46,Studio,LP
青葉市子 [Ichiko Aoba],iam POD (0%),0,Contemporary Folk,2013,Japan,385k,flac,5:33,Studio,LP
青葉市子 [Ichiko Aoba],Mars 2027,0,Contemporary Folk,2013,Japan,602k,flac,8:07,Studio,LP
青葉市子 [Ichiko Aoba],いりぐちでぐち,0,Contemporary Folk,2013,Japan,701k,flac,11:54,Studio,LP
青葉市子 [Ichiko Aoba],うたのけはい,0,Contemporary Folk,2013,Japan,679k,flac,2:07,Studio,LP
青葉市子 [Ichiko Aoba],機械仕掛乃宇宙,0,Contemporary Folk,2013,Japan,515k,flac,12:23,Studio,LP
青葉市子 [Ichiko Aoba],四月の支度,0,Contemporary Folk,2013,Japan,467k,flac,5:30,Studio,LP
青葉市子 [Ichiko Aoba],はるなつあきふゆ,0,Contemporary Folk,2013,Japan,466k,flac,6:21,Studio,LP
青葉市子 [Ichiko Aoba],airplane (20131125),0%,Contemporary Folk,2014,Japan,320k,mp3,12:43,Live,LP
青葉市子 [Ichiko Aoba],いきのこり●ぼくら (20131125),0%,Contemporary Folk,2014,Japan,320k,mp3,7:14,Live,LP
青葉市子 [Ichiko Aoba],i am POD(0%)(20131125),0%,Contemporary Folk,2014,Japan,320k,mp3,5:25,Live,LP
青葉市子 [Ichiko Aoba],IMPERIAL SMOKE TOWN (20131125),0%,Contemporary Folk,2014,Japan,320k,mp3,7:55,Live,LP
青葉市子 [Ichiko Aoba],Mars 2027 (20131125),0%,Contemporary Folk,2014,Japan,320k,mp3,7:16,Live,LP
青葉市子 [Ichiko Aoba],四月の支度 (20131125),0%,Contemporary Folk,2014,Japan,320k,mp3,5:16,Live,LP
青葉市子 [Ichiko Aoba],うたのけはい (20131125),0%,Contemporary Folk,2014,Japan,320k,mp3,2:33,Live,LP
青葉市子 [Ichiko Aoba],機械仕掛乃宇宙 (20131125),0%,Contemporary Folk,2014,Japan,320k,mp3,12:06,Live,LP
青葉市子 [Ichiko Aoba],はるなつあきふゆ (20131125),0%,Contemporary Folk,2014,Japan,320k,mp3,6:23,Live,LP
青葉市子 [Ichiko Aoba],いりぐちでぐち (20131125),0%,Contemporary Folk,2014,Japan,320k,mp3,22:13,Live,LP
青葉市子 [Ichiko Aoba],永遠はさよなら (20131125),0%,Contemporary Folk,2014,Japan,320k,mp3,1:55,Live,LP
Supersilent,6.1,6,EAI; Free Improvisation,2003,Norway,320k,mp3,11:06,Studio,LP
Supersilent,6.2,6,EAI; Free Improvisation,2003,Norway,320k,mp3,9:57,Studio,LP
Supersilent,6.3,6,EAI; Free Improvisation,2003,Norway,320k,mp3,13:32,Studio,LP
Supersilent,6.4,6,EAI; Free Improvisation,2003,Norway,320k,mp3,9:30,Studio,LP
Supersilent,6.5,6,EAI; Free Improvisation,2003,Norway,320k,mp3,5:03,Studio,LP
Blur,Tender,13,Alternative Rock; Art Rock; Experimental Rock,1999,UK; England,320k,mp3,7:40,Studio,LP
Blur,Bugman,13,Alternative Rock; Art Rock; Experimental Rock,1999,UK; England,320k,mp3,4:47,Studio,LP
Blur,Coffee & TV,13,Alternative Rock; Art Rock; Experimental Rock,1999,UK; England,320k,mp3,5:58,Studio,LP
Blur,Swamp Song,13,Alternative Rock; Art Rock; Experimental Rock,1999,UK; England,320k,mp3,4:36,Studio,LP
Blur,1992,13,Alternative Rock; Art Rock; Experimental Rock,1999,UK; England,320k,mp3,5:28,Studio,LP
Blur,B.L.U.R.E.M.I.,13,Alternative Rock; Art Rock; Experimental Rock,1999,UK; England,320k,mp3,2:51,Studio,LP
Blur,Battle,13,Alternative Rock; Art Rock; Experimental Rock,1999,UK; England,320k,mp3,7:43,Studio,LP
Blur,Mellow Song,13,Alternative Rock; Art Rock; Experimental Rock,1999,UK; England,320k,mp3,3:56,Studio,LP
Blur,Trailer Park,13,Alternative Rock; Art Rock; Experimental Rock,1999,UK; England,320k,mp3,4:26,Studio,LP
Blur,Caramel,13,Alternative Rock; Art Rock; Experimental Rock,1999,UK; England,320k,mp3,7:37,Studio,LP
Blur,Trimm Trabb,13,Alternative Rock; Art Rock; Experimental Rock,1999,UK; England,320k,mp3,5:37,Studio,LP
Blur,No Distance Left to Run,13,Alternative Rock; Art Rock; Experimental Rock,1999,UK; England,320k,mp3,3:27,Studio,LP
Blur,Optigan 1,13,Alternative Rock; Art Rock; Experimental Rock,1999,UK; England,320k,mp3,2:33,Studio,LP
Wire,I Should Have Known Better,154,Post-Punk,1979,UK; England,270k VBR,mp3,3:52,Studio,LP
Wire,Two People In A Room,154,Post-Punk,1979,UK; England,279k VBR,mp3,2:10,Studio,LP
Wire,The 15th,154,Post-Punk,1979,UK; England,274k VBR,mp3,3:05,Studio,LP
Wire,The Other Window,154,Post-Punk,1979,UK; England,265k VBR,mp3,2:07,Studio,LP
Wire,Single K.O.,154,Post-Punk,1979,UK; England,271k VBR,mp3,2:23,Studio,LP
Wire,A Touching Display,154,Post-Punk,1979,UK; England,258k VBR,mp3,6:55,Studio,LP
Wire,On Returning,154,Post-Punk,1979,UK; England,276k VBR,mp3,2:06,Studio,LP
Wire,A Mutual Friend,154,Post-Punk,1979,UK; England,250k VBR,mp3,4:28,Studio,LP
Wire,Blessed State,154,Post-Punk,1979,UK; England,264k VBR,mp3,3:28,Studio,LP
Wire,Once Is Enough,154,Post-Punk,1979,UK; England,295k VBR,mp3,3:23,Studio,LP
Wire,Map Ref. 41 °N 93° W,154,Post-Punk,1979,UK; England,274k VBR,mp3,3:40,Studio,LP
Wire,Indirect Enquiries,154,Post-Punk,1979,UK; England,265k VBR,mp3,3:36,Studio,LP
Wire,40 Versions,154,Post-Punk,1979,UK; England,260k VBR,mp3,3:28,Studio,LP
Duster,Irato,1975,Slowcore,1999,USA,320k,mp3,4:15,Studio,EP
Duster,Memphis Sophisticate,1975,Slowcore,1999,USA,320k,mp3,4:10,Studio,EP
Duster,The Motion Picture,1975,Slowcore,1999,USA,320k,mp3,2:41,Studio,EP
Duster,And Things (Are Mostly Ghosts),1975,Slowcore,1999,USA,320k,mp3,3:18,Studio,EP
Duster,August Relativity,1975,Slowcore,1999,USA,320k,mp3,3:08,Studio,EP
Duster,Want No Light to Shine,1975,Slowcore,1999,USA,320k,mp3,5:59,Studio,EP
Supersilent,1.1,1-3,EAI; Free Improvisation,1997,Norway,320k,mp3,29:01,Studio,LP
Supersilent,1.2,1-3,EAI; Free Improvisation,1997,Norway,320k,mp3,5:08,Studio,LP
Supersilent,1.3,1-3,EAI; Free Improvisation,1997,Norway,320k,mp3,14:02,Studio,LP
Supersilent,1.4,1-3,EAI; Free Improvisation,1997,Norway,320k,mp3,15:52,Studio,LP
Supersilent,2.1,1-3,EAI; Free Improvisation,1997,Norway,320k,mp3,13:46,Studio,LP
Supersilent,2.2,1-3,EAI; Free Improvisation,1997,Norway,320k,mp3,9:26,Studio,LP
Supersilent,2.3,1-3,EAI; Free Improvisation,1997,Norway,320k,mp3,5:28,Studio,LP
Supersilent,2.4,1-3,EAI; Free Improvisation,1997,Norway,320k,mp3,6:28,Studio,LP
Supersilent,2.5,1-3,EAI; Free Improvisation,1997,Norway,320k,mp3,27:09,Studio,LP
Supersilent,3.1,1-3,EAI; Free Improvisation,1997,Norway,320k,mp3,9:58,Studio,LP
Supersilent,3.2,1-3,EAI; Free Improvisation,1997,Norway,320k,mp3,7:11,Studio,LP
Supersilent,3.3,1-3,EAI; Free Improvisation,1997,Norway,320k,mp3,24:48,Studio,LP
Supersilent,3.4,1-3,EAI; Free Improvisation,1997,Norway,320k,mp3,20:03,Studio,LP
Aphex Twin,Acrid Avid Jam Shred,…I Care Because You Do,IDM; Acid Techno,1995,UK; England,892k,flac,7:38,Studio,LP
Aphex Twin,The Waxen Pith,…I Care Because You Do,IDM; Acid Techno,1995,UK; England,895k,flac,4:49,Studio,LP
Aphex Twin,Wax the Nip,…I Care Because You Do,IDM; Acid Techno,1995,UK; England,917k,flac,4:18,Studio,LP
Aphex Twin,Icct Hedral (edit),…I Care Because You Do,IDM; Acid Techno,1995,UK; England,800k,flac,6:07,Studio,LP
Aphex Twin,Ventolin (video version),…I Care Because You Do,IDM; Acid Techno,1995,UK; England,1048k,flac,4:29,Studio,LP
Aphex Twin,Come On You Slags!,…I Care Because You Do,IDM; Acid Techno,1995,UK; England,874k,flac,5:44,Studio,LP
Aphex Twin,Start as You Mean to Go On,…I Care Because You Do,IDM; Acid Techno,1995,UK; England,947k,flac,6:05,Studio,LP
Aphex Twin,Wet Tip Hen Ax,…I Care Because You Do,IDM; Acid Techno,1995,UK; England,845k,flac,5:17,Studio,LP
Aphex Twin,Mookid,…I Care Because You Do,IDM; Acid Techno,1995,UK; England,711k,flac,3:51,Studio,LP
Aphex Twin,Alberto Balsalm,…I Care Because You Do,IDM; Acid Techno,1995,UK; England,661k,flac,5:10,Studio,LP
Aphex Twin,Cow Cud Is a Twin,…I Care Because You Do,IDM; Acid Techno,1995,UK; England,838k,flac,5:33,Studio,LP
Aphex Twin,Next Heap With,…I Care Because You Do,IDM; Acid Techno,1995,UK; England,592k,flac,4:43,Studio,LP
Sigur Rós,Untitled 1 (Vaka),( ),Post-Rock,2002,Iceland,256k,mp3,6:38,Studio,LP
Sigur Rós,Untitled 2 (Fyrsta),( ),Post-Rock,2002,Iceland,256k,mp3,7:33,Studio,LP
Sigur Rós,Untitled 3 (Samskeyti),( ),Post-Rock,2002,Iceland,256k,mp3,6:33,Studio,LP
Sigur Rós,Untitled 4 (Njósnavélin),( ),Post-Rock,2002,Iceland,256k,mp3,7:33,Studio,LP
Sigur Rós,Untitled 5 (Álafoss),( ),Post-Rock,2002,Iceland,256k,mp3,9:57,Studio,LP
Sigur Rós,Untitled 6 (E-Bow),( ),Post-Rock,2002,Iceland,256k,mp3,8:48,Studio,LP
Sigur Rós,Untitled 7 (Dauðalagið),( ),Post-Rock,2002,Iceland,256k,mp3,13:00,Studio,LP
Sigur Rós,Untitled 8 (Popplagið),( ),Post-Rock,2002,Iceland,256k,mp3,11:45,Studio,LP
Fjarri,Elheim,(removed),Ambient; Experimental; Acoustic,2020,UK; England,192k,mp3,4:06,Studio,EP
Fjarri,Nachtmusik,(removed),Ambient; Experimental; Acoustic,2020,UK; England,192k,mp3,6:21,Studio,EP
Fjarri,Rhubarb,(removed),Ambient; Experimental; Acoustic,2020,UK; England,192k,mp3,7:31,Studio,EP
Bark Psychosis,From What Is Said to When It's Read,///Codename: Dustsucker,Post-Rock; Art Rock; Neo-Psychedelia,2004,UK; England,830k,flac,5:26,Studio,LP
Bark Psychosis,The Black Meat,///Codename: Dustsucker,Post-Rock; Art Rock; Neo-Psychedelia,2004,UK; England,907k,flac,6:48,Studio,LP
Bark Psychosis,Miss Abuse,///Codename: Dustsucker,Post-Rock; Art Rock; Neo-Psychedelia,2004,UK; England,857k,flac,6:08,Studio,LP
Bark Psychosis,400 Winters,///Codename: Dustsucker,Post-Rock; Art Rock; Neo-Psychedelia,2004,UK; England,865k,flac,5:46,Studio,LP
Bark Psychosis,Dr. Innocuous / Ketamoid,///Codename: Dustsucker,Post-Rock; Art Rock; Neo-Psychedelia,2004,UK; England,1021k,flac,1:04,Studio,LP
Bark Psychosis,Burning the City,///Codename: Dustsucker,Post-Rock; Art Rock; Neo-Psychedelia,2004,UK; England,885k,flac,5:08,Studio,LP
Bark Psychosis,INQB8TR,///Codename: Dustsucker,Post-Rock; Art Rock; Neo-Psychedelia,2004,UK; England,779k,flac,7:55,Studio,LP
Bark Psychosis,Shapeshifting,///Codename: Dustsucker,Post-Rock; Art Rock; Neo-Psychedelia,2004,UK; England,969k,flac,5:53,Studio,LP
Bark Psychosis,Rose,///Codename: Dustsucker,Post-Rock; Art Rock; Neo-Psychedelia,2004,UK; England,580k,flac,5:50,Studio,LP
David Bowie,★,★,Art Rock; Jazz Rock,2016,UK; England,320k,mp3,9:58,Studio,LP
David Bowie,Tis a Pity She Was a Whore,★,Art Rock; Jazz Rock,2016,UK; England,320k,mp3,4:52,Studio,LP
David Bowie,Lazarus,★,Art Rock; Jazz Rock,2016,UK; England,320k,mp3,6:22,Studio,LP
David Bowie,Sue (Or In a Season of Crime),★,Art Rock; Jazz Rock,2016,UK; England,320k,mp3,4:40,Studio,LP
David Bowie,Girl Loves Me,★,Art Rock; Jazz Rock,2016,UK; England,320k,mp3,4:52,Studio,LP
David Bowie,Dollar Days,★,Art Rock; Jazz Rock,2016,UK; England,320k,mp3,4:44,Studio,LP
David Bowie,I Can't Give Everything Away,★,Art Rock; Jazz Rock,2016,UK; England,320k,mp3,5:47,Studio,LP
Triosk Meets Jan Jelinek,Mis-Leader,1+3+1,Contemporary Jazz; Avant-Garde Jazz; Glitch,2003,Germany; Australia,256k,mp3,4:17,Studio,LP
Triosk Meets Jan Jelinek,On the Lake,1+3+1,Contemporary Jazz; Avant-Garde Jazz; Glitch,2003,Germany; Australia,256k,mp3,5:14,Studio,LP
Triosk Meets Jan Jelinek,Track 2,1+3+1,Contemporary Jazz; Avant-Garde Jazz; Glitch,2003,Germany; Australia,256k,mp3,5:31,Studio,LP
Triosk Meets Jan Jelinek,Munmorah,1+3+1,Contemporary Jazz; Avant-Garde Jazz; Glitch,2003,Germany; Australia,256k,mp3,5:25,Studio,LP
Triosk Meets Jan Jelinek,Theme From Trioskinek,1+3+1,Contemporary Jazz; Avant-Garde Jazz; Glitch,2003,Germany; Australia,256k,mp3,5:42,Studio,LP
Triosk Meets Jan Jelinek,Vibes/Pulse,1+3+1,Contemporary Jazz; Avant-Garde Jazz; Glitch,2003,Germany; Australia,256k,mp3,5:29,Studio,LP
Triosk Meets Jan Jelinek,Neckless,1+3+1,Contemporary Jazz; Avant-Garde Jazz; Glitch,2003,Germany; Australia,256k,mp3,5:08,Studio,LP
Triosk Meets Jan Jelinek,Distant Shore,1+3+1,Contemporary Jazz; Avant-Garde Jazz; Glitch,2003,Germany; Australia,256k,mp3,3:42,Studio,LP
Fugazi,Waiting Room,13 Songs,Post-Hardcore,1989,USA,990k,flac,2:53,Studio,Compilation
Fugazi,Bulldog Front,13 Songs,Post-Hardcore,1989,USA,1034k,flac,2:53,Studio,Compilation
Fugazi,Bad Mouth,13 Songs,Post-Hardcore,1989,USA,1032k,flac,2:35,Studio,Compilation
Fugazi,Burning,13 Songs,Post-Hardcore,1989,USA,985k,flac,2:39,Studio,Compilation
Fugazi,Give Me the Cure,13 Songs,Post-Hardcore,1989,USA,997k,flac,2:58,Studio,Compilation
Fugazi,Suggestion,13 Songs,Post-Hardcore,1989,USA,950k,flac,4:44,Studio,Compilation
Fugazi,Glue Man,13 Songs,Post-Hardcore,1989,USA,1016k,flac,4:23,Studio,Compilation
Fugazi,Margin Walker,13 Songs,Post-Hardcore,1989,USA,951k,flac,2:30,Studio,Compilation
Fugazi,And the Same,13 Songs,Post-Hardcore,1989,USA,949k,flac,3:27,Studio,Compilation
Fugazi,Burning Too,13 Songs,Post-Hardcore,1989,USA,913k,flac,2:50,Studio,Compilation
Fugazi,Provisional,13 Songs,Post-Hardcore,1989,USA,870k,flac,2:17,Studio,Compilation
Fugazi,Lockdown,13 Songs,Post-Hardcore,1989,USA,961k,flac,2:10,Studio,Compilation
Fugazi,Promises,13 Songs,Post-Hardcore,1989,USA,859k,flac,4:02,Studio,Compilation
The Velvet Underground,Waiting For My Man,1969: Velvet Underground Live with Lou Reed,Proto-Punk,1988,USA,224k VBR,mp3,7:06,Live,LP
The Velvet Underground,Lisa Says,1969: Velvet Underground Live with Lou Reed,Proto-Punk,1988,USA,231k VBR,mp3,5:55,Live,LP
The Velvet Underground,What Goes On,1969: Velvet Underground Live with Lou Reed,Proto-Punk,1988,USA,193k VBR,mp3,8:57,Live,LP
The Velvet Underground,Sweet Jane,1969: Velvet Underground Live with Lou Reed,Proto-Punk,1988,USA,249k VBR,mp3,4:04,Live,LP
The Velvet Underground,We're Gonna Have A Real Good..,1969: Velvet Underground Live with Lou Reed,Proto-Punk,1988,USA,218k VBR,mp3,3:18,Live,LP
The Velvet Underground,Femme Fatale,1969: Velvet Underground Live with Lou Reed,Proto-Punk,1988,USA,242k VBR,mp3,3:07,Live,LP
The Velvet Underground,New Age,1969: Velvet Underground Live with Lou Reed,Proto-Punk,1988,USA,229k VBR,mp3,6:39,Live,LP
The Velvet Underground,Rock And Roll,1969: Velvet Underground Live with Lou Reed,Proto-Punk,1988,USA,212k VBR,mp3,6:08,Live,LP
The Velvet Underground,Beginning To See The Light,1969: Velvet Underground Live with Lou Reed,Proto-Punk,1988,USA,212k VBR,mp3,5:32,Live,LP
The Velvet Underground,Heroin,1969: Velvet Underground Live with Lou Reed,Proto-Punk,1988,USA,229k VBR,mp3,8:14,Live,LP
The Velvet Underground,Ocean,1969: Velvet Underground Live with Lou Reed,Proto-Punk,1988,USA,207k VBR,mp3,10:58,Live,LP
The Velvet Underground,Pale Blue Eyes,1969: Velvet Underground Live with Lou Reed,Proto-Punk,1988,USA,259k VBR,mp3,5:53,Live,LP
The Velvet Underground,Heroin,1969: Velvet Underground Live with Lou Reed,Proto-Punk,1988,USA,239k VBR,mp3,9:51,Live,LP
The Velvet Underground,Some Kinda Love,1969: Velvet Underground Live with Lou Reed,Proto-Punk,1988,USA,244k VBR,mp3,4:51,Live,LP
The Velvet Underground,Over You,1969: Velvet Underground Live with Lou Reed,Proto-Punk,1988,USA,259k VBR,mp3,2:19,Live,LP
The Velvet Underground,Sweet Bonnie Brown - It's Ju..,1969: Velvet Underground Live with Lou Reed,Proto-Punk,1988,USA,222k VBR,mp3,7:58,Live,LP
The Velvet Underground,White Light / White Heat,1969: Velvet Underground Live with Lou Reed,Proto-Punk,1988,USA,202k VBR,mp3,8:37,Live,LP
The Velvet Underground,I Can't Stand It,1969: Velvet Underground Live with Lou Reed,Proto-Punk,1988,USA,232k VBR,mp3,7:55,Live,LP
The Velvet Underground,I'll Be Your Mirror,1969: Velvet Underground Live with Lou Reed,Proto-Punk,1988,USA,265k VBR,mp3,2:20,Live,LP
不失者 [Fushitsusha],あっち,1st,Psychedelic Rock; Noise Rock; Experimental Rock,1997,Japan,225k VBR,mp3,12:32,Live,LP
不失者 [Fushitsusha],暗号,1st,Psychedelic Rock; Noise Rock; Experimental Rock,1997,Japan,223k VBR,mp3,10:21,Live,LP
不失者 [Fushitsusha],すきにやればいい,1st,Psychedelic Rock; Noise Rock; Experimental Rock,1997,Japan,209k VBR,mp3,11:38,Live,LP
不失者 [Fushitsusha],とどかない,1st,Psychedelic Rock; Noise Rock; Experimental Rock,1997,Japan,204k VBR,mp3,10:27,Live,LP
不失者 [Fushitsusha],ふわ　ふわ,1st,Psychedelic Rock; Noise Rock; Experimental Rock,1997,Japan,206k VBR,mp3,8:04,Live,LP
不失者 [Fushitsusha],なったんじゃない,1st,Psychedelic Rock; Noise Rock; Experimental Rock,1997,Japan,221k VBR,mp3,7:46,Live,LP
不失者 [Fushitsusha],迷子,1st,Psychedelic Rock; Noise Rock; Experimental Rock,1997,Japan,216k VBR,mp3,10:03,Live,LP
不失者 [Fushitsusha],ここ,1st,Psychedelic Rock; Noise Rock; Experimental Rock,1997,Japan,208k VBR,mp3,26:06,Live,LP
"25,000 Kittens",Boo 1991-2011,"25,000 Kittens",Drone; Ambient,2014,Japan,1263k,flac,9:54,Studio,EP
"25,000 Kittens",Hanakichi 2012-2013,"25,000 Kittens",Drone; Ambient,2014,Japan,1259k,flac,9:53,Studio,EP
The George–Edwards Group,You Without Me,38:38,Psychedelic Rock,1977,USA,256k,mp3,2:36,Studio,LP
The George–Edwards Group,Planets and Stars,38:38,Psychedelic Rock,1977,USA,256k,mp3,5:27,Studio,LP
The George–Edwards Group,La Jolla,38:38,Psychedelic Rock,1977,USA,256k,mp3,2:02,Studio,LP
The George–Edwards Group,Wintertime,38:38,Psychedelic Rock,1977,USA,256k,mp3,4:47,Studio,LP
The George–Edwards Group,Country Interlude,38:38,Psychedelic Rock,1977,USA,256k,mp3,1:16,Studio,LP
The George–Edwards Group,I See Your Smile,38:38,Psychedelic Rock,1977,USA,256k,mp3,2:27,Studio,LP
The George–Edwards Group,Easternia,38:38,Psychedelic Rock,1977,USA,256k,mp3,1:41,Studio,LP
The George–Edwards Group,You Came Away,38:38,Psychedelic Rock,1977,USA,256k,mp3,3:48,Studio,LP
The George–Edwards Group,Hypertrain,38:38,Psychedelic Rock,1977,USA,256k,mp3,4:13,Studio,LP
The George–Edwards Group,Floating Away,38:38,Psychedelic Rock,1977,USA,256k,mp3,3:42,Studio,LP
The George–Edwards Group,Magnetic Variation,38:38,Psychedelic Rock,1977,USA,256k,mp3,6:25,Studio,LP
The George–Edwards Group,Just a Minute,38:38,Psychedelic Rock,1977,USA,256k,mp3,1:08,Studio,LP
The George–Edwards Group,Some Fun,38:38,Psychedelic Rock,1977,USA,256k,mp3,1:18,Studio,LP
The George–Edwards Group,Solar Flare,38:38,Psychedelic Rock,1977,USA,256k,mp3,1:22,Studio,LP
The George–Edwards Group,The Blowing Wind,38:38,Psychedelic Rock,1977,USA,256k,mp3,2:53,Studio,LP
The George–Edwards Group,I Can Find My Way,38:38,Psychedelic Rock,1977,USA,256k,mp3,3:30,Studio,LP
The George–Edwards Group,She Was All,38:38,Psychedelic Rock,1977,USA,256k,mp3,3:46,Studio,LP
The George–Edwards Group,Nevada,38:38,Psychedelic Rock,1977,USA,256k,mp3,4:02,Studio,LP
Geese,2122,3D Country,Indie Rock; Art Punk; Alt-Country,2023,USA,944k,flac,3:52,Studio,LP
Geese,3D Country,3D Country,Indie Rock; Art Punk; Alt-Country,2023,USA,905k,flac,5:13,Studio,LP
Geese,Cowboy Nudes,3D Country,Indie Rock; Art Punk; Alt-Country,2023,USA,933k,flac,2:50,Studio,LP
Geese,I See Myself,3D Country,Indie Rock; Art Punk; Alt-Country,2023,USA,912k,flac,3:00,Studio,LP
Geese,Undoer,3D Country,Indie Rock; Art Punk; Alt-Country,2023,USA,971k,flac,6:59,Studio,LP
Geese,Crusades,3D Country,Indie Rock; Art Punk; Alt-Country,2023,USA,921k,flac,2:38,Studio,LP
Geese,Gravity Blues,3D Country,Indie Rock; Art Punk; Alt-Country,2023,USA,907k,flac,4:01,Studio,LP
Geese,Mysterious Love,3D Country,Indie Rock; Art Punk; Alt-Country,2023,USA,976k,flac,3:15,Studio,LP
Geese,Domoto,3D Country,Indie Rock; Art Punk; Alt-Country,2023,USA,856k,flac,3:48,Studio,LP
Geese,Tomorrow’s Crusades,3D Country,Indie Rock; Art Punk; Alt-Country,2023,USA,945k,flac,4:31,Studio,LP
Geese,St. Elmo,3D Country,Indie Rock; Art Punk; Alt-Country,2023,USA,938k,flac,3:20,Studio,LP
YHWH Nailgun,Penetrator,45 Pounds,Experimental Rock,2025,USA,3118k,flac,2:09,Studio,LP
YHWH Nailgun,Castrato Raw (Fullback),45 Pounds,Experimental Rock,2025,USA,3088k,flac,2:06,Studio,LP
YHWH Nailgun,Pain Fountain,45 Pounds,Experimental Rock,2025,USA,3262k,flac,1:31,Studio,LP
YHWH Nailgun,Animal Death Already Breathing,45 Pounds,Experimental Rock,2025,USA,2883k,flac,2:39,Studio,LP
YHWH Nailgun,Ultra Shade (Beat My Blood Dog Down),45 Pounds,Experimental Rock,2025,USA,3129k,flac,1:44,Studio,LP
YHWH Nailgun,Iron Feet,45 Pounds,Experimental Rock,2025,USA,3150k,flac,1:45,Studio,LP
YHWH Nailgun,Tear Pusher,45 Pounds,Experimental Rock,2025,USA,2988k,flac,3:07,Studio,LP
YHWH Nailgun,Sickle Walk,45 Pounds,Experimental Rock,2025,USA,3207k,flac,1:26,Studio,LP
YHWH Nailgun,Blackout,45 Pounds,Experimental Rock,2025,USA,2936k,flac,2:58,Studio,LP
YHWH Nailgun,Changer,45 Pounds,Experimental Rock,2025,USA,3251k,flac,1:34,Studio,LP
Boredoms,77 Boa Drum Part.1 / Seven,77 Boa Drum,Experimental Rock,2007,Japan,997k,FLAC,53:32,Live,LP
Boredoms,77 Boa Drum Part.2 / Sun Loard,77 Boa Drum,Experimental Rock,2007,Japan,1025k,FLAC,46:39,Live,LP
Les Rallizes Dénudés,Enter The Mirror,77 Live,Noise Rock; Psychedelic Rock,1991,Japan,192k,mp3,11:43,Live,LP
Les Rallizes Dénudés,夜、暗殺者の夜 (Night Of The Assassins),77 Live,Noise Rock; Psychedelic Rock,1991,Japan,192k,mp3,12:03,Live,LP
Les Rallizes Dénudés,氷の炎 (Flames Of Ice),77 Live,Noise Rock; Psychedelic Rock,1991,Japan,192k,mp3,16:13,Live,LP
Les Rallizes Dénudés,記憶は遠い (A Memory Is Far),77 Live,Noise Rock; Psychedelic Rock,1991,Japan,192k,mp3,11:38,Live,LP
Les Rallizes Dénudés,夜より深く (Strung Out Deeper Than The Night),77 Live,Noise Rock; Psychedelic Rock,1991,Japan,192k,mp3,15:32,Live,LP
Les Rallizes Dénudés,夜の収穫者たち (The Night Collectors),77 Live,Noise Rock; Psychedelic Rock,1991,Japan,192k,mp3,8:30,Live,LP
Les Rallizes Dénudés,The Last One,77 Live,Noise Rock; Psychedelic Rock,1991,Japan,192k,mp3,21:14,Live,LP
Fishmans,Oh Slime,98.12.28 男達の別れ,Dream Pop; Neo-Psychedelia,1999,Japan,250k VBR,mp3,7:51,Live,LP
Fishmans,ナイトクルージング,98.12.28 男達の別れ,Dream Pop; Neo-Psychedelia,1999,Japan,228k VBR,mp3,6:25,Live,LP
Fishmans,なんてったの,98.12.28 男達の別れ,Dream Pop; Neo-Psychedelia,1999,Japan,234k VBR,mp3,6:26,Live,LP
Fishmans,Thank you,98.12.28 男達の別れ,Dream Pop; Neo-Psychedelia,1999,Japan,242k VBR,mp3,2:57,Live,LP
Fishmans,幸せ者,98.12.28 男達の別れ,Dream Pop; Neo-Psychedelia,1999,Japan,227k VBR,mp3,4:04,Live,LP
Fishmans,頼りない天使,98.12.28 男達の別れ,Dream Pop; Neo-Psychedelia,1999,Japan,233k VBR,mp3,4:53,Live,LP
Fishmans,ひこうき,98.12.28 男達の別れ,Dream Pop; Neo-Psychedelia,1999,Japan,237k VBR,mp3,9:11,Live,LP
Fishmans,in the flight,98.12.28 男達の別れ,Dream Pop; Neo-Psychedelia,1999,Japan,235k VBR,mp3,6:48,Live,LP
Fishmans,Walking in the rhythm,98.12.28 男達の別れ,Dream Pop; Neo-Psychedelia,1999,Japan,251k VBR,mp3,7:44,Live,LP
Fishmans,"Smilin' Days, Summer Holiday",98.12.28 男達の別れ,Dream Pop; Neo-Psychedelia,1999,Japan,282k VBR,mp3,4:57,Live,LP
Fishmans,MELODY,98.12.28 男達の別れ,Dream Pop; Neo-Psychedelia,1999,Japan,240k VBR,mp3,5:49,Live,LP
Fishmans,ゆらめき IN THE AIR,98.12.28 男達の別れ,Dream Pop; Neo-Psychedelia,1999,Japan,238k VBR,mp3,15:59,Live,LP
Fishmans,いかれたBaby,98.12.28 男達の別れ,Dream Pop; Neo-Psychedelia,1999,Japan,243k VBR,mp3,5:38,Live,LP
Fishmans,Long Season,98.12.28 男達の別れ,Dream Pop; Neo-Psychedelia,1999,Japan,251k VBR,mp3,41:31,Live,LP
The Smile,The Same,A Light For Attracting Attention,Art Rock,2022,UK; England,320k,mp3,4:19,Studio,LP
The Smile,The Opposite,A Light For Attracting Attention,Art Rock,2022,UK; England,320k,mp3,3:06,Studio,LP
The Smile,You Will Never Work In Television Again,A Light For Attracting Attention,Art Rock,2022,UK; England,320k,mp3,2:48,Studio,LP
The Smile,Pana-Vision,A Light For Attracting Attention,Art Rock,2022,UK; England,320k,mp3,4:08,Studio,LP
The Smile,The Smoke,A Light For Attracting Attention,Art Rock,2022,UK; England,320k,mp3,3:39,Studio,LP
The Smile,Speech Bubbles,A Light For Attracting Attention,Art Rock,2022,UK; England,320k,mp3,4:17,Studio,LP
The Smile,Thin Thing,A Light For Attracting Attention,Art Rock,2022,UK; England,320k,mp3,4:31,Studio,LP
The Smile,Open The Floodgates,A Light For Attracting Attention,Art Rock,2022,UK; England,320k,mp3,4:29,Studio,LP
The Smile,Free In The Knowledge,A Light For Attracting Attention,Art Rock,2022,UK; England,320k,mp3,4:12,Studio,LP
The Smile,A Hairdryer,A Light For Attracting Attention,Art Rock,2022,UK; England,320k,mp3,5:17,Studio,LP
The Smile,Waving A White Flag,A Light For Attracting Attention,Art Rock,2022,UK; England,320k,mp3,3:47,Studio,LP
The Smile,We Don't Know What Tomorrow Brings,A Light For Attracting Attention,Art Rock,2022,UK; England,320k,mp3,3:16,Studio,LP
The Smile,Skrting On The Surface,A Light For Attracting Attention,Art Rock,2022,UK; England,320k,mp3,5:31,Studio,LP
Aspidistrafly,A Black-Necked Swan,A Little Fable,Ambient Pop,2011,Singapore,320k,mp3,1:16,Studio,LP
Aspidistrafly,Landscape With A Fairy,A Little Fable,Ambient Pop,2011,Singapore,320k,mp3,4:25,Studio,LP
Aspidistrafly,Homeward Waltz,A Little Fable,Ambient Pop,2011,Singapore,320k,mp3,4:34,Studio,LP
Aspidistrafly,Cocina,A Little Fable,Ambient Pop,2011,Singapore,320k,mp3,2:40,Studio,LP
Aspidistrafly,Sea Of Glass,A Little Fable,Ambient Pop,2011,Singapore,320k,mp3,4:59,Studio,LP
Aspidistrafly,Countless White Moons,A Little Fable,Ambient Pop,2011,Singapore,320k,mp3,4:15,Studio,LP
Aspidistrafly,Language Of Flowers,A Little Fable,Ambient Pop,2011,Singapore,320k,mp3,2:53,Studio,LP
Aspidistrafly,Wooden Room,A Little Fable,Ambient Pop,2011,Singapore,320k,mp3,3:00,Studio,LP
Aspidistrafly,Gensei,A Little Fable,Ambient Pop,2011,Singapore,320k,mp3,5:14,Studio,LP
Aspidistrafly,Blue Bonnet Of The Seven Stars,A Little Fable,Ambient Pop,2011,Singapore,320k,mp3,1:10,Studio,LP
Aspidistrafly,Dear Sylvan,A Little Fable,Ambient Pop,2011,Singapore,320k,mp3,3:09,Studio,LP
Aspidistrafly,Twinkling Fall,A Little Fable,Ambient Pop,2011,Singapore,320k,mp3,3:16,Studio,LP
John Coltrane,Part I – Acknowledgement,A Love Supreme,Spiritual Jazz; Avant-Garde Jazz,1964,USA,320k,mp3,7:42,Studio,LP
John Coltrane,Part II – Resolution,A Love Supreme,Spiritual Jazz; Avant-Garde Jazz,1964,USA,320k,mp3,7:20,Studio,LP
John Coltrane,Part III – Pursuance,A Love Supreme,Spiritual Jazz; Avant-Garde Jazz,1964,USA,320k,mp3,10:42,Studio,LP
John Coltrane,Part IV – Psalm,A Love Supreme,Spiritual Jazz; Avant-Garde Jazz,1964,USA,320k,mp3,7:07,Studio,LP
John Coltrane,"A Love Supreme, Pt. I - Acknowledgement (Monophonic Mix)",A Love Supreme (Monophonic Edition),Spiritual Jazz,1965,USA,2611k,flac,7:43,Studio,LP
John Coltrane,"A Love Supreme, Pt. II -  Resolution (Monophonic Mix)",A Love Supreme (Monophonic Edition),Spiritual Jazz,1965,USA,2657k,flac,7:19,Studio,LP
John Coltrane,"A Love Supreme, Pt. III - Pursuance (Monophonic Mix)",A Love Supreme (Monophonic Edition),Spiritual Jazz,1965,USA,2554k,flac,10:42,Studio,LP
John Coltrane,"A Love Supreme, Pt. IV - Psalm (Monophonic Mix)",A Love Supreme (Monophonic Edition),Spiritual Jazz,1965,USA,2515k,flac,7:04,Studio,LP
Radiohead,Burn The Witch,A Moon Shaped Pool,Art Rock,2016,UK; England,320k,mp3,3:40,Studio,LP
Radiohead,Daydreaming,A Moon Shaped Pool,Art Rock,2016,UK; England,320k,mp3,6:24,Studio,LP
Radiohead,Decks Dark,A Moon Shaped Pool,Art Rock,2016,UK; England,320k,mp3,4:41,Studio,LP
Radiohead,Desert Island Disk,A Moon Shaped Pool,Art Rock,2016,UK; England,320k,mp3,3:44,Studio,LP
Radiohead,Ful Stop,A Moon Shaped Pool,Art Rock,2016,UK; England,320k,mp3,6:07,Studio,LP
Radiohead,Glass Eyes,A Moon Shaped Pool,Art Rock,2016,UK; England,320k,mp3,2:53,Studio,LP
Radiohead,Identikit,A Moon Shaped Pool,Art Rock,2016,UK; England,320k,mp3,4:26,Studio,LP
Radiohead,The Numbers,A Moon Shaped Pool,Art Rock,2016,UK; England,320k,mp3,5:45,Studio,LP
Radiohead,Present Tense,A Moon Shaped Pool,Art Rock,2016,UK; England,320k,mp3,5:06,Studio,LP
Radiohead,Tinker Tailor Soldier Sailor Rich Man Poor Man Beggar Man Thief,A Moon Shaped Pool,Art Rock,2016,UK; England,320k,mp3,5:03,Studio,LP
Radiohead,True Love Waits,A Moon Shaped Pool,Art Rock,2016,UK; England,320k,mp3,4:43,Studio,LP
Coldplay,Politik,A Rush Of Blood To The Head,Post-Britpop; Pop Rock,2002,UK; England,192k,mp3,5:18,Studio,LP
Coldplay,In My Place,A Rush Of Blood To The Head,Post-Britpop; Pop Rock,2002,UK; England,192k,mp3,3:48,Studio,LP
Coldplay,God Put A Smile Upon Your Face,A Rush Of Blood To The Head,Post-Britpop; Pop Rock,2002,UK; England,192k,mp3,4:57,Studio,LP
Coldplay,The Scientist,A Rush Of Blood To The Head,Post-Britpop; Pop Rock,2002,UK; England,192k,mp3,5:09,Studio,LP
Coldplay,Clocks,A Rush Of Blood To The Head,Post-Britpop; Pop Rock,2002,UK; England,192k,mp3,5:07,Studio,LP
Coldplay,Daylight,A Rush Of Blood To The Head,Post-Britpop; Pop Rock,2002,UK; England,192k,mp3,5:27,Studio,LP
Coldplay,Green Eyes,A Rush Of Blood To The Head,Post-Britpop; Pop Rock,2002,UK; England,192k,mp3,3:43,Studio,LP
Coldplay,Warning Sign,A Rush Of Blood To The Head,Post-Britpop; Pop Rock,2002,UK; England,192k,mp3,5:31,Studio,LP
Coldplay,A Whisper,A Rush Of Blood To The Head,Post-Britpop; Pop Rock,2002,UK; England,192k,mp3,3:58,Studio,LP
Coldplay,A Rush Of Blood To The Head,A Rush Of Blood To The Head,Post-Britpop; Pop Rock,2002,UK; England,192k,mp3,5:51,Studio,LP
Coldplay,Amsterdam,A Rush Of Blood To The Head,Post-Britpop; Pop Rock,2002,UK; England,192k,mp3,5:19,Studio,LP
Pink Floyd,Let There Be More Light,A Saucerful Of Secrets,Psychedelic Rock,1968,UK; England,320k,mp3,5:38,Studio,LP
Pink Floyd,Remember A Day,A Saucerful Of Secrets,Psychedelic Rock,1968,UK; England,320k,mp3,4:32,Studio,LP
Pink Floyd,Set The Controls For The Heart Of The Sun,A Saucerful Of Secrets,Psychedelic Rock,1968,UK; England,320k,mp3,5:28,Studio,LP
Pink Floyd,Corporal Clegg,A Saucerful Of Secrets,Psychedelic Rock,1968,UK; England,320k,mp3,4:12,Studio,LP
Pink Floyd,A Saucerful Of Secrets,A Saucerful Of Secrets,Psychedelic Rock,1968,UK; England,320k,mp3,11:56,Studio,LP
Pink Floyd,See-Saw,A Saucerful Of Secrets,Psychedelic Rock,1968,UK; England,320k,mp3,4:36,Studio,LP
Pink Floyd,Jugband Blues,A Saucerful Of Secrets,Psychedelic Rock,1968,UK; England,320k,mp3,3:00,Studio,LP
Unwound,Mile Me Deaf,A Single History 1991-1997,Post-Hardcore; Noise Rock,1999,USA,206k VBR,mp3,2:20,Studio,Compilation
Unwound,Broken E-Strings,A Single History 1991-1997,Post-Hardcore; Noise Rock,1999,USA,177k VBR,mp3,3:11,Studio,Compilation
Unwound,Totality,A Single History 1991-1997,Post-Hardcore; Noise Rock,1999,USA,229k VBR,mp3,3:07,Studio,Compilation
Unwound,Mkultra,A Single History 1991-1997,Post-Hardcore; Noise Rock,1999,USA,219k VBR,mp3,4:47,Studio,Compilation
Unwound,Seen Not Heard,A Single History 1991-1997,Post-Hardcore; Noise Rock,1999,USA,241k VBR,mp3,3:41,Studio,Compilation
Unwound,Caterpillar,A Single History 1991-1997,Post-Hardcore; Noise Rock,1999,USA,191k VBR,mp3,1:59,Studio,Compilation
Unwound,Miserific Condition,A Single History 1991-1997,Post-Hardcore; Noise Rock,1999,USA,192k VBR,mp3,1:57,Studio,Compilation
Unwound,Everything Is Weird,A Single History 1991-1997,Post-Hardcore; Noise Rock,1999,USA,224k VBR,mp3,2:52,Studio,Compilation
Unwound,Negated,A Single History 1991-1997,Post-Hardcore; Noise Rock,1999,USA,216k VBR,mp3,4:36,Studio,Compilation
Unwound,Said Serial,A Single History 1991-1997,Post-Hardcore; Noise Rock,1999,USA,237k VBR,mp3,2:23,Studio,Compilation
Unwound,Census,A Single History 1991-1997,Post-Hardcore; Noise Rock,1999,USA,228k VBR,mp3,1:49,Studio,Compilation
Unwound,Plight,A Single History 1991-1997,Post-Hardcore; Noise Rock,1999,USA,200k VBR,mp3,1:56,Studio,Compilation
Unwound,Stumbling Block,A Single History 1991-1997,Post-Hardcore; Noise Rock,1999,USA,227k VBR,mp3,2:01,Studio,Compilation
Unwound,Eternalux,A Single History 1991-1997,Post-Hardcore; Noise Rock,1999,USA,196k VBR,mp3,4:58,Studio,Compilation
Unwound,New Radio Hit,A Single History 1991-1997,Post-Hardcore; Noise Rock,1999,USA,191k VBR,mp3,2:20,Studio,Compilation
Unwound,The Light at the End of the Tunnel Is a Train,A Single History 1991-1997,Post-Hardcore; Noise Rock,1999,USA,206k VBR,mp3,10:10,Studio,Compilation
Unwound,Crab Nebula,A Single History 1991-1997,Post-Hardcore; Noise Rock,1999,USA,206k VBR,mp3,4:06,Studio,Compilation
Sonic Youth,Contre le sexisme,A Thousand Leaves,Experimental Rock; Noise Rock; Post-Rock,1998,USA,320k,mp3,3:55,Studio,LP
Sonic Youth,Sunday,A Thousand Leaves,Experimental Rock; Noise Rock; Post-Rock,1998,USA,320k,mp3,4:52,Studio,LP
Sonic Youth,Female Mechanic Now on Duty,A Thousand Leaves,Experimental Rock; Noise Rock; Post-Rock,1998,USA,320k,mp3,7:43,Studio,LP
Sonic Youth,Wildflower Soul,A Thousand Leaves,Experimental Rock; Noise Rock; Post-Rock,1998,USA,320k,mp3,9:04,Studio,LP
Sonic Youth,Hoarfrost,A Thousand Leaves,Experimental Rock; Noise Rock; Post-Rock,1998,USA,320k,mp3,5:01,Studio,LP
Sonic Youth,French Tickler,A Thousand Leaves,Experimental Rock; Noise Rock; Post-Rock,1998,USA,320k,mp3,4:52,Studio,LP
Sonic Youth,Hits of Sunshine (For Allen Ginsberg),A Thousand Leaves,Experimental Rock; Noise Rock; Post-Rock,1998,USA,320k,mp3,11:05,Studio,LP
Sonic Youth,Karen Koltrane,A Thousand Leaves,Experimental Rock; Noise Rock; Post-Rock,1998,USA,320k,mp3,9:21,Studio,LP
Sonic Youth,The Ineffable Me,A Thousand Leaves,Experimental Rock; Noise Rock; Post-Rock,1998,USA,320k,mp3,5:21,Studio,LP
Sonic Youth,"Snare, Girl",A Thousand Leaves,Experimental Rock; Noise Rock; Post-Rock,1998,USA,320k,mp3,6:38,Studio,LP
Sonic Youth,Heather Angel,A Thousand Leaves,Experimental Rock; Noise Rock; Post-Rock,1998,USA,320k,mp3,6:08,Studio,LP
吉村弘 [Hiroshi Yoshimura],森の夜明け,A・I・R - Air in Resort,Ambient; New Age,1984,Japan,32k,mp3,39:10,Studio,LP
吉村弘 [Hiroshi Yoshimura],小川にそって,A・I・R - Air in Resort,Ambient; New Age,1984,Japan,224k,mp3,5:31,Studio,LP
吉村弘 [Hiroshi Yoshimura],小鳥たこちのカフェ,A・I・R - Air in Resort,Ambient; New Age,1984,Japan,224k,mp3,5:13,Studio,LP
吉村弘 [Hiroshi Yoshimura],きらめく海,A・I・R - Air in Resort,Ambient; New Age,1984,Japan,192k,mp3,6:46,Studio,LP
吉村弘 [Hiroshi Yoshimura],カモメの水平線,A・I・R - Air in Resort,Ambient; New Age,1984,Japan,224k,mp3,4:09,Studio,LP
吉村弘 [Hiroshi Yoshimura],砂の星,A・I・R - Air in Resort,Ambient; New Age,1984,Japan,224k,mp3,5:59,Studio,LP
The Beatles,Come Together,Abbey Road,Pop Rock,1969,UK; England,320k,mp3,4:20,Studio,LP
The Beatles,Something,Abbey Road,Pop Rock,1969,UK; England,320k,mp3,3:02,Studio,LP
The Beatles,Maxwell's Silver Hammer,Abbey Road,Pop Rock,1969,UK; England,320k,mp3,3:28,Studio,LP
The Beatles,Oh! Darling,Abbey Road,Pop Rock,1969,UK; England,320k,mp3,3:27,Studio,LP
The Beatles,Octopus's Garden,Abbey Road,Pop Rock,1969,UK; England,320k,mp3,2:50,Studio,LP
The Beatles,I Want You (She's So Heavy),Abbey Road,Pop Rock,1969,UK; England,320k,mp3,7:47,Studio,LP
The Beatles,Here Comes The Sun,Abbey Road,Pop Rock,1969,UK; England,320k,mp3,3:05,Studio,LP
The Beatles,Because,Abbey Road,Pop Rock,1969,UK; England,320k,mp3,2:45,Studio,LP
The Beatles,You Never Give Me Your Money,Abbey Road,Pop Rock,1969,UK; England,320k,mp3,4:02,Studio,LP
The Beatles,Sun King,Abbey Road,Pop Rock,1969,UK; England,320k,mp3,2:26,Studio,LP
The Beatles,Mean Mr Mustard,Abbey Road,Pop Rock,1969,UK; England,320k,mp3,1:06,Studio,LP
The Beatles,Polythene Pam,Abbey Road,Pop Rock,1969,UK; England,320k,mp3,1:12,Studio,LP
The Beatles,She Came In Through The Bathroom Window,Abbey Road,Pop Rock,1969,UK; England,320k,mp3,1:58,Studio,LP
The Beatles,Golden Slumbers,Abbey Road,Pop Rock,1969,UK; England,320k,mp3,1:31,Studio,LP
The Beatles,Carry That Weight,Abbey Road,Pop Rock,1969,UK; England,320k,mp3,1:36,Studio,LP
The Beatles,The End,Abbey Road,Pop Rock,1969,UK; England,320k,mp3,2:21,Studio,LP
The Beatles,Her Majesty,Abbey Road,Pop Rock,1969,UK; England,320k,mp3,0:25,Studio,LP
Adrianne Lenker,terminal paradise,abysskiss,Indie Folk,2018,USA,752k,flac,3:59,Studio,LP
Adrianne Lenker,from,abysskiss,Indie Folk,2018,USA,842k,flac,3:38,Studio,LP
Adrianne Lenker,womb,abysskiss,Indie Folk,2018,USA,819k,flac,2:15,Studio,LP
Adrianne Lenker,out of your mind,abysskiss,Indie Folk,2018,USA,881k,flac,3:51,Studio,LP
Adrianne Lenker,cradle,abysskiss,Indie Folk,2018,USA,736k,flac,3:17,Studio,LP
Adrianne Lenker,symbol,abysskiss,Indie Folk,2018,USA,863k,flac,3:49,Studio,LP
Adrianne Lenker,blue and red horses,abysskiss,Indie Folk,2018,USA,731k,flac,3:17,Studio,LP
Adrianne Lenker,abyss kiss,abysskiss,Indie Folk,2018,USA,831k,flac,3:03,Studio,LP
Adrianne Lenker,what can you say,abysskiss,Indie Folk,2018,USA,809k,flac,2:28,Studio,LP
Adrianne Lenker,10 miles,abysskiss,Indie Folk,2018,USA,776k,flac,4:01,Studio,LP
Aerial M,Dazed and Awake,Aerial M,Post-Rock; Slowcore,1997,USA,680k,flac,5:16,Studio,LP
Aerial M,Aass,Aerial M,Post-Rock; Slowcore,1997,USA,509k,flac,6:05,Studio,LP
Aerial M,Wedding Song No. 2,Aerial M,Post-Rock; Slowcore,1997,USA,386k,flac,5:08,Studio,LP
Aerial M,Rachmaninoff,Aerial M,Post-Rock; Slowcore,1997,USA,346k,flac,1:20,Studio,LP
Aerial M,Skrag Theme,Aerial M,Post-Rock; Slowcore,1997,USA,606k,flac,4:14,Studio,LP
Aerial M,Compassion For M,Aerial M,Post-Rock; Slowcore,1997,USA,546k,flac,5:25,Studio,LP
Aerial M,Always Farewell,Aerial M,Post-Rock; Slowcore,1997,USA,430k,flac,4:15,Studio,LP
Pharoah Sanders,You’ve Got to Have Freedom,Africa,Avant-Garde Jazz,1987,USA,320k,mp3,10:06,Studio,LP
Pharoah Sanders,Naima,Africa,Avant-Garde Jazz,1987,USA,320k,mp3,5:31,Studio,LP
Pharoah Sanders,Origin,Africa,Avant-Garde Jazz,1987,USA,320k,mp3,6:54,Studio,LP
Pharoah Sanders,Speak Low,Africa,Avant-Garde Jazz,1987,USA,320k,mp3,8:08,Studio,LP
Pharoah Sanders,After the Morning,Africa,Avant-Garde Jazz,1987,USA,320k,mp3,6:34,Studio,LP
Pharoah Sanders,Africa,Africa,Avant-Garde Jazz,1987,USA,320k,mp3,8:25,Studio,LP
Pharoah Sanders,Heart to Heart,Africa,Avant-Garde Jazz,1987,USA,320k,mp3,7:22,Studio,LP
Pharoah Sanders,Duo,Africa,Avant-Garde Jazz,1987,USA,320k,mp3,4:32,Studio,LP
John Coltrane,Africa,Africa / Brass,Modal Jazz; Post-Bop,1961,USA,320k,mp3,16:28,Studio,LP
John Coltrane,Greensleeves,Africa / Brass,Modal Jazz; Post-Bop,1961,USA,320k,mp3,10:00,Studio,LP
John Coltrane,Blues Minor,Africa / Brass,Modal Jazz; Post-Bop,1961,USA,320k,mp3,7:22,Studio,LP
John Coltrane,Lonnie's Lament,Afro Blue Impressions,Hard Bop; Post-Bop,1977,USA,904k,flac,10:15,Live,LP
John Coltrane,Naima,Afro Blue Impressions,Hard Bop; Post-Bop,1977,USA,846k,flac,8:05,Live,LP
John Coltrane,Chasin’ the Trane,Afro Blue Impressions,Hard Bop; Post-Bop,1977,USA,953k,flac,5:45,Live,LP
John Coltrane,My Favorite Things,Afro Blue Impressions,Hard Bop; Post-Bop,1977,USA,889k,flac,21:07,Live,LP
John Coltrane,Afro Blue,Afro Blue Impressions,Hard Bop; Post-Bop,1977,USA,833k,flac,7:43,Live,LP
John Coltrane,Cousin Mary,Afro Blue Impressions,Hard Bop; Post-Bop,1977,USA,870k,flac,9:55,Live,LP
John Coltrane,I Want to Talk About You,Afro Blue Impressions,Hard Bop; Post-Bop,1977,USA,812k,flac,8:20,Live,LP
John Coltrane,Spiritual,Afro Blue Impressions,Hard Bop; Post-Bop,1977,USA,926k,flac,12:29,Live,LP
John Coltrane,Impressions,Afro Blue Impressions,Hard Bop; Post-Bop,1977,USA,1007k,flac,11:38,Live,LP
Sigur Rós,Intro,Ágætis byrjun,Post-Rock,1999,Iceland,320k,mp3,1:37,Studio,LP
Sigur Rós,Svefn-g-englar,Ágætis byrjun,Post-Rock,1999,Iceland,320k,mp3,10:04,Studio,LP
Sigur Rós,Starálfur,Ágætis byrjun,Post-Rock,1999,Iceland,320k,mp3,6:46,Studio,LP
Sigur Rós,Flugufrelsarinn,Ágætis byrjun,Post-Rock,1999,Iceland,320k,mp3,7:48,Studio,LP
Sigur Rós,Ný batterí,Ágætis byrjun,Post-Rock,1999,Iceland,320k,mp3,8:10,Studio,LP
Sigur Rós,Hjartað hamast (bamm bamm bamm),Ágætis byrjun,Post-Rock,1999,Iceland,320k,mp3,7:10,Studio,LP
Sigur Rós,Viðrar vel til loftárása,Ágætis byrjun,Post-Rock,1999,Iceland,320k,mp3,10:17,Studio,LP
Sigur Rós,Olsen Olsen,Ágætis byrjun,Post-Rock,1999,Iceland,320k,mp3,8:03,Studio,LP
Sigur Rós,Ágætis byrjun,Ágætis byrjun,Post-Rock,1999,Iceland,320k,mp3,7:55,Studio,LP
Sigur Rós,Avalon,Ágætis byrjun,Post-Rock,1999,Iceland,320k,mp3,4:04,Studio,LP
Steely Dan,Black Cow,Aja,Jazz Rock; Yacht Rock,1977,USA,2995k,flac,5:10,Studio,LP
Steely Dan,Aja,Aja,Jazz Rock; Yacht Rock,1977,USA,3031k,flac,7:57,Studio,LP
Steely Dan,Deacon Blues,Aja,Jazz Rock; Yacht Rock,1977,USA,3022k,flac,7:35,Studio,LP
Steely Dan,Peg,Aja,Jazz Rock; Yacht Rock,1977,USA,3015k,flac,3:57,Studio,LP
Steely Dan,Home At Last,Aja,Jazz Rock; Yacht Rock,1977,USA,2986k,flac,5:35,Studio,LP
Steely Dan,I Got The News,Aja,Jazz Rock; Yacht Rock,1977,USA,2990k,flac,5:07,Studio,LP
Steely Dan,Josie,Aja,Jazz Rock; Yacht Rock,1977,USA,2967k,flac,4:33,Studio,LP
Flipper,Ever,Album – Generic Flipper,Hardcore Punk; Noise Rock,1982,USA,249k VBR,mp3,2:59,Studio,LP
Flipper,Life Is Cheap,Album – Generic Flipper,Hardcore Punk; Noise Rock,1982,USA,247k VBR,mp3,3:56,Studio,LP
Flipper,Shed No Tears,Album – Generic Flipper,Hardcore Punk; Noise Rock,1982,USA,257k VBR,mp3,4:27,Studio,LP
Flipper,(I Saw You) Shine,Album – Generic Flipper,Hardcore Punk; Noise Rock,1982,USA,249k VBR,mp3,8:33,Studio,LP
Flipper,The Way of the World,Album – Generic Flipper,Hardcore Punk; Noise Rock,1982,USA,253k VBR,mp3,4:25,Studio,LP
Flipper,Life,Album – Generic Flipper,Hardcore Punk; Noise Rock,1982,USA,242k VBR,mp3,4:46,Studio,LP
Flipper,Nothing,Album – Generic Flipper,Hardcore Punk; Noise Rock,1982,USA,231k VBR,mp3,2:18,Studio,LP
Flipper,Living for the Depression,Album – Generic Flipper,Hardcore Punk; Noise Rock,1982,USA,250k VBR,mp3,1:25,Studio,LP
Flipper,Sex Bomb,Album – Generic Flipper,Hardcore Punk; Noise Rock,1982,USA,267k VBR,mp3,7:48,Studio,LP
Arvo Pärt,Spiegel im Spiegel,Alina,Minimalism,1999,Estonia,320k,mp3,10:41,Studio,LP
Arvo Pärt,Für Alina,Alina,Minimalism,1999,Estonia,320k,mp3,10:47,Studio,LP
Arvo Pärt,Spiegel im Spiegel,Alina,Minimalism,1999,Estonia,320k,mp3,9:12,Studio,LP
Arvo Pärt,Für Alina,Alina,Minimalism,1999,Estonia,320k,mp3,10:53,Studio,LP
Arvo Pärt,Spiegel im Spiegel,Alina,Minimalism,1999,Estonia,320k,mp3,9:48,Studio,LP
Senyawa,Kekuasaan,Alkisah,Avant-Folk; Southeast Asian Folk Music,2021,Indonesia,530k,flac,0:40,Studio,LP
Senyawa,Alkisah I,Alkisah,Avant-Folk; Southeast Asian Folk Music,2021,Indonesia,837k,flac,9:02,Studio,LP
Senyawa,Menuju Muara,Alkisah,Avant-Folk; Southeast Asian Folk Music,2021,Indonesia,933k,flac,3:06,Studio,LP
Senyawa,Istana,Alkisah,Avant-Folk; Southeast Asian Folk Music,2021,Indonesia,874k,flac,6:55,Studio,LP
Senyawa,Kabau,Alkisah,Avant-Folk; Southeast Asian Folk Music,2021,Indonesia,689k,flac,5:42,Studio,LP
Senyawa,Fasih,Alkisah,Avant-Folk; Southeast Asian Folk Music,2021,Indonesia,714k,flac,3:56,Studio,LP
Senyawa,Alkisah II,Alkisah,Avant-Folk; Southeast Asian Folk Music,2021,Indonesia,763k,flac,6:33,Studio,LP
Senyawa,Kiamat,Alkisah,Avant-Folk; Southeast Asian Folk Music,2021,Indonesia,832k,flac,1:16,Studio,LP
Explosions in the Sky,The Birth and the Death of Day,All of a Sudden I Miss Everyone,Post-Rock,2007,USA,265k VBR,mp3,7:49,Studio,LP
Explosions in the Sky,"Welcome, Ghosts",All of a Sudden I Miss Everyone,Post-Rock,2007,USA,268k VBR,mp3,5:43,Studio,LP
Explosions in the Sky,It's Natural to Be Afraid,All of a Sudden I Miss Everyone,Post-Rock,2007,USA,244k VBR,mp3,13:27,Studio,LP
Explosions in the Sky,What Do You Go Home To?,All of a Sudden I Miss Everyone,Post-Rock,2007,USA,238k VBR,mp3,4:59,Studio,LP
Explosions in the Sky,Catastrophe and the Cure,All of a Sudden I Miss Everyone,Post-Rock,2007,USA,267k VBR,mp3,7:56,Studio,LP
Explosions in the Sky,"So Long, Lonesome",All of a Sudden I Miss Everyone,Post-Rock,2007,USA,245k VBR,mp3,3:40,Studio,LP
Current 93,The Long Shadow Falls,All The Pretty Little Horses,Neofolk,1996,UK; England,320k,mp3,2:15,Studio,LP
Current 93,All The Pretty Little Horsies,All The Pretty Little Horses,Neofolk,1996,UK; England,320k,mp3,2:35,Studio,LP
Current 93,Calling For Vanished Faces I,All The Pretty Little Horses,Neofolk,1996,UK; England,320k,mp3,1:50,Studio,LP
Current 93,The Inmost Night,All The Pretty Little Horses,Neofolk,1996,UK; England,320k,mp3,2:16,Studio,LP
Current 93,The Carnival Is Dead And Gone,All The Pretty Little Horses,Neofolk,1996,UK; England,320k,mp3,3:11,Studio,LP
Current 93,The Bloodbells Chime,All The Pretty Little Horses,Neofolk,1996,UK; England,320k,mp3,2:58,Studio,LP
Current 93,Calling For Vanished Faces II,All The Pretty Little Horses,Neofolk,1996,UK; England,320k,mp3,4:10,Studio,LP
Current 93,The Frolic,All The Pretty Little Horses,Neofolk,1996,UK; England,320k,mp3,8:11,Studio,LP
Current 93,The Inmost Light,All The Pretty Little Horses,Neofolk,1996,UK; England,320k,mp3,1:45,Studio,LP
Current 93,"Twilight, Twilight, Nihil, Nihil",All The Pretty Little Horses,Neofolk,1996,UK; England,320k,mp3,8:22,Studio,LP
Current 93,The Inmost Light Itself,All The Pretty Little Horses,Neofolk,1996,UK; England,320k,mp3,9:29,Studio,LP
Current 93,All The Pretty Little Horses,All The Pretty Little Horses,Neofolk,1996,UK; England,320k,mp3,2:34,Studio,LP
Current 93,Patripassian,All The Pretty Little Horses,Neofolk,1996,UK; England,320k,mp3,5:50,Studio,LP
George Harrison,I'd Have You Anytime,All Things Must Pass,Pop Rock; Folk Rock,1970,UK; England,217k VBR,mp3,3:00,Studio,LP
George Harrison,My Sweet Lord,All Things Must Pass,Pop Rock; Folk Rock,1970,UK; England,231k VBR,mp3,4:43,Studio,LP
George Harrison,Wah-Wah,All Things Must Pass,Pop Rock; Folk Rock,1970,UK; England,248k VBR,mp3,5:39,Studio,LP
George Harrison,Isn't It A Pity (Version One),All Things Must Pass,Pop Rock; Folk Rock,1970,UK; England,232k VBR,mp3,7:10,Studio,LP
George Harrison,What Is Life,All Things Must Pass,Pop Rock; Folk Rock,1970,UK; England,244k VBR,mp3,4:27,Studio,LP
George Harrison,If Not For You,All Things Must Pass,Pop Rock; Folk Rock,1970,UK; England,219k VBR,mp3,3:33,Studio,LP
George Harrison,Behind That Locked Door,All Things Must Pass,Pop Rock; Folk Rock,1970,UK; England,215k VBR,mp3,3:10,Studio,LP
George Harrison,Let It Down,All Things Must Pass,Pop Rock; Folk Rock,1970,UK; England,229k VBR,mp3,5:01,Studio,LP
George Harrison,Run Of The Mill,All Things Must Pass,Pop Rock; Folk Rock,1970,UK; England,221k VBR,mp3,2:52,Studio,LP
George Harrison,Beware Of Darkness,All Things Must Pass,Pop Rock; Folk Rock,1970,UK; England,225k VBR,mp3,3:51,Studio,LP
George Harrison,Apple Scruffs,All Things Must Pass,Pop Rock; Folk Rock,1970,UK; England,245k VBR,mp3,3:09,Studio,LP
George Harrison,Ballad Of Sir Frankie Crisp (Let It Roll),All Things Must Pass,Pop Rock; Folk Rock,1970,UK; England,228k VBR,mp3,3:52,Studio,LP
George Harrison,Awaiting On You All,All Things Must Pass,Pop Rock; Folk Rock,1970,UK; England,229k VBR,mp3,2:50,Studio,LP
George Harrison,All Things Must Pass,All Things Must Pass,Pop Rock; Folk Rock,1970,UK; England,226k VBR,mp3,3:48,Studio,LP
George Harrison,I Dig Love,All Things Must Pass,Pop Rock; Folk Rock,1970,UK; England,219k VBR,mp3,5:00,Studio,LP
George Harrison,Art Of Dying,All Things Must Pass,Pop Rock; Folk Rock,1970,UK; England,227k VBR,mp3,3:43,Studio,LP
George Harrison,Isn't It A Pity (Version Two),All Things Must Pass,Pop Rock; Folk Rock,1970,UK; England,224k VBR,mp3,4:51,Studio,LP
George Harrison,Hear Me Lord,All Things Must Pass,Pop Rock; Folk Rock,1970,UK; England,225k VBR,mp3,5:49,Studio,LP
George Harrison,Out Of The Blue,All Things Must Pass,Pop Rock; Folk Rock,1970,UK; England,236k VBR,mp3,11:17,Studio,LP
George Harrison,It's Johnny's Birthday,All Things Must Pass,Pop Rock; Folk Rock,1970,UK; England,232k VBR,mp3,0:49,Studio,LP
George Harrison,Plug Me In,All Things Must Pass,Pop Rock; Folk Rock,1970,UK; England,231k VBR,mp3,3:22,Studio,LP
George Harrison,I Remember Jeep,All Things Must Pass,Pop Rock; Folk Rock,1970,UK; England,233k VBR,mp3,8:09,Studio,LP
George Harrison,Thanks For The Pepperoni,All Things Must Pass,Pop Rock; Folk Rock,1970,UK; England,238k VBR,mp3,5:32,Studio,LP
Colin Stetson,All This I Do For Glory,All This I Do For Glory,Totalism; Post-Minimalism; Avant-Garde Jazz,2017,Canada; USA,769k,flac,7:19,Studio,LP
Colin Stetson,Like Wolves on the Fold,All This I Do For Glory,Totalism; Post-Minimalism; Avant-Garde Jazz,2017,Canada; USA,786k,flac,7:36,Studio,LP
Colin Stetson,Between Water and Wind,All This I Do For Glory,Totalism; Post-Minimalism; Avant-Garde Jazz,2017,Canada; USA,886k,flac,6:23,Studio,LP
Colin Stetson,Spindrift,All This I Do For Glory,Totalism; Post-Minimalism; Avant-Garde Jazz,2017,Canada; USA,829k,flac,6:27,Studio,LP
Colin Stetson,In the Clinches,All This I Do For Glory,Totalism; Post-Minimalism; Avant-Garde Jazz,2017,Canada; USA,871k,flac,2:47,Studio,LP
Colin Stetson,The Lure of the Mine,All This I Do For Glory,Totalism; Post-Minimalism; Avant-Garde Jazz,2017,Canada; USA,816k,flac,12:59,Studio,LP
Godspeed You! Black Emperor,Mladic,Allelujah! Don't Bend! Ascend!,Post-Rock,2012,Canada,851k,flac,19:53,Studio,LP
Godspeed You! Black Emperor,Their Helicopters' Sing,Allelujah! Don't Bend! Ascend!,Post-Rock,2012,Canada,742k,flac,6:24,Studio,LP
Godspeed You! Black Emperor,We Drift Like Worried Fire,Allelujah! Don't Bend! Ascend!,Post-Rock,2012,Canada,778k,flac,19:57,Studio,LP
Godspeed You! Black Emperor,Strung Like Lights At Thee Printemps Erable,Allelujah! Don't Bend! Ascend!,Post-Rock,2012,Canada,606k,flac,8:28,Studio,LP
Masahiko Satoh & Soundbreakers,Face A,Amalgamation (恍惚の昭和元禄),Avant-Garde Jazz; Free Improvisation,1971,Japan,320k,mp3,15:48,Studio,LP
Masahiko Satoh & Soundbreakers,Face B,Amalgamation (恍惚の昭和元禄),Avant-Garde Jazz; Free Improvisation,1971,Japan,320k,mp3,21:17,Studio,LP
Autechre,Foil,Amber,IDM; Ambient Techno; Ambient,1994,UK; England,714k,flac,6:04,Studio,LP
Autechre,Montreal,Amber,IDM; Ambient Techno; Ambient,1994,UK; England,913k,flac,7:15,Studio,LP
Autechre,Silverside,Amber,IDM; Ambient Techno; Ambient,1994,UK; England,833k,flac,5:31,Studio,LP
Autechre,Slip,Amber,IDM; Ambient Techno; Ambient,1994,UK; England,792k,flac,6:21,Studio,LP
Autechre,Glitch,Amber,IDM; Ambient Techno; Ambient,1994,UK; England,740k,flac,6:15,Studio,LP
Autechre,Piezo,Amber,IDM; Ambient Techno; Ambient,1994,UK; England,846k,flac,8:00,Studio,LP
Autechre,Nine,Amber,IDM; Ambient Techno; Ambient,1994,UK; England,605k,flac,3:40,Studio,LP
Autechre,Further,Amber,IDM; Ambient Techno; Ambient,1994,UK; England,770k,flac,10:07,Studio,LP
Autechre,Yulquen,Amber,IDM; Ambient Techno; Ambient,1994,UK; England,589k,flac,6:37,Studio,LP
Autechre,Nil,Amber,IDM; Ambient Techno; Ambient,1994,UK; England,847k,flac,7:48,Studio,LP
Autechre,Teartear,Amber,IDM; Ambient Techno; Ambient,1994,UK; England,898k,flac,6:45,Studio,LP
Brian Eno,1/1,Ambient 1 - Music For Airports,Ambient,1978,UK; England,208k VBR,mp3,17:25,Studio,LP
Brian Eno,2/1,Ambient 1 - Music For Airports,Ambient,1978,UK; England,217k VBR,mp3,8:54,Studio,LP
Brian Eno,1/2,Ambient 1 - Music For Airports,Ambient,1978,UK; England,229k VBR,mp3,12:05,Studio,LP
Brian Eno,2/2,Ambient 1 - Music For Airports,Ambient,1978,UK; England,216k VBR,mp3,10:08,Studio,LP
American Football,Never Meant,American Football,Midwest Emo; Math Rock,1999,USA,320k,mp3,4:28,Studio,LP
American Football,The Summer Ends,American Football,Midwest Emo; Math Rock,1999,USA,320k,mp3,4:46,Studio,LP
American Football,Honestly,American Football,Midwest Emo; Math Rock,1999,USA,320k,mp3,6:10,Studio,LP
American Football,For Sure,American Football,Midwest Emo; Math Rock,1999,USA,320k,mp3,3:16,Studio,LP
American Football,You Know I Should Be Leaving Soon,American Football,Midwest Emo; Math Rock,1999,USA,320k,mp3,3:43,Studio,LP
American Football,But the Regrets Are Killing Me,American Football,Midwest Emo; Math Rock,1999,USA,320k,mp3,3:54,Studio,LP
American Football,I'll See You When We're Both Not So Emotional,American Football,Midwest Emo; Math Rock,1999,USA,320k,mp3,3:42,Studio,LP
American Football,Stay Home,American Football,Midwest Emo; Math Rock,1999,USA,320k,mp3,8:10,Studio,LP
American Football,The One with the Wurlitzer,American Football,Midwest Emo; Math Rock,1999,USA,320k,mp3,2:43,Studio,LP
Radiohead,Packt Like Sardines In A Crushd Tin Box,Amnesiac,Art Rock; Experimental Rock,2001,UK; England,214k VBR,mp3,4:00,Studio,LP
Radiohead,Pyramid Song,Amnesiac,Art Rock; Experimental Rock,2001,UK; England,221k VBR,mp3,4:48,Studio,LP
Radiohead,Pulk/ Pull Revolving Doors,Amnesiac,Art Rock; Experimental Rock,2001,UK; England,271k VBR,mp3,4:07,Studio,LP
Radiohead,You And Whose Army?,Amnesiac,Art Rock; Experimental Rock,2001,UK; England,226k VBR,mp3,3:11,Studio,LP
Radiohead,I Might Be Wrong,Amnesiac,Art Rock; Experimental Rock,2001,UK; England,256k VBR,mp3,4:53,Studio,LP
Radiohead,Knives Out,Amnesiac,Art Rock; Experimental Rock,2001,UK; England,259k VBR,mp3,4:14,Studio,LP
Radiohead,Morning Bell (Amnesiac),Amnesiac,Art Rock; Experimental Rock,2001,UK; England,279k VBR,mp3,3:14,Studio,LP
Radiohead,Dollars And Cents,Amnesiac,Art Rock; Experimental Rock,2001,UK; England,266k VBR,mp3,4:51,Studio,LP
Radiohead,Hunting Bears,Amnesiac,Art Rock; Experimental Rock,2001,UK; England,227k VBR,mp3,2:01,Studio,LP
Radiohead,Like Spinning Plates,Amnesiac,Art Rock; Experimental Rock,2001,UK; England,234k VBR,mp3,3:57,Studio,LP
Radiohead,Life In A Glasshouse,Amnesiac,Art Rock; Experimental Rock,2001,UK; England,225k VBR,mp3,4:34,Studio,LP
Atoms for Peace,Before Your Very Eyes...,Amok,Glitch Pop; Ambient Pop,2013,UK; England; USA,320k,mp3,5:47,Studio,LP
Atoms for Peace,Default,Amok,Glitch Pop; Ambient Pop,2013,UK; England; USA,320k,mp3,5:15,Studio,LP
Atoms for Peace,Ingenue,Amok,Glitch Pop; Ambient Pop,2013,UK; England; USA,320k,mp3,4:30,Studio,LP
Atoms for Peace,Dropped,Amok,Glitch Pop; Ambient Pop,2013,UK; England; USA,320k,mp3,4:57,Studio,LP
Atoms for Peace,Unless,Amok,Glitch Pop; Ambient Pop,2013,UK; England; USA,320k,mp3,4:40,Studio,LP
Atoms for Peace,Stuck Together Pieces,Amok,Glitch Pop; Ambient Pop,2013,UK; England; USA,320k,mp3,5:28,Studio,LP
Atoms for Peace,Judge Jury and Executioner,Amok,Glitch Pop; Ambient Pop,2013,UK; England; USA,320k,mp3,3:29,Studio,LP
Atoms for Peace,Reverse Running,Amok,Glitch Pop; Ambient Pop,2013,UK; England; USA,320k,mp3,5:06,Studio,LP
Atoms for Peace,Amok,Amok,Glitch Pop; Ambient Pop,2013,UK; England; USA,320k,mp3,5:24,Studio,LP
Alt-J,Intro,An Awesome Wave,Art Pop; Indie Pop,2012,UK; England,320k,mp3,2:37,Studio,LP
Alt-J,❦ (The Ripe & Ruin),An Awesome Wave,Art Pop; Indie Pop,2012,UK; England,320k,mp3,1:12,Studio,LP
Alt-J,Tessellate,An Awesome Wave,Art Pop; Indie Pop,2012,UK; England,320k,mp3,3:02,Studio,LP
Alt-J,Breezeblocks,An Awesome Wave,Art Pop; Indie Pop,2012,UK; England,320k,mp3,3:47,Studio,LP
Alt-J,❦ (Guitar),An Awesome Wave,Art Pop; Indie Pop,2012,UK; England,320k,mp3,1:17,Studio,LP
Alt-J,Something Good,An Awesome Wave,Art Pop; Indie Pop,2012,UK; England,320k,mp3,3:38,Studio,LP
Alt-J,Dissolve Me,An Awesome Wave,Art Pop; Indie Pop,2012,UK; England,320k,mp3,3:59,Studio,LP
Alt-J,Matilda,An Awesome Wave,Art Pop; Indie Pop,2012,UK; England,320k,mp3,3:48,Studio,LP
Alt-J,MS,An Awesome Wave,Art Pop; Indie Pop,2012,UK; England,320k,mp3,3:59,Studio,LP
Alt-J,Fitzpleasure,An Awesome Wave,Art Pop; Indie Pop,2012,UK; England,320k,mp3,3:39,Studio,LP
Alt-J,❦ (Piano),An Awesome Wave,Art Pop; Indie Pop,2012,UK; England,320k,mp3,0:53,Studio,LP
Alt-J,Bloodflood,An Awesome Wave,Art Pop; Indie Pop,2012,UK; England,320k,mp3,4:09,Studio,LP
Alt-J,Taro,An Awesome Wave,Art Pop; Indie Pop,2012,UK; England,320k,mp3,5:05,Studio,LP
Oxbow,The Snake &…,An Evil Heat,Experimental Rock; Noise Rock,2002,USA,801k,flac,2:55,Studio,LP
Oxbow,…The Stick,An Evil Heat,Experimental Rock; Noise Rock,2002,USA,929k,flac,3:37,Studio,LP
Oxbow,S Bar X,An Evil Heat,Experimental Rock; Noise Rock,2002,USA,883k,flac,4:59,Studio,LP
Oxbow,Stallkicker,An Evil Heat,Experimental Rock; Noise Rock,2002,USA,784k,flac,7:44,Studio,LP
Oxbow,Sweetheart,An Evil Heat,Experimental Rock; Noise Rock,2002,USA,879k,flac,5:22,Studio,LP
Oxbow,Sawmill,An Evil Heat,Experimental Rock; Noise Rock,2002,USA,932k,flac,5:32,Studio,LP
Oxbow,Skin,An Evil Heat,Experimental Rock; Noise Rock,2002,USA,806k,flac,5:22,Studio,LP
Oxbow,Sorry,An Evil Heat,Experimental Rock; Noise Rock,2002,USA,880k,flac,7:26,Studio,LP
Mew,Circuitry of the Wolf,And the Glass Handed Kites,Progressive Pop; Dream Pop; Indie Rock,2005,Denmark,1009k,flac,2:46,Studio,LP
Mew,Chinaberry Tree,And the Glass Handed Kites,Progressive Pop; Dream Pop; Indie Rock,2005,Denmark,999k,flac,3:33,Studio,LP
Mew,Why Are You Looking Grave?,And the Glass Handed Kites,Progressive Pop; Dream Pop; Indie Rock,2005,Denmark,1005k,flac,3:50,Studio,LP
Mew,Fox Cub,And the Glass Handed Kites,Progressive Pop; Dream Pop; Indie Rock,2005,Denmark,835k,flac,1:15,Studio,LP
Mew,Apocalypso,And the Glass Handed Kites,Progressive Pop; Dream Pop; Indie Rock,2005,Denmark,1055k,flac,4:46,Studio,LP
Mew,Special,And the Glass Handed Kites,Progressive Pop; Dream Pop; Indie Rock,2005,Denmark,1108k,flac,3:13,Studio,LP
Mew,The Zookeeper’s Boy,And the Glass Handed Kites,Progressive Pop; Dream Pop; Indie Rock,2005,Denmark,1047k,flac,4:43,Studio,LP
Mew,A Dark Design,And the Glass Handed Kites,Progressive Pop; Dream Pop; Indie Rock,2005,Denmark,987k,flac,3:27,Studio,LP
Mew,"Saviours of Jazz Ballet / Fear Me, December",And the Glass Handed Kites,Progressive Pop; Dream Pop; Indie Rock,2005,Denmark,837k,flac,3:20,Studio,LP
Mew,An Envoy to the Open Fields,And the Glass Handed Kites,Progressive Pop; Dream Pop; Indie Rock,2005,Denmark,1021k,flac,3:39,Studio,LP
Mew,Small Ambulance,And the Glass Handed Kites,Progressive Pop; Dream Pop; Indie Rock,2005,Denmark,1003k,flac,1:05,Studio,LP
Mew,The Seething Rain Weeps for You / Uda Pruda,And the Glass Handed Kites,Progressive Pop; Dream Pop; Indie Rock,2005,Denmark,926k,flac,4:15,Studio,LP
Mew,White Lips Kissed,And the Glass Handed Kites,Progressive Pop; Dream Pop; Indie Rock,2005,Denmark,837k,flac,6:45,Studio,LP
Mew,Louise Louisa,And the Glass Handed Kites,Progressive Pop; Dream Pop; Indie Rock,2005,Denmark,831k,flac,7:15,Studio,LP
Mew,Forever and Ever,And the Glass Handed Kites,Progressive Pop; Dream Pop; Indie Rock,2005,Denmark,711k,flac,4:20,Studio,LP
Mew,Shiroi Kuchibiruno Izanai (White Lips Kissed) (Japanese version),And the Glass Handed Kites,Progressive Pop; Dream Pop; Indie Rock,2005,Denmark,895k,flac,5:34,Studio,LP
Stars Of The Lid,Dungtitled (In A Major),And Their Refinement Of The Decline,Ambient; Drone,2007,USA; Belgium,192k,mp3,5:54,Studio,LP
Stars Of The Lid,Articulate Silences Part 1,And Their Refinement Of The Decline,Ambient; Drone,2007,USA; Belgium,192k,mp3,5:24,Studio,LP
Stars Of The Lid,Articulate Silences Part 2,And Their Refinement Of The Decline,Ambient; Drone,2007,USA; Belgium,192k,mp3,5:37,Studio,LP
Stars Of The Lid,The Evil That Never Arrived,And Their Refinement Of The Decline,Ambient; Drone,2007,USA; Belgium,192k,mp3,5:05,Studio,LP
Stars Of The Lid,Apreludes (In C Sharp Major),And Their Refinement Of The Decline,Ambient; Drone,2007,USA; Belgium,192k,mp3,3:44,Studio,LP
Stars Of The Lid,Don't Bother They're Here,And Their Refinement Of The Decline,Ambient; Drone,2007,USA; Belgium,192k,mp3,10:10,Studio,LP
Stars Of The Lid,Dopamine Clouds Over Craven Cottage,And Their Refinement Of The Decline,Ambient; Drone,2007,USA; Belgium,192k,mp3,5:55,Studio,LP
Stars Of The Lid,Even If You're Never Awake (Deuxieme),And Their Refinement Of The Decline,Ambient; Drone,2007,USA; Belgium,192k,mp3,9:20,Studio,LP
Stars Of The Lid,Even (Out) +,And Their Refinement Of The Decline,Ambient; Drone,2007,USA; Belgium,192k,mp3,4:51,Studio,LP
Stars Of The Lid,A Meaningful Moment Through A Meaning(Less) Process,And Their Refinement Of The Decline,Ambient; Drone,2007,USA; Belgium,192k,mp3,4:32,Studio,LP
Stars Of The Lid,Another Ballad For Heavy Lids,And Their Refinement Of The Decline,Ambient; Drone,2007,USA; Belgium,192k,mp3,4:32,Studio,LP
Stars Of The Lid,The Daughters Of Queit Minds,And Their Refinement Of The Decline,Ambient; Drone,2007,USA; Belgium,192k,mp3,13:21,Studio,LP
Stars Of The Lid,Hiberner Toujours,And Their Refinement Of The Decline,Ambient; Drone,2007,USA; Belgium,192k,mp3,1:49,Studio,LP
Stars Of The Lid,That Finger On Your Temple Is The Barrel Of My Raygun,And Their Refinement Of The Decline,Ambient; Drone,2007,USA; Belgium,192k,mp3,5:04,Studio,LP
Stars Of The Lid,Humectez La Mouture,And Their Refinement Of The Decline,Ambient; Drone,2007,USA; Belgium,192k,mp3,5:31,Studio,LP
Stars Of The Lid,Tippy's Demise,And Their Refinement Of The Decline,Ambient; Drone,2007,USA; Belgium,192k,mp3,8:18,Studio,LP
Stars Of The Lid,The Mouthchew,And Their Refinement Of The Decline,Ambient; Drone,2007,USA; Belgium,192k,mp3,3:40,Studio,LP
Stars Of The Lid,December Hunting For Vegetarian Fuckface,And Their Refinement Of The Decline,Ambient; Drone,2007,USA; Belgium,192k,mp3,17:45,Studio,LP
Thom Yorke,Traffic,ANIMA,Glitch Pop; Ambient Pop,2019,UK; England,320k,mp3,5:18,Studio,LP
Thom Yorke,Last I Heard (...He Was Circling the Drain),ANIMA,Glitch Pop; Ambient Pop,2019,UK; England,320k,mp3,5:06,Studio,LP
Thom Yorke,Twist,ANIMA,Glitch Pop; Ambient Pop,2019,UK; England,320k,mp3,7:03,Studio,LP
Thom Yorke,Dawn Chorus,ANIMA,Glitch Pop; Ambient Pop,2019,UK; England,320k,mp3,5:23,Studio,LP
Thom Yorke,I Am a Very Rude Person,ANIMA,Glitch Pop; Ambient Pop,2019,UK; England,320k,mp3,3:44,Studio,LP
Thom Yorke,Not The News,ANIMA,Glitch Pop; Ambient Pop,2019,UK; England,320k,mp3,3:57,Studio,LP
Thom Yorke,The Axe,ANIMA,Glitch Pop; Ambient Pop,2019,UK; England,320k,mp3,6:59,Studio,LP
Thom Yorke,Impossible Knots,ANIMA,Glitch Pop; Ambient Pop,2019,UK; England,320k,mp3,4:19,Studio,LP
Thom Yorke,Runwayaway,ANIMA,Glitch Pop; Ambient Pop,2019,UK; England,320k,mp3,5:56,Studio,LP
Pink Floyd,Pigs On The Wing (part 1),Animals,Progressive Rock; Art Rock,1977,UK; England,116k VBR,mp3,1:25,Studio,LP
Pink Floyd,Dogs,Animals,Progressive Rock; Art Rock,1977,UK; England,154k VBR,mp3,17:05,Studio,LP
Pink Floyd,Pigs (Three Different Ones),Animals,Progressive Rock; Art Rock,1977,UK; England,152k VBR,mp3,11:26,Studio,LP
Pink Floyd,Sheep,Animals,Progressive Rock; Art Rock,1977,UK; England,147k VBR,mp3,10:18,Studio,LP
Pink Floyd,Pigs On The Wing (part 2),Animals,Progressive Rock; Art Rock,1977,UK; England,152k VBR,mp3,1:28,Studio,LP
Brian Eno,Sky Saw,Another Green World,Ambient; Art Rock,1975,UK; England,192k,mp3,3:27,Studio,LP
Brian Eno,Over Fire Island,Another Green World,Ambient; Art Rock,1975,UK; England,192k,mp3,1:51,Studio,LP
Brian Eno,St. Elmo's Fire,Another Green World,Ambient; Art Rock,1975,UK; England,192k,mp3,3:03,Studio,LP
Brian Eno,In Dark Trees,Another Green World,Ambient; Art Rock,1975,UK; England,192k,mp3,2:30,Studio,LP
Brian Eno,The Big Ship,Another Green World,Ambient; Art Rock,1975,UK; England,192k,mp3,3:03,Studio,LP
Brian Eno,I'll Come Running,Another Green World,Ambient; Art Rock,1975,UK; England,192k,mp3,3:50,Studio,LP
Brian Eno,Another Green World,Another Green World,Ambient; Art Rock,1975,UK; England,192k,mp3,1:36,Studio,LP
Brian Eno,Sombre Reptiles,Another Green World,Ambient; Art Rock,1975,UK; England,192k,mp3,2:25,Studio,LP
Brian Eno,Little Fishes,Another Green World,Ambient; Art Rock,1975,UK; England,192k,mp3,1:30,Studio,LP
Brian Eno,Golden Hours,Another Green World,Ambient; Art Rock,1975,UK; England,192k,mp3,4:00,Studio,LP
Brian Eno,Becalmed,Another Green World,Ambient; Art Rock,1975,UK; England,192k,mp3,3:56,Studio,LP
Brian Eno,Zawinullava,Another Green World,Ambient; Art Rock,1975,UK; England,192k,mp3,3:00,Studio,LP
Brian Eno,Everything Merges With The Night,Another Green World,Ambient; Art Rock,1975,UK; England,192k,mp3,3:59,Studio,LP
Brian Eno,Spirits Drifting,Another Green World,Ambient; Art Rock,1975,UK; England,192k,mp3,2:51,Studio,LP
honeydip,P.J.,Another Sunny Day,Shoegaze; Space Rock Revival,2000,Japan,246k,m4a,0:29,Studio,LP
honeydip,Summer's Gone -second season ver-,Another Sunny Day,Shoegaze; Space Rock Revival,2000,Japan,1003k,flac,6:51,Studio,LP
honeydip,Evening Calm,Another Sunny Day,Shoegaze; Space Rock Revival,2000,Japan,1014k,flac,6:52,Studio,LP
honeydip,Waiting for the Light,Another Sunny Day,Shoegaze; Space Rock Revival,2000,Japan,948k,flac,5:30,Studio,LP
honeydip,d‐31,Another Sunny Day,Shoegaze; Space Rock Revival,2000,Japan,834k,flac,1:15,Studio,LP
honeydip,Stargazer,Another Sunny Day,Shoegaze; Space Rock Revival,2000,Japan,925k,flac,12:29,Studio,LP
honeydip,JAB‐LOW,Another Sunny Day,Shoegaze; Space Rock Revival,2000,Japan,1039k,flac,7:09,Studio,LP
honeydip,Cosmic Parade,Another Sunny Day,Shoegaze; Space Rock Revival,2000,Japan,1050k,flac,4:38,Studio,LP
honeydip,Summer’s Gone -2024.11.17 live-,Another Sunny Day,Shoegaze; Space Rock Revival,2000,Japan,1015k,flac,5:40,Studio,LP
honeydip,Summer’s Gone -Good Acres House remix-,Another Sunny Day,Shoegaze; Space Rock Revival,2000,Japan,888k,flac,5:49,Studio,LP
Interpol,Next Exit,Antics,Post-Punk Revival,2004,USA,320k,mp3,3:20,Studio,LP
Interpol,Evil,Antics,Post-Punk Revival,2004,USA,320k,mp3,3:35,Studio,LP
Interpol,Narc,Antics,Post-Punk Revival,2004,USA,320k,mp3,4:07,Studio,LP
Interpol,Take You On A Cruise,Antics,Post-Punk Revival,2004,USA,320k,mp3,4:54,Studio,LP
Interpol,Slow Hands,Antics,Post-Punk Revival,2004,USA,320k,mp3,3:04,Studio,LP
Interpol,Not Even Jail,Antics,Post-Punk Revival,2004,USA,320k,mp3,5:46,Studio,LP
Interpol,Public Pervert,Antics,Post-Punk Revival,2004,USA,320k,mp3,4:40,Studio,LP
Interpol,C'mere,Antics,Post-Punk Revival,2004,USA,320k,mp3,3:11,Studio,LP
Interpol,Length Of Love,Antics,Post-Punk Revival,2004,USA,320k,mp3,4:06,Studio,LP
Interpol,A Time To Be So Small,Antics,Post-Punk Revival,2004,USA,320k,mp3,4:50,Studio,LP
"Black Country, New Road",Intro,Ants From Up There,Art Rock; Chamber Pop; Indie Rock,2022,UK; England,802k,flac,0:54,Studio,LP
"Black Country, New Road",Chaos Space Marine,Ants From Up There,Art Rock; Chamber Pop; Indie Rock,2022,UK; England,823k,flac,3:36,Studio,LP
"Black Country, New Road",Concorde,Ants From Up There,Art Rock; Chamber Pop; Indie Rock,2022,UK; England,781k,flac,6:03,Studio,LP
"Black Country, New Road",Bread Song,Ants From Up There,Art Rock; Chamber Pop; Indie Rock,2022,UK; England,734k,flac,6:21,Studio,LP
"Black Country, New Road",Good Will Hunting,Ants From Up There,Art Rock; Chamber Pop; Indie Rock,2022,UK; England,787k,flac,4:57,Studio,LP
"Black Country, New Road",Haldern,Ants From Up There,Art Rock; Chamber Pop; Indie Rock,2022,UK; England,715k,flac,5:05,Studio,LP
"Black Country, New Road",Mark’s Theme,Ants From Up There,Art Rock; Chamber Pop; Indie Rock,2022,UK; England,630k,flac,2:47,Studio,LP
"Black Country, New Road",The Place Where He Inserted the Blade,Ants From Up There,Art Rock; Chamber Pop; Indie Rock,2022,UK; England,774k,flac,7:13,Studio,LP
"Black Country, New Road",Snow Globes,Ants From Up There,Art Rock; Chamber Pop; Indie Rock,2022,UK; England,754k,flac,9:13,Studio,LP
"Black Country, New Road",Basketball Shoes,Ants From Up There,Art Rock; Chamber Pop; Indie Rock,2022,UK; England,739k,flac,12:37,Studio,LP
Duster,Four Hours,"Apex, Trance-Like",Slowcore; Slacker Rock; Space Rock Revival,1998,USA,192k,mp3,3:39,Studio,EP
Duster,Light Years,"Apex, Trance-Like",Slowcore; Slacker Rock; Space Rock Revival,1998,USA,192k,mp3,3:31,Studio,EP
Masayoshi Fujita,Tears of Unicorn,Apologues,Modern Classical,2015,Japan,320k,mp3,5:51,Studio,LP
Masayoshi Fujita,Moonlight,Apologues,Modern Classical,2015,Japan,320k,mp3,4:57,Studio,LP
Masayoshi Fujita,Swallow Flies High in the May Sky,Apologues,Modern Classical,2015,Japan,320k,mp3,5:02,Studio,LP
Masayoshi Fujita,Beautiful Shimmer,Apologues,Modern Classical,2015,Japan,320k,mp3,4:06,Studio,LP
Masayoshi Fujita,Flag,Apologues,Modern Classical,2015,Japan,320k,mp3,4:07,Studio,LP
Masayoshi Fujita,Knight and Spirit of Lake,Apologues,Modern Classical,2015,Japan,320k,mp3,6:46,Studio,LP
Masayoshi Fujita,Puppet's Strange Dream Circus Band,Apologues,Modern Classical,2015,Japan,320k,mp3,4:20,Studio,LP
Masayoshi Fujita,Requiem,Apologues,Modern Classical,2015,Japan,320k,mp3,4:42,Studio,LP
Masayuki Takayanagi New Direction Unit,We Have Existed,April Is the Cruellest Month,Free Improvisation; Free Jazz,1991,Japan,320k,mp3,10:26,Studio,LP
Masayuki Takayanagi New Direction Unit,What Have We Given?,April Is the Cruellest Month,Free Improvisation; Free Jazz,1991,Japan,320k,mp3,6:49,Studio,LP
Masayuki Takayanagi New Direction Unit,"My Friend, Blood Shaking My Heart",April Is the Cruellest Month,Free Improvisation; Free Jazz,1991,Japan,320k,mp3,19:48,Studio,LP
The Jimi Hendrix Experience,Foxy Lady,Are You Experienced,Blues Rock; Psychedelic Rock; Acid Rock,1967,USA; UK; England,905k,flac,3:17,Studio,LP
The Jimi Hendrix Experience,Manic Depression,Are You Experienced,Blues Rock; Psychedelic Rock; Acid Rock,1967,USA; UK; England,955k,flac,3:42,Studio,LP
The Jimi Hendrix Experience,Red House,Are You Experienced,Blues Rock; Psychedelic Rock; Acid Rock,1967,USA; UK; England,829k,flac,3:44,Studio,LP
The Jimi Hendrix Experience,Can You See Me,Are You Experienced,Blues Rock; Psychedelic Rock; Acid Rock,1967,USA; UK; England,889k,flac,2:33,Studio,LP
The Jimi Hendrix Experience,Love or Confusion,Are You Experienced,Blues Rock; Psychedelic Rock; Acid Rock,1967,USA; UK; England,920k,flac,3:13,Studio,LP
The Jimi Hendrix Experience,I Don't Live Today,Are You Experienced,Blues Rock; Psychedelic Rock; Acid Rock,1967,USA; UK; England,892k,flac,3:54,Studio,LP
The Jimi Hendrix Experience,May This Be Love,Are You Experienced,Blues Rock; Psychedelic Rock; Acid Rock,1967,USA; UK; England,859k,flac,3:11,Studio,LP
The Jimi Hendrix Experience,Fire,Are You Experienced,Blues Rock; Psychedelic Rock; Acid Rock,1967,USA; UK; England,926k,flac,2:45,Studio,LP
The Jimi Hendrix Experience,Third Stone From the Sun,Are You Experienced,Blues Rock; Psychedelic Rock; Acid Rock,1967,USA; UK; England,838k,flac,6:41,Studio,LP
The Jimi Hendrix Experience,Remember,Are You Experienced,Blues Rock; Psychedelic Rock; Acid Rock,1967,USA; UK; England,760k,flac,2:46,Studio,LP
The Jimi Hendrix Experience,Are You Experienced?,Are You Experienced,Blues Rock; Psychedelic Rock; Acid Rock,1967,USA; UK; England,956k,flac,4:11,Studio,LP
The Jimi Hendrix Experience,Purple Haze,Are You Experienced?,Blues Rock; Psychedelic Rock; Acid Rock,1967,USA; UK; England,320k,mp3,2:52,Studio,LP
The Jimi Hendrix Experience,Manic Depression,Are You Experienced?,Blues Rock; Psychedelic Rock; Acid Rock,1967,USA; UK; England,320k,mp3,3:44,Studio,LP
The Jimi Hendrix Experience,Hey Joe,Are You Experienced?,Blues Rock; Psychedelic Rock; Acid Rock,1967,USA; UK; England,320k,mp3,3:32,Studio,LP
The Jimi Hendrix Experience,Love Or Confusion,Are You Experienced?,Blues Rock; Psychedelic Rock; Acid Rock,1967,USA; UK; England,320k,mp3,3:15,Studio,LP
The Jimi Hendrix Experience,May This Be Love,Are You Experienced?,Blues Rock; Psychedelic Rock; Acid Rock,1967,USA; UK; England,320k,mp3,3:12,Studio,LP
The Jimi Hendrix Experience,I Don't Live Today,Are You Experienced?,Blues Rock; Psychedelic Rock; Acid Rock,1967,USA; UK; England,320k,mp3,3:55,Studio,LP
The Jimi Hendrix Experience,The Wind Cries Mary,Are You Experienced?,Blues Rock; Psychedelic Rock; Acid Rock,1967,USA; UK; England,320k,mp3,3:22,Studio,LP
The Jimi Hendrix Experience,Fire,Are You Experienced?,Blues Rock; Psychedelic Rock; Acid Rock,1967,USA; UK; England,320k,mp3,2:45,Studio,LP
The Jimi Hendrix Experience,Third Stone From The Sun,Are You Experienced?,Blues Rock; Psychedelic Rock; Acid Rock,1967,USA; UK; England,320k,mp3,6:47,Studio,LP
The Jimi Hendrix Experience,Foxey Lady,Are You Experienced?,Blues Rock; Psychedelic Rock; Acid Rock,1967,USA; UK; England,320k,mp3,3:22,Studio,LP
The Jimi Hendrix Experience,Are You Experienced?,Are You Experienced?,Blues Rock; Psychedelic Rock; Acid Rock,1967,USA; UK; England,320k,mp3,4:13,Studio,LP
Satanicpornocultshop,Next Year's Snow,Arkhaiomelisidonophunikheratos,Plunderphonics; Folktronica; Glitch Pop,2010,Japan,320k,mp3,5:20,Studio,LP
Satanicpornocultshop,[r.i.p] Tide,Arkhaiomelisidonophunikheratos,Plunderphonics; Folktronica; Glitch Pop,2010,Japan,320k,mp3,2:57,Studio,LP
Satanicpornocultshop,Saddam Fed Bird While Jailed,Arkhaiomelisidonophunikheratos,Plunderphonics; Folktronica; Glitch Pop,2010,Japan,320k,mp3,4:09,Studio,LP
Satanicpornocultshop,2 More Heads Sprouted!,Arkhaiomelisidonophunikheratos,Plunderphonics; Folktronica; Glitch Pop,2010,Japan,320k,mp3,4:08,Studio,LP
Satanicpornocultshop,Feed Me w ) ur Kiss,Arkhaiomelisidonophunikheratos,Plunderphonics; Folktronica; Glitch Pop,2010,Japan,320k,mp3,3:50,Studio,LP
Satanicpornocultshop,Glaneurs,Arkhaiomelisidonophunikheratos,Plunderphonics; Folktronica; Glitch Pop,2010,Japan,320k,mp3,4:45,Studio,LP
Satanicpornocultshop,Pinky,Arkhaiomelisidonophunikheratos,Plunderphonics; Folktronica; Glitch Pop,2010,Japan,320k,mp3,3:05,Studio,LP
Satanicpornocultshop,Custom Drum Destroyer,Arkhaiomelisidonophunikheratos,Plunderphonics; Folktronica; Glitch Pop,2010,Japan,320k,mp3,3:41,Studio,LP
Satanicpornocultshop,Left Handed Darling,Arkhaiomelisidonophunikheratos,Plunderphonics; Folktronica; Glitch Pop,2010,Japan,320k,mp3,2:29,Studio,LP
Satanicpornocultshop,9 Headed Monster,Arkhaiomelisidonophunikheratos,Plunderphonics; Folktronica; Glitch Pop,2010,Japan,320k,mp3,4:08,Studio,LP
Satanicpornocultshop,Paradise,Arkhaiomelisidonophunikheratos,Plunderphonics; Folktronica; Glitch Pop,2010,Japan,320k,mp3,3:47,Studio,LP
Satanicpornocultshop,Kanariya,Arkhaiomelisidonophunikheratos,Plunderphonics; Folktronica; Glitch Pop,2010,Japan,320k,mp3,1:57,Studio,LP
Satanicpornocultshop,Nido,Arkhaiomelisidonophunikheratos,Plunderphonics; Folktronica; Glitch Pop,2010,Japan,320k,mp3,5:53,Studio,LP
Satanicpornocultshop,Next Year's Snow,Arkhaiomelisidonophunikheratos,Plunderphonics; Folktronica; Glitch Pop,2010,Japan,320k,mp3,1:42,Studio,LP
Satanicpornocultshop,Comment Te Dire Adieu?,Arkhaiomelisidonophunikheratos,Plunderphonics; Folktronica; Glitch Pop,2010,Japan,320k,mp3,2:41,Studio,LP
John Coltrane,Ascension: Edition II,Ascension,Free Jazz; Spiritual Jazz,1965,USA,256k,mp3,40:58,Studio,LP
John Coltrane,Ascension: Edition I,Ascension,Free Jazz; Spiritual Jazz,1965,USA,256k,mp3,38:30,Studio,LP
Krzysztof Komeda Quintet,Astigmatic,Astigmatic,Avant-Garde Jazz; Post-Bop,1965,Poland,320k,mp3,23:10,Studio,LP
Krzysztof Komeda Quintet,Kattorna,Astigmatic,Avant-Garde Jazz; Post-Bop,1965,Poland,320k,mp3,7:36,Studio,LP
Krzysztof Komeda Quintet,Svantetic,Astigmatic,Avant-Garde Jazz; Post-Bop,1965,Poland,320k,mp3,16:00,Studio,LP
Godspeed You! Black Emperor,Peasantry or ‘Light! Inside of Light!’,"Asunder, Sweet and Other Distress",Post-Rock; Drone,2015,Canada,860k,flac,10:28,Studio,LP
Godspeed You! Black Emperor,Lambs’ Breath,"Asunder, Sweet and Other Distress",Post-Rock; Drone,2015,Canada,586k,flac,9:52,Studio,LP
Godspeed You! Black Emperor,"Asunder, Sweet","Asunder, Sweet and Other Distress",Post-Rock; Drone,2015,Canada,696k,flac,6:13,Studio,LP
Godspeed You! Black Emperor,Piss Crowns Are Trebled,"Asunder, Sweet and Other Distress",Post-Rock; Drone,2015,Canada,849k,flac,13:50,Studio,LP
Shellac,My Black Ass,At Action Park,Post-Hardcore; Noise Rock; Math Rock,1994,USA,256k,mp3,3:00,Studio,LP
Shellac,Pull the Cup,At Action Park,Post-Hardcore; Noise Rock; Math Rock,1994,USA,256k,mp3,4:12,Studio,LP
Shellac,The Admiral,At Action Park,Post-Hardcore; Noise Rock; Math Rock,1994,USA,256k,mp3,2:21,Studio,LP
Shellac,Crow,At Action Park,Post-Hardcore; Noise Rock; Math Rock,1994,USA,256k,mp3,4:47,Studio,LP
Shellac,Song of the Minerals,At Action Park,Post-Hardcore; Noise Rock; Math Rock,1994,USA,256k,mp3,4:24,Studio,LP
Shellac,A Minute,At Action Park,Post-Hardcore; Noise Rock; Math Rock,1994,USA,256k,mp3,3:40,Studio,LP
Shellac,The Idea of North,At Action Park,Post-Hardcore; Noise Rock; Math Rock,1994,USA,256k,mp3,3:42,Studio,LP
Shellac,Dog and Pony Show,At Action Park,Post-Hardcore; Noise Rock; Math Rock,1994,USA,256k,mp3,3:59,Studio,LP
Shellac,Boche's Dick,At Action Park,Post-Hardcore; Noise Rock; Math Rock,1994,USA,256k,mp3,1:38,Studio,LP
Shellac,Il Porno Star,At Action Park,Post-Hardcore; Noise Rock; Math Rock,1994,USA,256k,mp3,5:14,Studio,LP
Harold Budd,Arabesque 3,Avalon Sutra,Ambient; New Age; Minimalism; Classical,2005,USA,320k,mp3,2:40,Studio,LP
Harold Budd,It's Steeper Near the Roses (For David Sylvian),Avalon Sutra,Ambient; New Age; Minimalism; Classical,2005,USA,320k,mp3,1:02,Studio,LP
Harold Budd,L'Enfant perdu,Avalon Sutra,Ambient; New Age; Minimalism; Classical,2005,USA,320k,mp3,2:14,Studio,LP
Harold Budd,Chrysalis Nu (To Barney's Memory),Avalon Sutra,Ambient; New Age; Minimalism; Classical,2005,USA,320k,mp3,1:59,Studio,LP
Harold Budd,Three Faces West (Billy Al Bengston's),Avalon Sutra,Ambient; New Age; Minimalism; Classical,2005,USA,320k,mp3,2:49,Studio,LP
Harold Budd,Arabesque 2,Avalon Sutra,Ambient; New Age; Minimalism; Classical,2005,USA,320k,mp3,3:02,Studio,LP
Harold Budd,Little Heart,Avalon Sutra,Ambient; New Age; Minimalism; Classical,2005,USA,320k,mp3,7:40,Studio,LP
Harold Budd,How Vacantly You Stare at Me,Avalon Sutra,Ambient; New Age; Minimalism; Classical,2005,USA,320k,mp3,4:01,Studio,LP
Harold Budd,A Walk in the Park With Nancy (In Memory),Avalon Sutra,Ambient; New Age; Minimalism; Classical,2005,USA,320k,mp3,5:55,Studio,LP
Harold Budd,Rue Casimir Delavigne (For Daniel Lentz),Avalon Sutra,Ambient; New Age; Minimalism; Classical,2005,USA,320k,mp3,5:28,Studio,LP
Harold Budd,Arabesque 1,Avalon Sutra,Ambient; New Age; Minimalism; Classical,2005,USA,320k,mp3,1:56,Studio,LP
Harold Budd,Porcelain Ginger,Avalon Sutra,Ambient; New Age; Minimalism; Classical,2005,USA,320k,mp3,2:01,Studio,LP
Harold Budd,Faraon,Avalon Sutra,Ambient; New Age; Minimalism; Classical,2005,USA,320k,mp3,1:23,Studio,LP
Harold Budd,As Long as I Can Hold My Breath,Avalon Sutra,Ambient; New Age; Minimalism; Classical,2005,USA,320k,mp3,3:47,Studio,LP
Harold Budd,As Long as I Can Hold My Breath,Avalon Sutra,Ambient; New Age; Minimalism; Classical,2005,USA,320k,mp3,69:28,Studio,LP
Julia Holter,Turn the Light On,Aviary,Progressive Pop; Art Pop; Experimental; Ambient Pop,2018,USA,909k,flac,4:16,Studio,LP
Julia Holter,Whether,Aviary,Progressive Pop; Art Pop; Experimental; Ambient Pop,2018,USA,903k,flac,2:58,Studio,LP
Julia Holter,Chaitius,Aviary,Progressive Pop; Art Pop; Experimental; Ambient Pop,2018,USA,741k,flac,8:10,Studio,LP
Julia Holter,Voce Simul,Aviary,Progressive Pop; Art Pop; Experimental; Ambient Pop,2018,USA,606k,flac,6:34,Studio,LP
Julia Holter,Everyday Is an Emergency,Aviary,Progressive Pop; Art Pop; Experimental; Ambient Pop,2018,USA,731k,flac,7:45,Studio,LP
Julia Holter,Another Dream,Aviary,Progressive Pop; Art Pop; Experimental; Ambient Pop,2018,USA,680k,flac,6:07,Studio,LP
Julia Holter,I Shall Love 2,Aviary,Progressive Pop; Art Pop; Experimental; Ambient Pop,2018,USA,905k,flac,5:18,Studio,LP
Julia Holter,Underneath the Moon,Aviary,Progressive Pop; Art Pop; Experimental; Ambient Pop,2018,USA,947k,flac,6:49,Studio,LP
Julia Holter,Colligere,Aviary,Progressive Pop; Art Pop; Experimental; Ambient Pop,2018,USA,751k,flac,6:11,Studio,LP
Julia Holter,In Gardens' Muteness,Aviary,Progressive Pop; Art Pop; Experimental; Ambient Pop,2018,USA,582k,flac,6:36,Studio,LP
Julia Holter,I Would Rather See,Aviary,Progressive Pop; Art Pop; Experimental; Ambient Pop,2018,USA,733k,flac,4:51,Studio,LP
Julia Holter,Les Jeux to You,Aviary,Progressive Pop; Art Pop; Experimental; Ambient Pop,2018,USA,808k,flac,6:18,Studio,LP
Julia Holter,Words I Heard,Aviary,Progressive Pop; Art Pop; Experimental; Ambient Pop,2018,USA,769k,flac,6:39,Studio,LP
Julia Holter,I Shall Love 1,Aviary,Progressive Pop; Art Pop; Experimental; Ambient Pop,2018,USA,886k,flac,5:09,Studio,LP
Julia Holter,Why Sad Song,Aviary,Progressive Pop; Art Pop; Experimental; Ambient Pop,2018,USA,621k,flac,6:07,Studio,LP
The Jimi Hendrix Experience,EXP,Axis: Bold as Love,Psychedelic Rock; Blues Rock; Acid Rock,1967,USA; UK; England,2580k,flac,1:58,Studio,LP
The Jimi Hendrix Experience,Up From the Skies,Axis: Bold as Love,Psychedelic Rock; Blues Rock; Acid Rock,1967,USA; UK; England,2789k,flac,2:58,Studio,LP
The Jimi Hendrix Experience,Spanish Castle Magic,Axis: Bold as Love,Psychedelic Rock; Blues Rock; Acid Rock,1967,USA; UK; England,2849k,flac,3:03,Studio,LP
The Jimi Hendrix Experience,Wait Until Tomorrow,Axis: Bold as Love,Psychedelic Rock; Blues Rock; Acid Rock,1967,USA; UK; England,2824k,flac,3:05,Studio,LP
The Jimi Hendrix Experience,Ain’t No Telling,Axis: Bold as Love,Psychedelic Rock; Blues Rock; Acid Rock,1967,USA; UK; England,2825k,flac,1:49,Studio,LP
The Jimi Hendrix Experience,Little Wing,Axis: Bold as Love,Psychedelic Rock; Blues Rock; Acid Rock,1967,USA; UK; England,2736k,flac,2:31,Studio,LP
The Jimi Hendrix Experience,If 6 Was 9,Axis: Bold as Love,Psychedelic Rock; Blues Rock; Acid Rock,1967,USA; UK; England,2808k,flac,5:39,Studio,LP
The Jimi Hendrix Experience,You Got Me Floatin’,Axis: Bold as Love,Psychedelic Rock; Blues Rock; Acid Rock,1967,USA; UK; England,2852k,flac,2:50,Studio,LP
The Jimi Hendrix Experience,Castles Made of Sand,Axis: Bold as Love,Psychedelic Rock; Blues Rock; Acid Rock,1967,USA; UK; England,2734k,flac,2:49,Studio,LP
The Jimi Hendrix Experience,She’s So Fine,Axis: Bold as Love,Psychedelic Rock; Blues Rock; Acid Rock,1967,USA; UK; England,2873k,flac,2:39,Studio,LP
The Jimi Hendrix Experience,One Rainy Wish,Axis: Bold as Love,Psychedelic Rock; Blues Rock; Acid Rock,1967,USA; UK; England,2803k,flac,3:46,Studio,LP
The Jimi Hendrix Experience,Little Miss Lover,Axis: Bold as Love,Psychedelic Rock; Blues Rock; Acid Rock,1967,USA; UK; England,2824k,flac,2:28,Studio,LP
The Jimi Hendrix Experience,Bold as Love,Axis: Bold as Love,Psychedelic Rock; Blues Rock; Acid Rock,1967,USA; UK; England,2850k,flac,4:13,Studio,LP
Sigur Rós,Ba Ba,Ba Ba Ti Ki Di Do,Ambient; Glitch,2004,Iceland,320k,mp3,6:12,Studio,EP
Sigur Rós,Ti Ki,Ba Ba Ti Ki Di Do,Ambient; Glitch,2004,Iceland,320k,mp3,8:49,Studio,EP
Sigur Rós,Di Do,Ba Ba Ti Ki Di Do,Ambient; Glitch,2004,Iceland,320k,mp3,5:42,Studio,EP
Sonic Youth,Intro,Bad Moon Rising,Noise Rock; No Wave,1985,USA,320k,mp3,1:10,Studio,LP
Sonic Youth,Brave Men Run (In My Family),Bad Moon Rising,Noise Rock; No Wave,1985,USA,320k,mp3,3:39,Studio,LP
Sonic Youth,Society Is A Hole,Bad Moon Rising,Noise Rock; No Wave,1985,USA,320k,mp3,5:54,Studio,LP
Sonic Youth,I Love Her All The Time,Bad Moon Rising,Noise Rock; No Wave,1985,USA,320k,mp3,7:27,Studio,LP
Sonic Youth,Ghost Bitch,Bad Moon Rising,Noise Rock; No Wave,1985,USA,320k,mp3,5:39,Studio,LP
Sonic Youth,I'm Insane,Bad Moon Rising,Noise Rock; No Wave,1985,USA,320k,mp3,4:03,Studio,LP
Sonic Youth,Justice Is Might,Bad Moon Rising,Noise Rock; No Wave,1985,USA,320k,mp3,4:23,Studio,LP
Sonic Youth,Death Valley '69,Bad Moon Rising,Noise Rock; No Wave,1985,USA,320k,mp3,5:07,Studio,LP
Sonic Youth,Satan Is Boring,Bad Moon Rising,Noise Rock; No Wave,1985,USA,320k,mp3,4:59,Studio,LP
Sonic Youth,Flower,Bad Moon Rising,Noise Rock; No Wave,1985,USA,320k,mp3,3:33,Studio,LP
Sonic Youth,Halloween,Bad Moon Rising,Noise Rock; No Wave,1985,USA,320k,mp3,5:05,Studio,LP
Dirty Beaches,Speedway King,Badlands,Hypnagogic Pop; Slacker Rock; Experimental Rock,2011,Canada; Taiwan,320k,mp3,3:29,Studio,LP
Dirty Beaches,Horses,Badlands,Hypnagogic Pop; Slacker Rock; Experimental Rock,2011,Canada; Taiwan,320k,mp3,4:07,Studio,LP
Dirty Beaches,Sweet 17,Badlands,Hypnagogic Pop; Slacker Rock; Experimental Rock,2011,Canada; Taiwan,320k,mp3,3:25,Studio,LP
Dirty Beaches,A Hundred Highways,Badlands,Hypnagogic Pop; Slacker Rock; Experimental Rock,2011,Canada; Taiwan,320k,mp3,4:43,Studio,LP
Dirty Beaches,True Blue,Badlands,Hypnagogic Pop; Slacker Rock; Experimental Rock,2011,Canada; Taiwan,320k,mp3,2:51,Studio,LP
Dirty Beaches,Lord Knows Best,Badlands,Hypnagogic Pop; Slacker Rock; Experimental Rock,2011,Canada; Taiwan,320k,mp3,3:24,Studio,LP
Dirty Beaches,Black Nylon,Badlands,Hypnagogic Pop; Slacker Rock; Experimental Rock,2011,Canada; Taiwan,320k,mp3,2:50,Studio,LP
Dirty Beaches,Hotel,Badlands,Hypnagogic Pop; Slacker Rock; Experimental Rock,2011,Canada; Taiwan,320k,mp3,2:02,Studio,LP
Various Artists,Ballet Ramayana (extrait),Bali & Sri Lanka (Gamelan et tambours des îles),Gamelan,1992,Indonesia; Sri Lanka,320k,mp3,6:57,Studio,LP
Various Artists,Barong ou danse du Kriss,Bali & Sri Lanka (Gamelan et tambours des îles),Gamelan,1992,Indonesia; Sri Lanka,320k,mp3,7:21,Studio,LP
Various Artists,Procession des offrandes,Bali & Sri Lanka (Gamelan et tambours des îles),Gamelan,1992,Indonesia; Sri Lanka,320k,mp3,1:37,Studio,LP
Various Artists,Ketjak ou danse des singes,Bali & Sri Lanka (Gamelan et tambours des îles),Gamelan,1992,Indonesia; Sri Lanka,320k,mp3,5:45,Studio,LP
Various Artists,Gender Wayang: Ansarun,Bali & Sri Lanka (Gamelan et tambours des îles),Gamelan,1992,Indonesia; Sri Lanka,320k,mp3,2:28,Studio,LP
Various Artists,Pendet,Bali & Sri Lanka (Gamelan et tambours des îles),Gamelan,1992,Indonesia; Sri Lanka,320k,mp3,3:04,Studio,LP
Various Artists,Legong,Bali & Sri Lanka (Gamelan et tambours des îles),Gamelan,1992,Indonesia; Sri Lanka,320k,mp3,4:24,Studio,LP
Various Artists,Tambours au temple de la dent,Bali & Sri Lanka (Gamelan et tambours des îles),Gamelan,1992,Indonesia; Sri Lanka,320k,mp3,2:37,Studio,LP
Various Artists,La Bienvenue,Bali & Sri Lanka (Gamelan et tambours des îles),Gamelan,1992,Indonesia; Sri Lanka,320k,mp3,3:25,Studio,LP
Various Artists,Tambours et cymbalettes,Bali & Sri Lanka (Gamelan et tambours des îles),Gamelan,1992,Indonesia; Sri Lanka,320k,mp3,2:19,Studio,LP
Various Artists,Tambours et grelôts,Bali & Sri Lanka (Gamelan et tambours des îles),Gamelan,1992,Indonesia; Sri Lanka,320k,mp3,4:55,Studio,LP
Various Artists,Tambours de Kandy,Bali & Sri Lanka (Gamelan et tambours des îles),Gamelan,1992,Indonesia; Sri Lanka,320k,mp3,9:52,Studio,LP
John Coltrane,Say It (Over And Over Again),Ballads,Cool Jazz,1963,USA,3052k,flac,4:20,Studio,LP
John Coltrane,You Don't Know What Love Is,Ballads,Cool Jazz,1963,USA,3172k,flac,5:16,Studio,LP
John Coltrane,Too Young To Go Steady,Ballads,Cool Jazz,1963,USA,3065k,flac,4:24,Studio,LP
John Coltrane,All Or Nothing At All,Ballads,Cool Jazz,1963,USA,3256k,flac,3:41,Studio,LP
John Coltrane,I Wish I Knew,Ballads,Cool Jazz,1963,USA,3018k,flac,4:56,Studio,LP
John Coltrane,What's New,Ballads,Cool Jazz,1963,USA,3128k,flac,3:48,Studio,LP
John Coltrane,It's Easy To Remember,Ballads,Cool Jazz,1963,USA,3028k,flac,2:50,Studio,LP
John Coltrane,Nancy (With The Laughing Face),Ballads,Cool Jazz,1963,USA,2985k,flac,3:14,Studio,LP
The Pentangle,Light Flight,Basket of Light,Folk Rock; Folk Baroque,2001,UK; England,128k,mp3,3:17,Studio,LP
The Pentangle,Once I Had a Sweetheart,Basket of Light,Folk Rock; Folk Baroque,2001,UK; England,128k,mp3,4:41,Studio,LP
The Pentangle,Springtime Promises,Basket of Light,Folk Rock; Folk Baroque,2001,UK; England,128k,mp3,4:07,Studio,LP
The Pentangle,Lyke-Wake Dirge,Basket of Light,Folk Rock; Folk Baroque,2001,UK; England,128k,mp3,3:35,Studio,LP
The Pentangle,Train Song,Basket of Light,Folk Rock; Folk Baroque,2001,UK; England,128k,mp3,4:45,Studio,LP
The Pentangle,Hunting Song,Basket of Light,Folk Rock; Folk Baroque,2001,UK; England,128k,mp3,6:44,Studio,LP
The Pentangle,Sally Go Round the Roses,Basket of Light,Folk Rock; Folk Baroque,2001,UK; England,128k,mp3,3:38,Studio,LP
The Pentangle,The Cuckoo,Basket of Light,Folk Rock; Folk Baroque,2001,UK; England,128k,mp3,4:28,Studio,LP
The Pentangle,House Carpenter,Basket of Light,Folk Rock; Folk Baroque,2001,UK; England,128k,mp3,5:28,Studio,LP
The Pentangle,Sally Go Round the Roses (alternate version),Basket of Light,Folk Rock; Folk Baroque,2001,UK; England,128k,mp3,3:40,Studio,LP
The Pentangle,Sally Go Round the Roses (alternate version),Basket of Light,Folk Rock; Folk Baroque,2001,UK; England,128k,mp3,3:42,Studio,LP
The Pentangle,Cold Mountain (B-side single),Basket of Light,Folk Rock; Folk Baroque,2001,UK; England,128k,mp3,2:02,Studio,LP
The Pentangle,I Saw an Angel (B-side single),Basket of Light,Folk Rock; Folk Baroque,2001,UK; England,128k,mp3,2:52,Studio,LP
BADBADNOTGOOD,Earl,BBNG2,Jazz Fusion,2012,Canada,320k,mp3,3:46,Studio,LP
BADBADNOTGOOD,Vices,BBNG2,Jazz Fusion,2012,Canada,320k,mp3,4:40,Studio,LP
BADBADNOTGOOD,Rotten Decay,BBNG2,Jazz Fusion,2012,Canada,320k,mp3,6:31,Studio,LP
BADBADNOTGOOD,Limit To Your Love,BBNG2,Jazz Fusion,2012,Canada,320k,mp3,4:30,Studio,LP
BADBADNOTGOOD,Bastard / Lemonade,BBNG2,Jazz Fusion,2012,Canada,320k,mp3,7:04,Studio,LP
BADBADNOTGOOD,CHSTR,BBNG2,Jazz Fusion,2012,Canada,320k,mp3,5:25,Studio,LP
BADBADNOTGOOD,UWM,BBNG2,Jazz Fusion,2012,Canada,320k,mp3,6:02,Studio,LP
BADBADNOTGOOD,DMZ,BBNG2,Jazz Fusion,2012,Canada,320k,mp3,5:12,Studio,LP
BADBADNOTGOOD,CMYK,BBNG2,Jazz Fusion,2012,Canada,320k,mp3,5:16,Studio,LP
BADBADNOTGOOD,Flashing Lights,BBNG2,Jazz Fusion,2012,Canada,320k,mp3,7:17,Studio,LP
BADBADNOTGOOD,You Made Me Realise,BBNG2,Jazz Fusion,2012,Canada,320k,mp3,5:21,Studio,LP
Bowery Electric,Beat,Beat,Trip Hop; Shoegaze; Post-Rock,1996,USA,320k,mp3,7:16,Studio,LP
Bowery Electric,Empty Words,Beat,Trip Hop; Shoegaze; Post-Rock,1996,USA,320k,mp3,3:45,Studio,LP
Bowery Electric,Without Stopping,Beat,Trip Hop; Shoegaze; Post-Rock,1996,USA,320k,mp3,5:14,Studio,LP
Bowery Electric,Under The Sun,Beat,Trip Hop; Shoegaze; Post-Rock,1996,USA,320k,mp3,3:32,Studio,LP
Bowery Electric,Fear Of Flying,Beat,Trip Hop; Shoegaze; Post-Rock,1996,USA,320k,mp3,5:39,Studio,LP
Bowery Electric,Looped,Beat,Trip Hop; Shoegaze; Post-Rock,1996,USA,320k,mp3,2:39,Studio,LP
Bowery Electric,Black Light,Beat,Trip Hop; Shoegaze; Post-Rock,1996,USA,320k,mp3,6:53,Studio,LP
Bowery Electric,Inside Out,Beat,Trip Hop; Shoegaze; Post-Rock,1996,USA,320k,mp3,7:19,Studio,LP
Bowery Electric,Coming Down,Beat,Trip Hop; Shoegaze; Post-Rock,1996,USA,320k,mp3,4:38,Studio,LP
Bowery Electric,Postscript,Beat,Trip Hop; Shoegaze; Post-Rock,1996,USA,320k,mp3,16:41,Studio,LP
Yellow Swans,Foil,Being There,Drone; Noise,2010,USA,128k,mp3,18:13,Studio,Compilation
Yellow Swans,Comedy Hypnosis,Being There,Drone; Noise,2010,USA,128k,mp3,16:28,Studio,Compilation
Yellow Swans,Public Space,Being There,Drone; Noise,2010,USA,128k,mp3,17:46,Studio,Compilation
Yellow Swans,Inhabitants,Being There,Drone; Noise,2010,USA,128k,mp3,15:57,Studio,Compilation
Sun Kil Moon,Carissa,Benji,Contemporary Folk; Americana,2014,USA,320k,mp3,6:55,Studio,LP
Sun Kil Moon,I Can't Live Without My Mother's Love,Benji,Contemporary Folk; Americana,2014,USA,320k,mp3,3:59,Studio,LP
Sun Kil Moon,Truck Driver,Benji,Contemporary Folk; Americana,2014,USA,320k,mp3,3:55,Studio,LP
Sun Kil Moon,Dogs,Benji,Contemporary Folk; Americana,2014,USA,320k,mp3,5:36,Studio,LP
Sun Kil Moon,Pray For Newtown,Benji,Contemporary Folk; Americana,2014,USA,320k,mp3,4:08,Studio,LP
Sun Kil Moon,Jim Wise,Benji,Contemporary Folk; Americana,2014,USA,320k,mp3,3:34,Studio,LP
Sun Kil Moon,I Love My Dad,Benji,Contemporary Folk; Americana,2014,USA,320k,mp3,6:16,Studio,LP
Sun Kil Moon,I Watched The Film The Song Remains The Same,Benji,Contemporary Folk; Americana,2014,USA,320k,mp3,10:31,Studio,LP
Sun Kil Moon,Richard Ramirez Died Today of Natural Causes,Benji,Contemporary Folk; Americana,2014,USA,320k,mp3,5:34,Studio,LP
Sun Kil Moon,Micheline,Benji,Contemporary Folk; Americana,2014,USA,320k,mp3,6:06,Studio,LP
Sun Kil Moon,Ben's My Friend,Benji,Contemporary Folk; Americana,2014,USA,320k,mp3,5:16,Studio,LP
Sun Kil Moon,Micheline (Live),Benji,Contemporary Folk; Americana,2014,USA,320k,mp3,7:17,Studio,LP
Sun Kil Moon,Richard Ramirez Died Today of Natural Causes (Live),Benji,Contemporary Folk; Americana,2014,USA,320k,mp3,6:50,Studio,LP
Sun Kil Moon,I Love My Dad (Live),Benji,Contemporary Folk; Americana,2014,USA,320k,mp3,6:04,Studio,LP
Sun Kil Moon,I Can't Live Without My Mother's Love (Live),Benji,Contemporary Folk; Americana,2014,USA,320k,mp3,4:18,Studio,LP
Sun Kil Moon,Truck Driver (Live),Benji,Contemporary Folk; Americana,2014,USA,320k,mp3,4:09,Studio,LP
Miles Davis,Great Expectations,Big Fun,Jazz Fusion; Avant-Garde Jazz,1974,USA,820k,flac,27:26,Studio,LP
Miles Davis,IFE,Big Fun,Jazz Fusion; Avant-Garde Jazz,1974,USA,820k,flac,21:35,Studio,LP
Miles Davis,Go Ahead John,Big Fun,Jazz Fusion; Avant-Garde Jazz,1974,USA,801k,flac,28:27,Studio,LP
Miles Davis,Lonely fire,Big Fun,Jazz Fusion; Avant-Garde Jazz,1974,USA,801k,flac,21:21,Studio,LP
Björk,Moon,Biophilia,Art Pop; Electronic,2011,Iceland,699k,flac,5:45,Studio,LP
Björk,Thunderbolt,Biophilia,Art Pop; Electronic,2011,Iceland,754k,flac,5:15,Studio,LP
Björk,Crystalline,Biophilia,Art Pop; Electronic,2011,Iceland,933k,flac,5:08,Studio,LP
Björk,Cosmogony,Biophilia,Art Pop; Electronic,2011,Iceland,664k,flac,5:00,Studio,LP
Björk,Dark Matter,Biophilia,Art Pop; Electronic,2011,Iceland,576k,flac,3:22,Studio,LP
Björk,Hollow,Biophilia,Art Pop; Electronic,2011,Iceland,635k,flac,5:49,Studio,LP
Björk,Virus,Biophilia,Art Pop; Electronic,2011,Iceland,799k,flac,5:26,Studio,LP
Björk,Sacrifice,Biophilia,Art Pop; Electronic,2011,Iceland,786k,flac,4:02,Studio,LP
Björk,Mutual Core,Biophilia,Art Pop; Electronic,2011,Iceland,771k,flac,5:06,Studio,LP
Björk,Solstice,Biophilia,Art Pop; Electronic,2011,Iceland,567k,flac,4:41,Studio,LP
Masayoshi Fujita & Jan Jelinek,Undercurrent,"Bird, Lake, Objects",Ambient; Electroacoustic,2010,Germany; Japan,128k,mp3,8:50,Studio,LP
Masayoshi Fujita & Jan Jelinek,Workshop for Modernity,"Bird, Lake, Objects",Ambient; Electroacoustic,2010,Germany; Japan,128k,mp3,5:06,Studio,LP
Masayoshi Fujita & Jan Jelinek,I'll Change Your Life,"Bird, Lake, Objects",Ambient; Electroacoustic,2010,Germany; Japan,128k,mp3,8:05,Studio,LP
Masayoshi Fujita & Jan Jelinek,Waltz (A Lonely Crowd),"Bird, Lake, Objects",Ambient; Electroacoustic,2010,Germany; Japan,128k,mp3,7:03,Studio,LP
Masayoshi Fujita & Jan Jelinek,Stripped to RM,"Bird, Lake, Objects",Ambient; Electroacoustic,2010,Germany; Japan,128k,mp3,6:00,Studio,LP
Masayoshi Fujita & Jan Jelinek,IA_AI,"Bird, Lake, Objects",Ambient; Electroacoustic,2010,Germany; Japan,128k,mp3,4:08,Studio,LP
Masayoshi Fujita & Jan Jelinek,"Bird, Lake, Objects Linernotes","Bird, Lake, Objects",Ambient; Electroacoustic,2010,Germany; Japan,128k,mp3,6:57,Studio,LP
Eiafuawn,Bunny,Birds In The Ground,Slacker Rock,2006,USA,239k VBR,mp3,2:47,Studio,LP
Eiafuawn,No More Like That,Birds In The Ground,Slacker Rock,2006,USA,236k VBR,mp3,2:05,Studio,LP
Eiafuawn,Birds,Birds In The Ground,Slacker Rock,2006,USA,231k VBR,mp3,2:57,Studio,LP
Eiafuawn,The Voice Of Music,Birds In The Ground,Slacker Rock,2006,USA,226k VBR,mp3,2:55,Studio,LP
Eiafuawn,Bees,Birds In The Ground,Slacker Rock,2006,USA,237k VBR,mp3,3:20,Studio,LP
Eiafuawn,The Coffin Was So Light I Thought It Might Float Away,Birds In The Ground,Slacker Rock,2006,USA,240k VBR,mp3,3:51,Studio,LP
Eiafuawn,Good God Y'all,Birds In The Ground,Slacker Rock,2006,USA,218k VBR,mp3,3:08,Studio,LP
Eiafuawn,Secret Gypsy Language,Birds In The Ground,Slacker Rock,2006,USA,233k VBR,mp3,4:20,Studio,LP
Eiafuawn,On A Peoplemover,Birds In The Ground,Slacker Rock,2006,USA,216k VBR,mp3,2:05,Studio,LP
Eiafuawn,Two Thousand Twelve,Birds In The Ground,Slacker Rock,2006,USA,222k VBR,mp3,3:03,Studio,LP
Eiafuawn,The Drunk Pilot And The Romantic Passenger,Birds In The Ground,Slacker Rock,2006,USA,258k VBR,mp3,2:00,Studio,LP
Eiafuawn,Modulator Hustle?,Birds In The Ground,Slacker Rock,2006,USA,234k VBR,mp3,4:47,Studio,LP
Miles Davis,Pharaoh’s Dance,Bitches Brew,Jazz Fusion; Avant-Garde Jazz,1970,USA,2844k,flac,20:05,Studio,LP
Miles Davis,Bitches Brew,Bitches Brew,Jazz Fusion; Avant-Garde Jazz,1970,USA,2876k,flac,26:57,Studio,LP
Miles Davis,Spanish Key,Bitches Brew,Jazz Fusion; Avant-Garde Jazz,1970,USA,3000k,flac,17:32,Studio,LP
Miles Davis,John McLaughlin,Bitches Brew,Jazz Fusion; Avant-Garde Jazz,1970,USA,2975k,flac,4:23,Studio,LP
Miles Davis,Miles Runs the Voodoo Down,Bitches Brew,Jazz Fusion; Avant-Garde Jazz,1970,USA,2949k,flac,14:01,Studio,LP
Miles Davis,Sanctuary,Bitches Brew,Jazz Fusion; Avant-Garde Jazz,1970,USA,2879k,flac,10:57,Studio,LP
Bob Dylan,Tangled Up In Blue,Blood On The Tracks,Folk Rock,1975,USA,320k,mp3,5:41,Studio,LP
Bob Dylan,Simple Twist Of Fate,Blood On The Tracks,Folk Rock,1975,USA,320k,mp3,4:17,Studio,LP
Bob Dylan,You're A Big Girl Now,Blood On The Tracks,Folk Rock,1975,USA,320k,mp3,4:34,Studio,LP
Bob Dylan,Idiot Wind,Blood On The Tracks,Folk Rock,1975,USA,320k,mp3,7:47,Studio,LP
Bob Dylan,You're Gonna Make Me Lonesome When You Go,Blood On The Tracks,Folk Rock,1975,USA,320k,mp3,2:55,Studio,LP
Bob Dylan,Meet Me In The Morning,Blood On The Tracks,Folk Rock,1975,USA,320k,mp3,4:21,Studio,LP
Bob Dylan,"Lily, Rosemary and the Jack of Hearts",Blood On The Tracks,Folk Rock,1975,USA,320k,mp3,8:52,Studio,LP
Bob Dylan,"If You See Her, Say Hello",Blood On The Tracks,Folk Rock,1975,USA,320k,mp3,4:48,Studio,LP
Bob Dylan,Shelter From The Storm,Blood On The Tracks,Folk Rock,1975,USA,320k,mp3,5:01,Studio,LP
Bob Dylan,Buckets Of Rain,Blood On The Tracks,Folk Rock,1975,USA,320k,mp3,3:22,Studio,LP
John Coltrane,Blue Train,Blue Train,Hard Bop,1958,USA,202k VBR,mp3,10:41,Studio,LP
John Coltrane,Moment's Notice,Blue Train,Hard Bop,1958,USA,204k VBR,mp3,9:09,Studio,LP
John Coltrane,Locomotion,Blue Train,Hard Bop,1958,USA,202k VBR,mp3,7:13,Studio,LP
John Coltrane,I'm Old Fashioned,Blue Train,Hard Bop,1958,USA,206k VBR,mp3,7:57,Studio,LP
John Coltrane,Lazy Bird,Blue Train,Hard Bop,1958,USA,204k VBR,mp3,7:05,Studio,LP
John Coltrane,Blue Train (Alternate Take),Blue Train,Hard Bop,1958,USA,202k VBR,mp3,9:56,Studio,LP
John Coltrane,Lazy Bird (Alternate Take),Blue Train,Hard Bop,1958,USA,204k VBR,mp3,7:14,Studio,LP
Jonny Greenwood,Moon Trills,Bodysong.,Experimental; Avant-Garde Jazz; Modern Classical,2003,UK; England,320k,mp3,5:18,Studio,LP
Jonny Greenwood,Moon Mall,Bodysong.,Experimental; Avant-Garde Jazz; Modern Classical,2003,UK; England,320k,mp3,1:11,Studio,LP
Jonny Greenwood,Trench,Bodysong.,Experimental; Avant-Garde Jazz; Modern Classical,2003,UK; England,320k,mp3,2:39,Studio,LP
Jonny Greenwood,Iron Swallow,Bodysong.,Experimental; Avant-Garde Jazz; Modern Classical,2003,UK; England,320k,mp3,2:09,Studio,LP
Jonny Greenwood,Clockwork Tin Soldiers,Bodysong.,Experimental; Avant-Garde Jazz; Modern Classical,2003,UK; England,320k,mp3,3:49,Studio,LP
Jonny Greenwood,Convergence,Bodysong.,Experimental; Avant-Garde Jazz; Modern Classical,2003,UK; England,320k,mp3,4:26,Studio,LP
Jonny Greenwood,Nudnik Headache,Bodysong.,Experimental; Avant-Garde Jazz; Modern Classical,2003,UK; England,320k,mp3,2:16,Studio,LP
Jonny Greenwood,Peartree,Bodysong.,Experimental; Avant-Garde Jazz; Modern Classical,2003,UK; England,320k,mp3,3:06,Studio,LP
Jonny Greenwood,Splitter,Bodysong.,Experimental; Avant-Garde Jazz; Modern Classical,2003,UK; England,320k,mp3,3:57,Studio,LP
Jonny Greenwood,Bode Radio / Glass Light / Broken Hearts,Bodysong.,Experimental; Avant-Garde Jazz; Modern Classical,2003,UK; England,320k,mp3,4:36,Studio,LP
Jonny Greenwood,24 Hour Charleston,Bodysong.,Experimental; Avant-Garde Jazz; Modern Classical,2003,UK; England,320k,mp3,2:39,Studio,LP
Jonny Greenwood,Milky Drops from Heaven,Bodysong.,Experimental; Avant-Garde Jazz; Modern Classical,2003,UK; England,320k,mp3,4:44,Studio,LP
Jonny Greenwood,Tehellet,Bodysong.,Experimental; Avant-Garde Jazz; Modern Classical,2003,UK; England,320k,mp3,3:37,Studio,LP
Pretend,Two-Too High,"Bones in the Soil, Rust in the Oil",Post-Rock,2009,USA,320k,mp3,4:49,Studio,LP
Pretend,"Bones in the Soil, Rust in the Oil","Bones in the Soil, Rust in the Oil",Post-Rock,2009,USA,320k,mp3,13:05,Studio,LP
Pretend,Alive in the Tone,"Bones in the Soil, Rust in the Oil",Post-Rock,2009,USA,320k,mp3,5:01,Studio,LP
Pretend,Those Luminous Noises Are God,"Bones in the Soil, Rust in the Oil",Post-Rock,2009,USA,320k,mp3,7:50,Studio,LP
Pretend,"Legs to Walk Us, to Drop Us","Bones in the Soil, Rust in the Oil",Post-Rock,2009,USA,320k,mp3,4:05,Studio,LP
Pretend,Holy Destination,"Bones in the Soil, Rust in the Oil",Post-Rock,2009,USA,320k,mp3,5:20,Studio,LP
Pretend,Dream Shiver,"Bones in the Soil, Rust in the Oil",Post-Rock,2009,USA,320k,mp3,7:49,Studio,LP
Pretend,Flairs,"Bones in the Soil, Rust in the Oil",Post-Rock,2009,USA,320k,mp3,12:38,Studio,LP
Pretend,Guided Spirits-Guided Souls,"Bones in the Soil, Rust in the Oil",Post-Rock,2009,USA,320k,mp3,6:16,Studio,LP
Pretend,Spiral Born Black Into the Upwards Night,"Bones in the Soil, Rust in the Oil",Post-Rock,2009,USA,320k,mp3,10:32,Studio,LP
Boris,"Feedbacker, Part 1",Boris at Last -Feedbacker-,Drone; Psychedelic Rock; Noise Rock,2005,Japan,320k,mp3,9:37,Studio,LP
Boris,"Feedbacker, Part 2",Boris at Last -Feedbacker-,Drone; Psychedelic Rock; Noise Rock,2005,Japan,320k,mp3,14:53,Studio,LP
Boris,"Feedbacker, Part 3",Boris at Last -Feedbacker-,Drone; Psychedelic Rock; Noise Rock,2005,Japan,320k,mp3,5:52,Studio,LP
Boris,"Feedbacker, Part 4",Boris at Last -Feedbacker-,Drone; Psychedelic Rock; Noise Rock,2005,Japan,320k,mp3,9:51,Studio,LP
Boris,"Feedbacker, Part 5",Boris at Last -Feedbacker-,Drone; Psychedelic Rock; Noise Rock,2005,Japan,320k,mp3,3:32,Studio,LP
Charli xcx,360,BRAT,Electropop; Electronic Dance Music,2024,UK; England,1589k,flac,2:13,Studio,LP
Charli xcx,Club classics,BRAT,Electropop; Electronic Dance Music,2024,UK; England,1671k,flac,2:33,Studio,LP
Charli xcx,Sympathy is a knife,BRAT,Electropop; Electronic Dance Music,2024,UK; England,1743k,flac,2:31,Studio,LP
Charli xcx,I might say something stupid,BRAT,Electropop; Electronic Dance Music,2024,UK; England,1517k,flac,1:49,Studio,LP
Charli xcx,Talk talk,BRAT,Electropop; Electronic Dance Music,2024,UK; England,1732k,flac,2:41,Studio,LP
Charli xcx,Von dutch,BRAT,Electropop; Electronic Dance Music,2024,UK; England,1685k,flac,2:44,Studio,LP
Charli xcx,Everything is romantic,BRAT,Electropop; Electronic Dance Music,2024,UK; England,1626k,flac,3:23,Studio,LP
Charli xcx,Rewind,BRAT,Electropop; Electronic Dance Music,2024,UK; England,1666k,flac,2:48,Studio,LP
Charli xcx,So I,BRAT,Electropop; Electronic Dance Music,2024,UK; England,1519k,flac,3:31,Studio,LP
Charli xcx,"Girl, so confusing",BRAT,Electropop; Electronic Dance Music,2024,UK; England,1618k,flac,2:54,Studio,LP
Charli xcx,Apple,BRAT,Electropop; Electronic Dance Music,2024,UK; England,1617k,flac,2:31,Studio,LP
Charli xcx,B2b,BRAT,Electropop; Electronic Dance Music,2024,UK; England,1654k,flac,2:58,Studio,LP
Charli xcx,Mean girls,BRAT,Electropop; Electronic Dance Music,2024,UK; England,1608k,flac,3:09,Studio,LP
Charli xcx,I think about it all the time,BRAT,Electropop; Electronic Dance Music,2024,UK; England,1582k,flac,2:15,Studio,LP
Charli xcx,365,BRAT,Electropop; Electronic Dance Music,2024,UK; England,1572k,flac,3:23,Studio,LP
Adrianne Lenker,Real House,Bright Future,Contemporary Folk,2024,USA,926k,flac,5:58,Studio,LP
Adrianne Lenker,Sadness As A Gift,Bright Future,Contemporary Folk,2024,USA,1202k,flac,4:19,Studio,LP
Adrianne Lenker,Fool,Bright Future,Contemporary Folk,2024,USA,1312k,flac,2:54,Studio,LP
Adrianne Lenker,No Machine,Bright Future,Contemporary Folk,2024,USA,1282k,flac,3:00,Studio,LP
Adrianne Lenker,Free Treasure,Bright Future,Contemporary Folk,2024,USA,1217k,flac,3:35,Studio,LP
Adrianne Lenker,Vampire Empire,Bright Future,Contemporary Folk,2024,USA,1248k,flac,3:55,Studio,LP
Adrianne Lenker,Evol,Bright Future,Contemporary Folk,2024,USA,1139k,flac,4:14,Studio,LP
Adrianne Lenker,Candleflame,Bright Future,Contemporary Folk,2024,USA,1294k,flac,2:34,Studio,LP
Adrianne Lenker,Already Lost,Bright Future,Contemporary Folk,2024,USA,1314k,flac,3:27,Studio,LP
Adrianne Lenker,Cell Phone Says,Bright Future,Contemporary Folk,2024,USA,1316k,flac,2:38,Studio,LP
Adrianne Lenker,Donut Seam,Bright Future,Contemporary Folk,2024,USA,1421k,flac,2:25,Studio,LP
Adrianne Lenker,Ruined,Bright Future,Contemporary Folk,2024,USA,1049k,flac,4:32,Studio,LP
Squid,Resolution Square,Bright Green Field,Post-Punk; Art Punk; Experimental Rock,2021,UK; England,388k,flac,0:40,Studio,LP
Squid,G.S.K.,Bright Green Field,Post-Punk; Art Punk; Experimental Rock,2021,UK; England,958k,flac,3:10,Studio,LP
Squid,Narrator (feat. Martha Skye Murphy),Bright Green Field,Post-Punk; Art Punk; Experimental Rock,2021,UK; England,1003k,flac,8:28,Studio,LP
Squid,Boy Racers,Bright Green Field,Post-Punk; Art Punk; Experimental Rock,2021,UK; England,854k,flac,7:34,Studio,LP
Squid,Paddling,Bright Green Field,Post-Punk; Art Punk; Experimental Rock,2021,UK; England,930k,flac,6:15,Studio,LP
Squid,Documentary Filmmaker,Bright Green Field,Post-Punk; Art Punk; Experimental Rock,2021,UK; England,585k,flac,4:55,Studio,LP
Squid,2010,Bright Green Field,Post-Punk; Art Punk; Experimental Rock,2021,UK; England,965k,flac,4:28,Studio,LP
Squid,The Flyover,Bright Green Field,Post-Punk; Art Punk; Experimental Rock,2021,UK; England,608k,flac,1:10,Studio,LP
Squid,Peel St.,Bright Green Field,Post-Punk; Art Punk; Experimental Rock,2021,UK; England,935k,flac,4:52,Studio,LP
Squid,Global Groove,Bright Green Field,Post-Punk; Art Punk; Experimental Rock,2021,UK; England,759k,flac,5:06,Studio,LP
Squid,Pamphlets,Bright Green Field,Post-Punk; Art Punk; Experimental Rock,2021,UK; England,974k,flac,8:03,Studio,LP
Bob Dylan,Subterranean Homesick Blues,Bringing It All Back Home,Folk Rock; Contemporary Folk,1965,USA,320k,mp3,2:21,Studio,LP
Bob Dylan,She Belongs To Me,Bringing It All Back Home,Folk Rock; Contemporary Folk,1965,USA,320k,mp3,2:49,Studio,LP
Bob Dylan,Maggie's Farm,Bringing It All Back Home,Folk Rock; Contemporary Folk,1965,USA,320k,mp3,3:57,Studio,LP
Bob Dylan,"Love Minus Zero, No Limit",Bringing It All Back Home,Folk Rock; Contemporary Folk,1965,USA,320k,mp3,2:51,Studio,LP
Bob Dylan,Outlaw Blues,Bringing It All Back Home,Folk Rock; Contemporary Folk,1965,USA,320k,mp3,3:06,Studio,LP
Bob Dylan,On The Road Again,Bringing It All Back Home,Folk Rock; Contemporary Folk,1965,USA,320k,mp3,2:37,Studio,LP
Bob Dylan,Bob Dylan's 115th Dream,Bringing It All Back Home,Folk Rock; Contemporary Folk,1965,USA,320k,mp3,6:33,Studio,LP
Bob Dylan,Mr. Tambourine Man,Bringing It All Back Home,Folk Rock; Contemporary Folk,1965,USA,320k,mp3,5:28,Studio,LP
Bob Dylan,Gates Of Eden,Bringing It All Back Home,Folk Rock; Contemporary Folk,1965,USA,320k,mp3,5:44,Studio,LP
Bob Dylan,"It's Alright, Ma (I'm Only Bleeding)",Bringing It All Back Home,Folk Rock; Contemporary Folk,1965,USA,320k,mp3,7:33,Studio,LP
Bob Dylan,"It's All Over Now, Baby Blue",Bringing It All Back Home,Folk Rock; Contemporary Folk,1965,USA,320k,mp3,4:15,Studio,LP
Nick Drake,Introduction,Bryter Layter,Chamber Folk; Contemporary Folk,1970,UK; England,320k,mp3,1:31,Studio,LP
Nick Drake,Hazey Jane II,Bryter Layter,Chamber Folk; Contemporary Folk,1970,UK; England,320k,mp3,3:44,Studio,LP
Nick Drake,At The Chime Of A City Clock,Bryter Layter,Chamber Folk; Contemporary Folk,1970,UK; England,320k,mp3,4:44,Studio,LP
Nick Drake,One Of These Things First,Bryter Layter,Chamber Folk; Contemporary Folk,1970,UK; England,320k,mp3,4:50,Studio,LP
Nick Drake,Hazey Jane I,Bryter Layter,Chamber Folk; Contemporary Folk,1970,UK; England,320k,mp3,4:28,Studio,LP
Nick Drake,Bryter Layter,Bryter Layter,Chamber Folk; Contemporary Folk,1970,UK; England,320k,mp3,3:20,Studio,LP
Nick Drake,Fly,Bryter Layter,Chamber Folk; Contemporary Folk,1970,UK; England,320k,mp3,2:57,Studio,LP
Nick Drake,Poor Boy,Bryter Layter,Chamber Folk; Contemporary Folk,1970,UK; England,320k,mp3,6:04,Studio,LP
Nick Drake,Northern Sky,Bryter Layter,Chamber Folk; Contemporary Folk,1970,UK; England,320k,mp3,3:43,Studio,LP
Nick Drake,Sunday,Bryter Layter,Chamber Folk; Contemporary Folk,1970,UK; England,320k,mp3,3:42,Studio,LP
Calm,We've Made A Contact But Worship Silent I Make A Whisper I Am A Sinner,Calm,Post-Hardcore; Shoegaze,1995,USA,320k,mp3,3:12,Studio,EP
Calm,Slide The Needle In Under Blue Skin I Took A Picture So I Still Can Burn You,Calm,Post-Hardcore; Shoegaze,1995,USA,320k,mp3,2:03,Studio,EP
Calm,The Spirits Fall Upon The Wheel To Turn The Spokes With Angel Grace When I Am Gone With Broken Wings The Spirits Fall To Take My Place,Calm,Post-Hardcore; Shoegaze,1995,USA,320k,mp3,3:34,Studio,EP
Calm,Demons Reloading Such A Beautiful Disease Trigger Pull This Trigger,Calm,Post-Hardcore; Shoegaze,1995,USA,320k,mp3,2:34,Studio,EP
Calm,Silk Wrapped Hands In A Masquerade Even When Things Are Picture Blue I Keep It Under My Pillow Now Just In Case Theres Nothing Left To Do Outrun Myself,Calm,Post-Hardcore; Shoegaze,1995,USA,320k,mp3,2:40,Studio,EP
Calm,Be Still / We Will Live Like Thunder,Calm,Post-Hardcore; Shoegaze,1995,USA,320k,mp3,6:39,Studio,EP
Can,All Gates Open,Can,Krautrock,1979,Germany,320k,mp3,8:17,Studio,LP
Can,Safe,Can,Krautrock,1979,Germany,320k,mp3,8:36,Studio,LP
Can,Sunday Jam,Can,Krautrock,1979,Germany,320k,mp3,4:27,Studio,LP
Can,Sodom,Can,Krautrock,1979,Germany,320k,mp3,5:40,Studio,LP
Can,Aspectacle,Can,Krautrock,1979,Germany,320k,mp3,5:49,Studio,LP
Can,"E.F.S. No. 99 : ""CAN CAN""",Can,Krautrock,1979,Germany,320k,mp3,3:09,Studio,LP
Can,Ping Pong,Can,Krautrock,1979,Germany,320k,mp3,0:22,Studio,LP
Can,Can Be,Can,Krautrock,1979,Germany,320k,mp3,2:53,Studio,LP
Arvo Pärt,Cantus in Memory of Benjamin Britten,Cantus in Memory of Benjamin Britten,Classical; Minimalism,1977,Estonia,686k,flac,7:39,Studio,Single
Big Thief,Pretty Things,Capacity,Indie Rock; Indie Folk,2017,USA,1186k,flac,3:04,Studio,LP
Big Thief,Shark Smile,Capacity,Indie Rock; Indie Folk,2017,USA,1240k,flac,3:58,Studio,LP
Big Thief,Capacity,Capacity,Indie Rock; Indie Folk,2017,USA,1264k,flac,3:51,Studio,LP
Big Thief,Watering,Capacity,Indie Rock; Indie Folk,2017,USA,1295k,flac,3:22,Studio,LP
Big Thief,Coma,Capacity,Indie Rock; Indie Folk,2017,USA,1029k,flac,3:39,Studio,LP
Big Thief,Great White Shark,Capacity,Indie Rock; Indie Folk,2017,USA,1316k,flac,3:22,Studio,LP
Big Thief,Mythological Beauty,Capacity,Indie Rock; Indie Folk,2017,USA,1204k,flac,5:06,Studio,LP
Big Thief,Objects,Capacity,Indie Rock; Indie Folk,2017,USA,1360k,flac,2:42,Studio,LP
Big Thief,Haley,Capacity,Indie Rock; Indie Folk,2017,USA,1304k,flac,3:32,Studio,LP
Big Thief,Mary,Capacity,Indie Rock; Indie Folk,2017,USA,860k,flac,5:30,Studio,LP
Big Thief,Black Diamonds,Capacity,Indie Rock; Indie Folk,2017,USA,1244k,flac,3:34,Studio,LP
Duster,Moon Age,Capsule Losing Contact,Slowcore; Space Rock,2019,USA,320k,mp3,1:06,Studio,LP
Duster,Heading for the Door,Capsule Losing Contact,Slowcore; Space Rock,2019,USA,320k,mp3,3:08,Studio,LP
Duster,Gold Dust,Capsule Losing Contact,Slowcore; Space Rock,2019,USA,320k,mp3,2:06,Studio,LP
Duster,Topical Solution,Capsule Losing Contact,Slowcore; Space Rock,2019,USA,320k,mp3,5:01,Studio,LP
Duster,Docking the Pod,Capsule Losing Contact,Slowcore; Space Rock,2019,USA,320k,mp3,1:50,Studio,LP
Duster,The Landing,Capsule Losing Contact,Slowcore; Space Rock,2019,USA,320k,mp3,2:43,Studio,LP
Duster,"Echo, Bravo",Capsule Losing Contact,Slowcore; Space Rock,2019,USA,320k,mp3,4:33,Studio,LP
Duster,Constellations,Capsule Losing Contact,Slowcore; Space Rock,2019,USA,320k,mp3,3:43,Studio,LP
Duster,The Queen of Hearts,Capsule Losing Contact,Slowcore; Space Rock,2019,USA,320k,mp3,4:19,Studio,LP
Duster,Two Way Radio,Capsule Losing Contact,Slowcore; Space Rock,2019,USA,320k,mp3,0:19,Studio,LP
Duster,Inside Out,Capsule Losing Contact,Slowcore; Space Rock,2019,USA,320k,mp3,2:21,Studio,LP
Duster,Stratosphere,Capsule Losing Contact,Slowcore; Space Rock,2019,USA,320k,mp3,6:57,Studio,LP
Duster,Reed to Hillsborough,Capsule Losing Contact,Slowcore; Space Rock,2019,USA,320k,mp3,4:00,Studio,LP
Duster,Shadows of Planes,Capsule Losing Contact,Slowcore; Space Rock,2019,USA,320k,mp3,1:50,Studio,LP
Duster,Earth Moon Transit,Capsule Losing Contact,Slowcore; Space Rock,2019,USA,320k,mp3,4:23,Studio,LP
Duster,The Twins / Romantica,Capsule Losing Contact,Slowcore; Space Rock,2019,USA,320k,mp3,3:42,Studio,LP
Duster,Sideria,Capsule Losing Contact,Slowcore; Space Rock,2019,USA,320k,mp3,1:47,Studio,LP
Duster,Get the Dutch,Capsule Losing Contact,Slowcore; Space Rock,2019,USA,320k,mp3,4:47,Studio,LP
Duster,Operations,Capsule Losing Contact,Slowcore; Space Rock,2019,USA,320k,mp3,3:30,Studio,LP
Duster,Diamond,Capsule Losing Contact,Slowcore; Space Rock,2019,USA,320k,mp3,3:26,Studio,LP
Duster,Me and the Birds,Capsule Losing Contact,Slowcore; Space Rock,2019,USA,320k,mp3,1:35,Studio,LP
Duster,Travelogue,Capsule Losing Contact,Slowcore; Space Rock,2019,USA,320k,mp3,4:36,Studio,LP
Duster,The Phantom Facing Me,Capsule Losing Contact,Slowcore; Space Rock,2019,USA,320k,mp3,2:55,Studio,LP
Duster,Cooking,Capsule Losing Contact,Slowcore; Space Rock,2019,USA,320k,mp3,4:35,Studio,LP
Duster,Unrecovery,Capsule Losing Contact,Slowcore; Space Rock,2019,USA,320k,mp3,3:34,Studio,LP
Duster,The Breakup Suite,Capsule Losing Contact,Slowcore; Space Rock,2019,USA,320k,mp3,3:20,Studio,LP
Duster,Everything You See (Is Your Own),Capsule Losing Contact,Slowcore; Space Rock,2019,USA,320k,mp3,2:40,Studio,LP
Duster,Now It’s Coming Back,Capsule Losing Contact,Slowcore; Space Rock,2019,USA,320k,mp3,2:43,Studio,LP
Duster,Auto-Mobile,Capsule Losing Contact,Slowcore; Space Rock,2019,USA,320k,mp3,2:06,Studio,LP
Duster,Orbitron,Capsule Losing Contact,Slowcore; Space Rock,2019,USA,320k,mp3,2:18,Studio,LP
Duster,Fuzz and Timbre,Capsule Losing Contact,Slowcore; Space Rock,2019,USA,320k,mp3,0:37,Studio,LP
Duster,My Friends Are Cosmonauts,Capsule Losing Contact,Slowcore; Space Rock,2019,USA,320k,mp3,1:44,Studio,LP
Duster,Closer to the Speed of Sound,Capsule Losing Contact,Slowcore; Space Rock,2019,USA,320k,mp3,2:59,Studio,LP
Duster,Stars Will Fall,Capsule Losing Contact,Slowcore; Space Rock,2019,USA,320k,mp3,1:58,Studio,LP
Duster,Four Hours,Capsule Losing Contact,Slowcore; Space Rock,2019,USA,320k,mp3,3:42,Studio,LP
Duster,Light Years,Capsule Losing Contact,Slowcore; Space Rock,2019,USA,320k,mp3,3:38,Studio,LP
Duster,Capsule Losing Contact,Capsule Losing Contact,Slowcore; Space Rock,2019,USA,320k,mp3,6:17,Studio,LP
Duster,East Reed,Capsule Losing Contact,Slowcore; Space Rock,2019,USA,320k,mp3,1:03,Studio,LP
Duster,And Things Are Mostly Ghosts (Version Over Dose Mix),Capsule Losing Contact,Slowcore; Space Rock,2019,USA,320k,mp3,3:54,Studio,LP
Duster,Irato,Capsule Losing Contact,Slowcore; Space Rock,2019,USA,320k,mp3,4:17,Studio,LP
Duster,Memphis Sophisticate,Capsule Losing Contact,Slowcore; Space Rock,2019,USA,320k,mp3,4:09,Studio,LP
Duster,The Motion Picture,Capsule Losing Contact,Slowcore; Space Rock,2019,USA,320k,mp3,2:43,Studio,LP
Duster,And Things (Are Mostly Ghosts),Capsule Losing Contact,Slowcore; Space Rock,2019,USA,320k,mp3,3:19,Studio,LP
Duster,August Relativity,Capsule Losing Contact,Slowcore; Space Rock,2019,USA,320k,mp3,3:09,Studio,LP
Duster,Want No Light to Shine,Capsule Losing Contact,Slowcore; Space Rock,2019,USA,320k,mp3,6:01,Studio,LP
Duster,Haunt My Sleep,Capsule Losing Contact,Slowcore; Space Rock,2019,USA,320k,mp3,2:43,Studio,LP
Duster,Peyote,Capsule Losing Contact,Slowcore; Space Rock,2019,USA,320k,mp3,1:37,Studio,LP
Duster,Something That I Need,Capsule Losing Contact,Slowcore; Space Rock,2019,USA,320k,mp3,1:47,Studio,LP
Duster,What You're Doing to Me,Capsule Losing Contact,Slowcore; Space Rock,2019,USA,320k,mp3,6:08,Studio,LP
Duster,Faint,Capsule Losing Contact,Slowcore; Space Rock,2019,USA,320k,mp3,3:16,Studio,LP
Duster,The Hours,Capsule Losing Contact,Slowcore; Space Rock,2019,USA,320k,mp3,2:12,Studio,LP
Sufjan Stevens,Death With Dignity,Carrie & Lowell,Indie Folk,2015,USA,128k,mp3,3:59,Studio,LP
Sufjan Stevens,Should Have Known Better,Carrie & Lowell,Indie Folk,2015,USA,128k,mp3,5:07,Studio,LP
Sufjan Stevens,All of Me Wants All of You,Carrie & Lowell,Indie Folk,2015,USA,128k,mp3,3:41,Studio,LP
Sufjan Stevens,Drawn to the Blood,Carrie & Lowell,Indie Folk,2015,USA,128k,mp3,3:18,Studio,LP
Sufjan Stevens,Eugene,Carrie & Lowell,Indie Folk,2015,USA,128k,mp3,2:27,Studio,LP
Sufjan Stevens,Fourth of July,Carrie & Lowell,Indie Folk,2015,USA,128k,mp3,4:39,Studio,LP
Sufjan Stevens,The Only Thing,Carrie & Lowell,Indie Folk,2015,USA,128k,mp3,4:44,Studio,LP
Sufjan Stevens,Carrie & Lowell,Carrie & Lowell,Indie Folk,2015,USA,128k,mp3,3:14,Studio,LP
Sufjan Stevens,John My Beloved,Carrie & Lowell,Indie Folk,2015,USA,128k,mp3,5:04,Studio,LP
Sufjan Stevens,No Shade in the Shadow of the Cross,Carrie & Lowell,Indie Folk,2015,USA,128k,mp3,2:40,Studio,LP
Sufjan Stevens,Blue Bucket of Gold,Carrie & Lowell,Indie Folk,2015,USA,128k,mp3,4:44,Studio,LP
black midi,John L,Cavalcade,Avant-Prog,2021,UK; England,320k,mp3,5:14,Studio,LP
black midi,Marlene Dietrich,Cavalcade,Avant-Prog,2021,UK; England,320k,mp3,2:54,Studio,LP
black midi,Chondromalacia Patella,Cavalcade,Avant-Prog,2021,UK; England,320k,mp3,4:49,Studio,LP
black midi,Slow,Cavalcade,Avant-Prog,2021,UK; England,320k,mp3,5:38,Studio,LP
black midi,Diamond Stuff,Cavalcade,Avant-Prog,2021,UK; England,320k,mp3,6:21,Studio,LP
black midi,Dethroned,Cavalcade,Avant-Prog,2021,UK; England,320k,mp3,5:03,Studio,LP
black midi,Hogwash and Balderdash,Cavalcade,Avant-Prog,2021,UK; England,320k,mp3,2:33,Studio,LP
black midi,Ascending Forth,Cavalcade,Avant-Prog,2021,UK; England,320k,mp3,9:47,Studio,LP
Candy Claws,Into the Deep Time (One Sun),Ceres & Calypso in the Deep Time,Dream Pop; Neo-Psychedelia; Shoegaze,2013,USA,320k,mp3,3:02,Studio,LP
Candy Claws,White Seal (Shell & Spine),Ceres & Calypso in the Deep Time,Dream Pop; Neo-Psychedelia; Shoegaze,2013,USA,320k,mp3,3:44,Studio,LP
Candy Claws,Fell in Love (At the Water),Ceres & Calypso in the Deep Time,Dream Pop; Neo-Psychedelia; Shoegaze,2013,USA,320k,mp3,4:01,Studio,LP
Candy Claws,Pangaea Girls (Magic Feeling),Ceres & Calypso in the Deep Time,Dream Pop; Neo-Psychedelia; Shoegaze,2013,USA,320k,mp3,3:11,Studio,LP
Candy Claws,New Forest (Five Heads of the Sun),Ceres & Calypso in the Deep Time,Dream Pop; Neo-Psychedelia; Shoegaze,2013,USA,320k,mp3,3:23,Studio,LP
Candy Claws,Transitional Bird (Clever Girl),Ceres & Calypso in the Deep Time,Dream Pop; Neo-Psychedelia; Shoegaze,2013,USA,320k,mp3,4:25,Studio,LP
Candy Claws,Charade (Fern Prairie),Ceres & Calypso in the Deep Time,Dream Pop; Neo-Psychedelia; Shoegaze,2013,USA,320k,mp3,3:19,Studio,LP
Candy Claws,Fallen Tree Bridge (Brave Rainbow Rider),Ceres & Calypso in the Deep Time,Dream Pop; Neo-Psychedelia; Shoegaze,2013,USA,320k,mp3,3:29,Studio,LP
Candy Claws,Birth of the Flower (Seagreen),Ceres & Calypso in the Deep Time,Dream Pop; Neo-Psychedelia; Shoegaze,2013,USA,320k,mp3,3:47,Studio,LP
Candy Claws,Illusion (Fern Lake),Ceres & Calypso in the Deep Time,Dream Pop; Neo-Psychedelia; Shoegaze,2013,USA,320k,mp3,3:34,Studio,LP
Candy Claws,Night Ela (Mystic Thing),Ceres & Calypso in the Deep Time,Dream Pop; Neo-Psychedelia; Shoegaze,2013,USA,320k,mp3,5:04,Studio,LP
Candy Claws,Where I Found You (One Star),Ceres & Calypso in the Deep Time,Dream Pop; Neo-Psychedelia; Shoegaze,2013,USA,320k,mp3,3:07,Studio,LP
Wire,Practice Makes Perfect,Chairs Missing,Post-Punk; Art Punk,1978,UK; England,268k VBR,mp3,4:11,Studio,LP
Wire,French Film Blurred,Chairs Missing,Post-Punk; Art Punk,1978,UK; England,255k VBR,mp3,2:35,Studio,LP
Wire,Another The Letter,Chairs Missing,Post-Punk; Art Punk,1978,UK; England,272k VBR,mp3,1:07,Studio,LP
Wire,Men 2nd,Chairs Missing,Post-Punk; Art Punk,1978,UK; England,268k VBR,mp3,1:44,Studio,LP
Wire,Marooned,Chairs Missing,Post-Punk; Art Punk,1978,UK; England,235k VBR,mp3,2:21,Studio,LP
Wire,Sand In My Joints,Chairs Missing,Post-Punk; Art Punk,1978,UK; England,265k VBR,mp3,1:50,Studio,LP
Wire,Being Sucked In Again,Chairs Missing,Post-Punk; Art Punk,1978,UK; England,258k VBR,mp3,3:14,Studio,LP
Wire,Heartbeat,Chairs Missing,Post-Punk; Art Punk,1978,UK; England,239k VBR,mp3,3:18,Studio,LP
Wire,Mercy,Chairs Missing,Post-Punk; Art Punk,1978,UK; England,278k VBR,mp3,5:46,Studio,LP
Wire,Outdoor Miner,Chairs Missing,Post-Punk; Art Punk,1978,UK; England,259k VBR,mp3,1:44,Studio,LP
Wire,I Am The Fly,Chairs Missing,Post-Punk; Art Punk,1978,UK; England,281k VBR,mp3,3:09,Studio,LP
Wire,I Feel Mysterious Today,Chairs Missing,Post-Punk; Art Punk,1978,UK; England,266k VBR,mp3,1:58,Studio,LP
Wire,From The Nursery,Chairs Missing,Post-Punk; Art Punk,1978,UK; England,273k VBR,mp3,2:59,Studio,LP
Wire,Used To,Chairs Missing,Post-Punk; Art Punk,1978,UK; England,264k VBR,mp3,2:23,Studio,LP
Wire,Too Late,Chairs Missing,Post-Punk; Art Punk,1978,UK; England,271k VBR,mp3,4:12,Studio,LP
Unwound,Data,Challenge for a Civilized Society,Post-Hardcore; Post-Rock,1998,USA,192k,mp3,3:35,Studio,LP
Unwound,Laugh Track,Challenge for a Civilized Society,Post-Hardcore; Post-Rock,1998,USA,192k,mp3,3:15,Studio,LP
Unwound,Meet the Plastics,Challenge for a Civilized Society,Post-Hardcore; Post-Rock,1998,USA,192k,mp3,3:15,Studio,LP
Unwound,The World Is Flat,Challenge for a Civilized Society,Post-Hardcore; Post-Rock,1998,USA,192k,mp3,4:36,Studio,LP
Unwound,Sonata for Loudspeakers,Challenge for a Civilized Society,Post-Hardcore; Post-Rock,1998,USA,192k,mp3,5:21,Studio,LP
Unwound,Mile Me Deaf,Challenge for a Civilized Society,Post-Hardcore; Post-Rock,1998,USA,192k,mp3,2:21,Studio,LP
Unwound,No Tech!,Challenge for a Civilized Society,Post-Hardcore; Post-Rock,1998,USA,192k,mp3,1:44,Studio,LP
Unwound,Side Effects of Being Tired,Challenge for a Civilized Society,Post-Hardcore; Post-Rock,1998,USA,192k,mp3,9:03,Studio,LP
Unwound,Lifetime Achievement Award,Challenge for a Civilized Society,Post-Hardcore; Post-Rock,1998,USA,192k,mp3,5:12,Studio,LP
Unwound,What Went Wrong,Challenge for a Civilized Society,Post-Hardcore; Post-Rock,1998,USA,192k,mp3,8:35,Studio,LP
Unwound,XLNT,Challenge for a Civilized Society,Post-Hardcore; Post-Rock,1998,USA,192k,mp3,2:08,Studio,LP
Unwound,The Light at the End of the Tunnel Is a Train,Challenge for a Civilized Society,Post-Hardcore; Post-Rock,1998,USA,192k,mp3,10:10,Studio,LP
The Dismemberment Plan,Sentimental Man,Change,Indie Rock,2001,USA,1106k,flac,4:16,Studio,LP
The Dismemberment Plan,The Face of the Earth,Change,Indie Rock,2001,USA,1137k,flac,4:46,Studio,LP
The Dismemberment Plan,Superpowers,Change,Indie Rock,2001,USA,1143k,flac,4:48,Studio,LP
The Dismemberment Plan,Pay for the Piano,Change,Indie Rock,2001,USA,1160k,flac,3:23,Studio,LP
The Dismemberment Plan,Come Home,Change,Indie Rock,2001,USA,1068k,flac,5:05,Studio,LP
The Dismemberment Plan,Secret Curse,Change,Indie Rock,2001,USA,1094k,flac,2:50,Studio,LP
The Dismemberment Plan,Automatic,Change,Indie Rock,2001,USA,810k,flac,4:16,Studio,LP
The Dismemberment Plan,Following Through,Change,Indie Rock,2001,USA,1081k,flac,4:38,Studio,LP
The Dismemberment Plan,Time Bomb,Change,Indie Rock,2001,USA,1115k,flac,4:24,Studio,LP
The Dismemberment Plan,The Other Side,Change,Indie Rock,2001,USA,1080k,flac,3:45,Studio,LP
The Dismemberment Plan,Ellen and Ben,Change,Indie Rock,2001,USA,1100k,flac,5:01,Studio,LP
Autechre,Cipater,Chiastic Slide,IDM,1997,UK; England,320k,mp3,8:57,Studio,LP
Autechre,Rettic Ac,Chiastic Slide,IDM,1997,UK; England,320k,mp3,2:07,Studio,LP
Autechre,Tewe,Chiastic Slide,IDM,1997,UK; England,320k,mp3,6:57,Studio,LP
Autechre,Cichli,Chiastic Slide,IDM,1997,UK; England,320k,mp3,8:52,Studio,LP
Autechre,Hub,Chiastic Slide,IDM,1997,UK; England,320k,mp3,7:35,Studio,LP
Autechre,Calbruc,Chiastic Slide,IDM,1997,UK; England,320k,mp3,3:51,Studio,LP
Autechre,Recury,Chiastic Slide,IDM,1997,UK; England,320k,mp3,9:44,Studio,LP
Autechre,Pule,Chiastic Slide,IDM,1997,UK; England,320k,mp3,8:33,Studio,LP
Autechre,Nuane,Chiastic Slide,IDM,1997,UK; England,320k,mp3,13:15,Studio,LP
Boredoms,Acid Police,Chocolate Synthesizer,Experimental Rock; Noise Rock,1994,Japan,192k,mp3,4:54,Studio,LP
Boredoms,Chocolate Synthesizer,Chocolate Synthesizer,Experimental Rock; Noise Rock,1994,Japan,192k,mp3,0:51,Studio,LP
Boredoms,Synthesizer Guide Book on Fire,Chocolate Synthesizer,Experimental Rock; Noise Rock,1994,Japan,192k,mp3,2:27,Studio,LP
Boredoms,Shock City,Chocolate Synthesizer,Experimental Rock; Noise Rock,1994,Japan,192k,mp3,4:43,Studio,LP
Boredoms,Tomato Synthesizer,Chocolate Synthesizer,Experimental Rock; Noise Rock,1994,Japan,192k,mp3,3:49,Studio,LP
Boredoms,Anarchy in the Ukk,Chocolate Synthesizer,Experimental Rock; Noise Rock,1994,Japan,192k,mp3,4:41,Studio,LP
Boredoms,Mama Brain,Chocolate Synthesizer,Experimental Rock; Noise Rock,1994,Japan,192k,mp3,3:59,Studio,LP
Boredoms,Uoredoms,Chocolate Synthesizer,Experimental Rock; Noise Rock,1994,Japan,192k,mp3,6:01,Studio,LP
Boredoms,B for Boredoms,Chocolate Synthesizer,Experimental Rock; Noise Rock,1994,Japan,192k,mp3,2:44,Studio,LP
Boredoms,Eeedoms,Chocolate Synthesizer,Experimental Rock; Noise Rock,1994,Japan,192k,mp3,5:02,Studio,LP
Boredoms,Smoke 7,Chocolate Synthesizer,Experimental Rock; Noise Rock,1994,Japan,192k,mp3,2:45,Studio,LP
Boredoms,Turn Table Boredoms,Chocolate Synthesizer,Experimental Rock; Noise Rock,1994,Japan,192k,mp3,4:59,Studio,LP
Boredoms,I'm Not Synthesizer (Ypy?),Chocolate Synthesizer,Experimental Rock; Noise Rock,1994,Japan,192k,mp3,3:07,Studio,LP
Boredoms,Now Dom Go Synthesizer Way (Why?),Chocolate Synthesizer,Experimental Rock; Noise Rock,1994,Japan,192k,mp3,6:03,Studio,LP
青葉市子 [Ichiko Aoba],choe prologue,choe,Contemporary Folk,2021,Japan,320k,mp3,1:25,Bootleg,LP
青葉市子 [Ichiko Aoba],アダンの島の誕生祭 (choe ver.),choe,Contemporary Folk,2021,Japan,320k,mp3,2:58,Bootleg,LP
青葉市子 [Ichiko Aoba],奄美紀行,choe,Contemporary Folk,2021,Japan,320k,mp3,1:13,Bootleg,LP
青葉市子 [Ichiko Aoba],海底のエデン (choe ver.),choe,Contemporary Folk,2021,Japan,320k,mp3,2:37,Bootleg,LP
青葉市子 [Ichiko Aoba],竜の巣で,choe,Contemporary Folk,2021,Japan,320k,mp3,1:22,Bootleg,LP
青葉市子 [Ichiko Aoba],奄美蛙唄 (choe ver.),choe,Contemporary Folk,2021,Japan,320k,mp3,3:34,Bootleg,LP
青葉市子 [Ichiko Aoba],水間黒糖,choe,Contemporary Folk,2021,Japan,320k,mp3,1:33,Bootleg,LP
青葉市子 [Ichiko Aoba],悲しくてやりきれない (kotringo cover),choe,Contemporary Folk,2021,Japan,320k,mp3,3:48,Bootleg,LP
青葉市子 [Ichiko Aoba],東雲色の追懐,choe,Contemporary Folk,2021,Japan,320k,mp3,0:28,Bootleg,LP
青葉市子 [Ichiko Aoba],stardust,choe,Contemporary Folk,2021,Japan,320k,mp3,10:59,Bootleg,LP
青葉市子 [Ichiko Aoba],みなしごの雨,choe,Contemporary Folk,2021,Japan,320k,mp3,3:38,Bootleg,LP
青葉市子 [Ichiko Aoba],貝を贈り合うように,choe,Contemporary Folk,2021,Japan,320k,mp3,1:02,Bootleg,LP
青葉市子 [Ichiko Aoba],境界線,choe,Contemporary Folk,2021,Japan,320k,mp3,4:50,Bootleg,LP
Duster,My Friends Are Cosmonauts (Demo),Christmas Dust,Slowcore; Slacker Rock,1996,USA,256k VBR,mp3,1:41,Studio,EP
Duster,Untitled 2,Christmas Dust,Slowcore; Slacker Rock,1996,USA,192k,mp3,3:22,Studio,EP
Duster,Untitled 3,Christmas Dust,Slowcore; Slacker Rock,1996,USA,192k,mp3,1:49,Studio,EP
Duster,Untitled 4,Christmas Dust,Slowcore; Slacker Rock,1996,USA,192k,mp3,1:04,Studio,EP
Duster,Untitled 5,Christmas Dust,Slowcore; Slacker Rock,1996,USA,192k,mp3,2:05,Studio,EP
Steve Reich,City Life: I. Check It Out,City Life / New York Counterpoint / Eight Lines / Violin Phase,Classical; Minimalism,2003,USA,221k VBR,mp3,5:38,Studio,LP
Steve Reich,City Life : II. Pile Driver / Alarms,City Life / New York Counterpoint / Eight Lines / Violin Phase,Classical; Minimalism,2003,USA,216k VBR,mp3,3:53,Studio,LP
Steve Reich,City Life: III. It's Been a Honeymoon / Can't Take No Mo,City Life / New York Counterpoint / Eight Lines / Violin Phase,Classical; Minimalism,2003,USA,224k VBR,mp3,5:01,Studio,LP
Steve Reich,City Life: IV. Heartbeats / Boats & Buoys,City Life / New York Counterpoint / Eight Lines / Violin Phase,Classical; Minimalism,2003,USA,216k VBR,mp3,3:54,Studio,LP
Steve Reich,City Life: V. Heavy Smoke,City Life / New York Counterpoint / Eight Lines / Violin Phase,Classical; Minimalism,2003,USA,222k VBR,mp3,4:53,Studio,LP
Steve Reich,New York Counterpoint: Fast,City Life / New York Counterpoint / Eight Lines / Violin Phase,Classical; Minimalism,2003,USA,227k VBR,mp3,4:44,Studio,LP
Steve Reich,New York Counterpoint: Slow,City Life / New York Counterpoint / Eight Lines / Violin Phase,Classical; Minimalism,2003,USA,231k VBR,mp3,2:40,Studio,LP
Steve Reich,New York Counterpoint: Fast,City Life / New York Counterpoint / Eight Lines / Violin Phase,Classical; Minimalism,2003,USA,225k VBR,mp3,3:22,Studio,LP
Steve Reich,Eight Lines (Octet): Number 1,City Life / New York Counterpoint / Eight Lines / Violin Phase,Classical; Minimalism,2003,USA,230k VBR,mp3,3:32,Studio,LP
Steve Reich,Eight Lines (Octet): Number 16,City Life / New York Counterpoint / Eight Lines / Violin Phase,Classical; Minimalism,2003,USA,235k VBR,mp3,2:50,Studio,LP
Steve Reich,Eight Lines (Octet): Number 31,City Life / New York Counterpoint / Eight Lines / Violin Phase,Classical; Minimalism,2003,USA,231k VBR,mp3,3:48,Studio,LP
Steve Reich,Eight Lines (Octet): Number 46,City Life / New York Counterpoint / Eight Lines / Violin Phase,Classical; Minimalism,2003,USA,232k VBR,mp3,2:28,Studio,LP
Steve Reich,Eight Lines (Octet): Number 61,City Life / New York Counterpoint / Eight Lines / Violin Phase,Classical; Minimalism,2003,USA,211k VBR,mp3,3:27,Studio,LP
Steve Reich,Violin Phase,City Life / New York Counterpoint / Eight Lines / Violin Phase,Classical; Minimalism,2003,USA,226k VBR,mp3,15:21,Studio,LP
Yes,Close To The Edge,Close To The Edge,Symphonic Prog; Progressive Rock,1972,UK; England,320k,mp3,18:42,Studio,LP
Yes,And You And I,Close To The Edge,Symphonic Prog; Progressive Rock,1972,UK; England,320k,mp3,10:08,Studio,LP
Yes,Siberian Khatru,Close To The Edge,Symphonic Prog; Progressive Rock,1972,UK; England,320k,mp3,9:00,Studio,LP
Yes,America (Single Version),Close To The Edge,Symphonic Prog; Progressive Rock,1972,UK; England,320k,mp3,4:12,Studio,LP
Yes,Total Mass Retain (Single Version),Close To The Edge,Symphonic Prog; Progressive Rock,1972,UK; England,320k,mp3,3:21,Studio,LP
Yes,And You And I (Alternate Version),Close To The Edge,Symphonic Prog; Progressive Rock,1972,UK; England,320k,mp3,10:17,Studio,LP
Yes,Siberia (Studio Run-through Of 'Siberian Khatru'),Close To The Edge,Symphonic Prog; Progressive Rock,1972,UK; England,320k,mp3,9:19,Studio,LP
Joy Division,Atrocity Exhibition,Closer,Post-Punk,1980,UK; England,320k,mp3,6:05,Studio,LP
Joy Division,Isolation,Closer,Post-Punk,1980,UK; England,320k,mp3,2:53,Studio,LP
Joy Division,Passover,Closer,Post-Punk,1980,UK; England,320k,mp3,4:46,Studio,LP
Joy Division,Colony,Closer,Post-Punk,1980,UK; England,320k,mp3,3:55,Studio,LP
Joy Division,A Means to an End,Closer,Post-Punk,1980,UK; England,320k,mp3,4:07,Studio,LP
Joy Division,Heart and Soul,Closer,Post-Punk,1980,UK; England,320k,mp3,5:51,Studio,LP
Joy Division,Twenty Four Hours,Closer,Post-Punk,1980,UK; England,320k,mp3,4:26,Studio,LP
Joy Division,The Eternal,Closer,Post-Punk,1980,UK; England,320k,mp3,6:07,Studio,LP
Joy Division,Decades,Closer,Post-Punk,1980,UK; England,320k,mp3,6:12,Studio,LP
Cluster,Plas,Cluster II,Ambient; Progressive Electronic; Krautrock,1972,Germany,320k,mp3,6:20,Studio,LP
Cluster,Im Süden,Cluster II,Ambient; Progressive Electronic; Krautrock,1972,Germany,320k,mp3,12:54,Studio,LP
Cluster,Für Die Katz',Cluster II,Ambient; Progressive Electronic; Krautrock,1972,Germany,320k,mp3,3:11,Studio,LP
Cluster,Live in Der Fabrik,Cluster II,Ambient; Progressive Electronic; Krautrock,1972,Germany,320k,mp3,14:56,Studio,LP
Cluster,Georgel,Cluster II,Ambient; Progressive Electronic; Krautrock,1972,Germany,320k,mp3,5:42,Studio,LP
Cluster,Nabitte,Cluster II,Ambient; Progressive Electronic; Krautrock,1972,Germany,320k,mp3,2:42,Studio,LP
John Coltrane,Out of This World,Coltrane,Modal Jazz; Post-Bop,1962,USA,320k,mp3,14:05,Studio,LP
John Coltrane,Soul Eyes,Coltrane,Modal Jazz; Post-Bop,1962,USA,320k,mp3,5:26,Studio,LP
John Coltrane,The Inch Worm,Coltrane,Modal Jazz; Post-Bop,1962,USA,320k,mp3,6:18,Studio,LP
John Coltrane,Tunji,Coltrane,Modal Jazz; Post-Bop,1962,USA,320k,mp3,6:35,Studio,LP
John Coltrane,Miles' Mode,Coltrane,Modal Jazz; Post-Bop,1962,USA,320k,mp3,7:34,Studio,LP
John Coltrane,The Night Has A Thousand Eyes,Coltrane's Sound,Hard Bop,1964,USA,320k,mp3,6:48,Studio,LP
John Coltrane,Central Park West,Coltrane's Sound,Hard Bop,1964,USA,320k,mp3,4:10,Studio,LP
John Coltrane,Liberia,Coltrane's Sound,Hard Bop,1964,USA,320k,mp3,6:47,Studio,LP
John Coltrane,Body And Soul,Coltrane's Sound,Hard Bop,1964,USA,320k,mp3,5:34,Studio,LP
John Coltrane,Equinox,Coltrane's Sound,Hard Bop,1964,USA,320k,mp3,8:31,Studio,LP
John Coltrane,Satellite,Coltrane's Sound,Hard Bop,1964,USA,320k,mp3,5:47,Studio,LP
John Coltrane,26-2,Coltrane's Sound,Hard Bop,1964,USA,320k,mp3,6:10,Studio,LP
Radiohead,2+2=5 (Live),Com Lag (2Plus2IsFive),Electronic; Art Rock; Alternative Rock,2004,UK; England,260k VBR,mp3,3:34,Live,LP
Radiohead,Remyxomatosis (Christian Vogel RMX),Com Lag (2Plus2IsFive),Electronic; Art Rock; Alternative Rock,2004,UK; England,253k VBR,mp3,5:08,Studio,LP
Radiohead,I Will (Los Angeles Version),Com Lag (2Plus2IsFive),Electronic; Art Rock; Alternative Rock,2004,UK; England,218k VBR,mp3,2:13,Studio,LP
Radiohead,Paperbag Writer,Com Lag (2Plus2IsFive),Electronic; Art Rock; Alternative Rock,2004,UK; England,259k VBR,mp3,3:58,Studio,LP
Radiohead,I Am a Wicked Child,Com Lag (2Plus2IsFive),Electronic; Art Rock; Alternative Rock,2004,UK; England,245k VBR,mp3,3:05,Studio,LP
Radiohead,I Am Citizen Insane,Com Lag (2Plus2IsFive),Electronic; Art Rock; Alternative Rock,2004,UK; England,221k VBR,mp3,3:32,Studio,LP
Radiohead,Skttrbrain (Four Tet RMX),Com Lag (2Plus2IsFive),Electronic; Art Rock; Alternative Rock,2004,UK; England,248k VBR,mp3,4:26,Studio,LP
Radiohead,Gagging Order,Com Lag (2Plus2IsFive),Electronic; Art Rock; Alternative Rock,2004,UK; England,217k VBR,mp3,3:35,Studio,LP
Radiohead,Fog (Again) [Live],Com Lag (2Plus2IsFive),Electronic; Art Rock; Alternative Rock,2004,UK; England,216k VBR,mp3,2:19,Live,LP
Radiohead,Where Bluebirds Fly,Com Lag (2Plus2IsFive),Electronic; Art Rock; Alternative Rock,2004,UK; England,229k VBR,mp3,4:23,Studio,LP
Mogwai,Punk Rock,Come On Die Young,Post-Rock,1999,UK; Scotland,316k VBR,mp3,2:08,Studio,LP
Mogwai,Cody,Come On Die Young,Post-Rock,1999,UK; Scotland,320k VBR,mp3,6:33,Studio,LP
Mogwai,Helps Both Ways,Come On Die Young,Post-Rock,1999,UK; Scotland,320k VBR,mp3,4:53,Studio,LP
Mogwai,Year 2000 Non-Compliant Cardia,Come On Die Young,Post-Rock,1999,UK; Scotland,317k VBR,mp3,3:25,Studio,LP
Mogwai,Kappa,Come On Die Young,Post-Rock,1999,UK; Scotland,316k VBR,mp3,4:52,Studio,LP
Mogwai,Waltz For Aidan,Come On Die Young,Post-Rock,1999,UK; Scotland,315k VBR,mp3,3:44,Studio,LP
Mogwai,May Nothing But Happiness Come Through Your Door,Come On Die Young,Post-Rock,1999,UK; Scotland,317k VBR,mp3,8:29,Studio,LP
Mogwai,Oh! How The Dogs Stack Up,Come On Die Young,Post-Rock,1999,UK; Scotland,320k VBR,mp3,2:03,Studio,LP
Mogwai,Ex-Cowboy,Come On Die Young,Post-Rock,1999,UK; Scotland,320k VBR,mp3,9:09,Studio,LP
Mogwai,Chocky,Come On Die Young,Post-Rock,1999,UK; Scotland,318k VBR,mp3,9:23,Studio,LP
Mogwai,Christmas Steps,Come On Die Young,Post-Rock,1999,UK; Scotland,319k VBR,mp3,10:39,Studio,LP
Mogwai,Punk Rock/Puff Daddy/Antichrist,Come On Die Young,Post-Rock,1999,UK; Scotland,317k VBR,mp3,2:14,Studio,LP
Aphex Twin,Come To Daddy (Pappy Mix),Come To Daddy,IDM; Drill and Bass,1997,UK; England,320k,mp3,4:22,Studio,LP
Aphex Twin,Flim,Come To Daddy,IDM; Drill and Bass,1997,UK; England,320k,mp3,2:57,Studio,LP
Aphex Twin,Come To Daddy (Little Lord Faulteroy Mix),Come To Daddy,IDM; Drill and Bass,1997,UK; England,320k,mp3,3:50,Studio,LP
Aphex Twin,Bucephalus Bouncing Ball,Come To Daddy,IDM; Drill and Bass,1997,UK; England,320k,mp3,5:44,Studio,LP
Aphex Twin,To Cure A Weakling Child (Contour Regard),Come To Daddy,IDM; Drill and Bass,1997,UK; England,320k,mp3,5:10,Studio,LP
Aphex Twin,Funny Little Man,Come To Daddy,IDM; Drill and Bass,1997,UK; England,320k,mp3,3:58,Studio,LP
Aphex Twin,Come To Daddy (Mummy Mix),Come To Daddy,IDM; Drill and Bass,1997,UK; England,320k,mp3,4:24,Studio,LP
Aphex Twin,IZ-US,Come To Daddy,IDM; Drill and Bass,1997,UK; England,320k,mp3,2:57,Studio,LP
Brigitte Fontaine,Comme à la radio,Comme à la Radio,Chamber Jazz,1969,USA,320k,mp3,8:03,Studio,LP
Brigitte Fontaine,Tanka II,Comme à la Radio,Chamber Jazz,1969,USA,320k,mp3,2:04,Studio,LP
Brigitte Fontaine,Le Brouillard,Comme à la Radio,Chamber Jazz,1969,USA,320k,mp3,3:24,Studio,LP
Brigitte Fontaine,J'ai 26 ans,Comme à la Radio,Chamber Jazz,1969,USA,320k,mp3,3:04,Studio,LP
Brigitte Fontaine,L'été l'été,Comme à la Radio,Chamber Jazz,1969,USA,320k,mp3,3:56,Studio,LP
Brigitte Fontaine,Encore,Comme à la Radio,Chamber Jazz,1969,USA,320k,mp3,1:35,Studio,LP
Brigitte Fontaine,Léo,Comme à la Radio,Chamber Jazz,1969,USA,320k,mp3,3:51,Studio,LP
Brigitte Fontaine,Les Petits Chevaux,Comme à la Radio,Chamber Jazz,1969,USA,320k,mp3,0:43,Studio,LP
Brigitte Fontaine,Tanka I,Comme à la Radio,Chamber Jazz,1969,USA,320k,mp3,1:46,Studio,LP
Brigitte Fontaine,Lettre à monsieur le chef de gare de la tour de Carol,Comme à la Radio,Chamber Jazz,1969,USA,320k,mp3,6:05,Studio,LP
Brigitte Fontaine,Le Goudron,Comme à la Radio,Chamber Jazz,1969,USA,320k,mp3,4:10,Studio,LP
Brigitte Fontaine,Le Noir C'est Mieux Choisi,Comme à la Radio,Chamber Jazz,1969,USA,320k,mp3,5:02,Studio,LP
Minor Threat,Filler,Complete Discography,Hardcore Punk,1989,USA,948k,flac,1:32,Studio,LP
Minor Threat,I Don’t Wanna Hear It,Complete Discography,Hardcore Punk,1989,USA,955k,flac,1:13,Studio,LP
Minor Threat,Seeing Red,Complete Discography,Hardcore Punk,1989,USA,907k,flac,1:02,Studio,LP
Minor Threat,Straight Edge,Complete Discography,Hardcore Punk,1989,USA,1013k,flac,0:45,Studio,LP
Minor Threat,"Small Man, Big Mouth",Complete Discography,Hardcore Punk,1989,USA,947k,flac,0:55,Studio,LP
Minor Threat,Screaming at a Wall,Complete Discography,Hardcore Punk,1989,USA,971k,flac,1:31,Studio,LP
Minor Threat,Bottled Violence,Complete Discography,Hardcore Punk,1989,USA,987k,flac,0:53,Studio,LP
Minor Threat,Minor Threat,Complete Discography,Hardcore Punk,1989,USA,932k,flac,1:27,Studio,LP
Minor Threat,Stand Up,Complete Discography,Hardcore Punk,1989,USA,903k,flac,0:53,Studio,LP
Minor Threat,12XU,Complete Discography,Hardcore Punk,1989,USA,891k,flac,1:03,Studio,LP
Minor Threat,In My Eyes,Complete Discography,Hardcore Punk,1989,USA,914k,flac,2:49,Studio,LP
Minor Threat,Out of Step (With the World),Complete Discography,Hardcore Punk,1989,USA,968k,flac,1:16,Studio,LP
Minor Threat,Guilty of Being White,Complete Discography,Hardcore Punk,1989,USA,944k,flac,1:18,Studio,LP
Minor Threat,Steppin’ Stone,Complete Discography,Hardcore Punk,1989,USA,854k,flac,2:12,Studio,LP
Minor Threat,Betray,Complete Discography,Hardcore Punk,1989,USA,865k,flac,3:02,Studio,LP
Minor Threat,It Follows,Complete Discography,Hardcore Punk,1989,USA,878k,flac,1:50,Studio,LP
Minor Threat,Think Again,Complete Discography,Hardcore Punk,1989,USA,849k,flac,2:18,Studio,LP
Minor Threat,Look Back and Laugh,Complete Discography,Hardcore Punk,1989,USA,834k,flac,3:16,Studio,LP
Minor Threat,Sob Story,Complete Discography,Hardcore Punk,1989,USA,875k,flac,1:50,Studio,LP
Minor Threat,No Reason,Complete Discography,Hardcore Punk,1989,USA,836k,flac,1:57,Studio,LP
Minor Threat,Little Friend,Complete Discography,Hardcore Punk,1989,USA,889k,flac,2:18,Studio,LP
Minor Threat,Out of Step,Complete Discography,Hardcore Punk,1989,USA,876k,flac,1:20,Studio,LP
Minor Threat,Cashing In,Complete Discography,Hardcore Punk,1989,USA,806k,flac,3:44,Studio,LP
Minor Threat,Stumped,Complete Discography,Hardcore Punk,1989,USA,769k,flac,1:55,Studio,LP
Minor Threat,Good Guys (Don’t Wear White),Complete Discography,Hardcore Punk,1989,USA,879k,flac,2:14,Studio,LP
Minor Threat,Salad Days,Complete Discography,Hardcore Punk,1989,USA,863k,flac,2:44,Studio,LP
Horse Lords,Zero Degree Machine,Comradely Objects,Totalism; Math Rock; Krautrock; Experimental Rock,2022,USA,854k,flac,6:59,Studio,LP
Horse Lords,Mess Mend,Comradely Objects,Totalism; Math Rock; Krautrock; Experimental Rock,2022,USA,883k,flac,4:18,Studio,LP
Horse Lords,May Brigade,Comradely Objects,Totalism; Math Rock; Krautrock; Experimental Rock,2022,USA,870k,flac,6:34,Studio,LP
Horse Lords,Solidarity Avenue,Comradely Objects,Totalism; Math Rock; Krautrock; Experimental Rock,2022,USA,1014k,flac,1:39,Studio,LP
Horse Lords,Law of Movement,Comradely Objects,Totalism; Math Rock; Krautrock; Experimental Rock,2022,USA,851k,flac,10:20,Studio,LP
Horse Lords,Rundling,Comradely Objects,Totalism; Math Rock; Krautrock; Experimental Rock,2022,USA,851k,flac,3:16,Studio,LP
Horse Lords,Plain Hunt on Four,Comradely Objects,Totalism; Math Rock; Krautrock; Experimental Rock,2022,USA,825k,flac,8:19,Studio,LP
Autechre,VI Scose Poise,Confield,IDM; Experimental,2001,UK; England,197k VBR,mp3,6:56,Studio,LP
Autechre,Cfern,Confield,IDM; Experimental,2001,UK; England,223k VBR,mp3,6:41,Studio,LP
Autechre,Pen Expers,Confield,IDM; Experimental,2001,UK; England,195k VBR,mp3,7:08,Studio,LP
Autechre,Sim Gishel,Confield,IDM; Experimental,2001,UK; England,239k VBR,mp3,7:14,Studio,LP
Autechre,Parhelic Triangle,Confield,IDM; Experimental,2001,UK; England,181k VBR,mp3,6:03,Studio,LP
Autechre,Bine,Confield,IDM; Experimental,2001,UK; England,199k VBR,mp3,4:41,Studio,LP
Autechre,Eidetic Casein,Confield,IDM; Experimental,2001,UK; England,185k VBR,mp3,6:12,Studio,LP
Autechre,Uviol,Confield,IDM; Experimental,2001,UK; England,192k VBR,mp3,8:35,Studio,LP
Autechre,Lentic Catachresis,Confield,IDM; Experimental,2001,UK; England,191k VBR,mp3,8:29,Studio,LP
Autechre,"Mcr Quarter (Recorded Live At Band On The Wall, Manchester 1998) (Bonus Track)",Confield,IDM; Experimental,2001,UK; England,206k VBR,mp3,11:02,Live,LP
Sonic Youth,(She's In A) Bad Mood,Confusion Is Sex,No Wave; Noise Rock,1983,USA,320k,mp3,5:36,Studio,LP
Sonic Youth,Protect Me You,Confusion Is Sex,No Wave; Noise Rock,1983,USA,320k,mp3,5:28,Studio,LP
Sonic Youth,Freezer Burn-I Wanna Be Your D,Confusion Is Sex,No Wave; Noise Rock,1983,USA,320k,mp3,3:39,Studio,LP
Sonic Youth,Shaking Hell,Confusion Is Sex,No Wave; Noise Rock,1983,USA,320k,mp3,4:06,Studio,LP
Sonic Youth,Inhuman,Confusion Is Sex,No Wave; Noise Rock,1983,USA,320k,mp3,4:03,Studio,LP
Sonic Youth,The World Looks Red,Confusion Is Sex,No Wave; Noise Rock,1983,USA,320k,mp3,2:43,Studio,LP
Sonic Youth,Confusion Is Next,Confusion Is Sex,No Wave; Noise Rock,1983,USA,320k,mp3,3:28,Studio,LP
Sonic Youth,Making The Nature Scene,Confusion Is Sex,No Wave; Noise Rock,1983,USA,320k,mp3,3:01,Studio,LP
Sonic Youth,Lee Is Free,Confusion Is Sex,No Wave; Noise Rock,1983,USA,320k,mp3,3:37,Studio,LP
Sonic Youth,Kill Yr. Idols,Confusion Is Sex,No Wave; Noise Rock,1983,USA,320k,mp3,2:51,Studio,LP
Sonic Youth,Brother James,Confusion Is Sex,No Wave; Noise Rock,1983,USA,320k,mp3,3:17,Studio,LP
Sonic Youth,Early American,Confusion Is Sex,No Wave; Noise Rock,1983,USA,320k,mp3,6:07,Studio,LP
Sonic Youth,Shaking Hell (Live),Confusion Is Sex,No Wave; Noise Rock,1983,USA,320k,mp3,3:15,Studio,LP
Duster,Get the Dutch,Contemporary Movement,Indie,2000,USA,320k,mp3,4:46,Studio,LP
Duster,Operations,Contemporary Movement,Indie,2000,USA,320k,mp3,3:30,Studio,LP
Duster,Diamond,Contemporary Movement,Indie,2000,USA,320k,mp3,3:26,Studio,LP
Duster,Me and the Birds,Contemporary Movement,Indie,2000,USA,320k,mp3,1:35,Studio,LP
Duster,Travelogue,Contemporary Movement,Indie,2000,USA,320k,mp3,4:36,Studio,LP
Duster,The Phantom Facing Me,Contemporary Movement,Indie,2000,USA,320k,mp3,2:55,Studio,LP
Duster,Cooking,Contemporary Movement,Indie,2000,USA,320k,mp3,4:35,Studio,LP
Duster,Unrecovery,Contemporary Movement,Indie,2000,USA,320k,mp3,3:34,Studio,LP
Duster,The Breakup Suite,Contemporary Movement,Indie,2000,USA,320k,mp3,3:20,Studio,LP
Duster,Everything You See,Contemporary Movement,Indie,2000,USA,320k,mp3,2:40,Studio,LP
Duster,Now Its Coming Back,Contemporary Movement,Indie,2000,USA,320k,mp3,2:43,Studio,LP
Duster,Automobile,Contemporary Movement,Indie,2000,USA,320k,mp3,2:07,Studio,LP
青葉市子 [Ichiko Aoba],雨 (clammbon),covers,Contemporary Folk,2022,Japan,320k,mp3,6:52,Bootleg,LP
青葉市子 [Ichiko Aoba],サーカスナイト (Tavito Nanao),covers,Contemporary Folk,2022,Japan,320k,mp3,5:22,Bootleg,LP
青葉市子 [Ichiko Aoba],貝の欠片,covers,Contemporary Folk,2022,Japan,320k,mp3,0:23,Bootleg,LP
青葉市子 [Ichiko Aoba],アラベスク (Shunji Iwai),covers,Contemporary Folk,2022,Japan,320k,mp3,5:58,Bootleg,LP
青葉市子 [Ichiko Aoba],ひまわりの家の輪舞曲 (Joe Hisaishi),covers,Contemporary Folk,2022,Japan,320k,mp3,4:32,Bootleg,LP
青葉市子 [Ichiko Aoba],卒業写真 (Yumi Arai),covers,Contemporary Folk,2022,Japan,320k,mp3,2:13,Bootleg,LP
青葉市子 [Ichiko Aoba],ひとりぼっちはやめた (Akiko Yano),covers,Contemporary Folk,2022,Japan,320k,mp3,4:02,Bootleg,LP
青葉市子 [Ichiko Aoba],ひずみ (HARUHI),covers,Contemporary Folk,2022,Japan,320k,mp3,5:35,Bootleg,LP
青葉市子 [Ichiko Aoba],ウヲアイニ (Shunji Iwai),covers,Contemporary Folk,2022,Japan,320k,mp3,2:35,Bootleg,LP
青葉市子 [Ichiko Aoba],to U (Bank Band),covers,Contemporary Folk,2022,Japan,320k,mp3,2:59,Bootleg,LP
青葉市子 [Ichiko Aoba],Moon River (Henry Mancini),covers,Contemporary Folk,2022,Japan,320k,mp3,2:41,Bootleg,LP
青葉市子 [Ichiko Aoba],Reflection Eternal (Nujabes),covers,Contemporary Folk,2022,Japan,320k,mp3,2:15,Bootleg,LP
青葉市子 [Ichiko Aoba],頼りない天使 (Fishmans),covers,Contemporary Folk,2022,Japan,320k,mp3,4:23,Bootleg,LP
青葉市子 [Ichiko Aoba],oyasumi VACANT,covers,Contemporary Folk,2022,Japan,320k,mp3,1:36,Bootleg,LP
John Coltrane,Crescent,Crescent,Post-Bop,1964,USA,6281k,flac,8:42,Studio,LP
John Coltrane,Wise One,Crescent,Post-Bop,1964,USA,6269k,flac,9:02,Studio,LP
John Coltrane,Bessie's Blues,Crescent,Post-Bop,1964,USA,6292k,flac,3:34,Studio,LP
John Coltrane,Lonnie's Lament,Crescent,Post-Bop,1964,USA,6209k,flac,11:45,Studio,LP
John Coltrane,The Drum Thing,Crescent,Post-Bop,1964,USA,6322k,flac,7:24,Studio,LP
東京酒吐座 [Tokyo Shoegazer],299 Addiction,Crystallize,Shoegaze,2011,Japan,320k,mp3,3:45,Studio,LP
東京酒吐座 [Tokyo Shoegazer],Just Alright,Crystallize,Shoegaze,2011,Japan,320k,mp3,3:48,Studio,LP
東京酒吐座 [Tokyo Shoegazer],Bright,Crystallize,Shoegaze,2011,Japan,320k,mp3,8:18,Studio,LP
東京酒吐座 [Tokyo Shoegazer],Silent Lies,Crystallize,Shoegaze,2011,Japan,320k,mp3,4:31,Studio,LP
東京酒吐座 [Tokyo Shoegazer],Waltz Matilda,Crystallize,Shoegaze,2011,Japan,320k,mp3,6:24,Studio,LP
東京酒吐座 [Tokyo Shoegazer],Free,Crystallize,Shoegaze,2011,Japan,320k,mp3,3:34,Studio,LP
東京酒吐座 [Tokyo Shoegazer],Back to My Place,Crystallize,Shoegaze,2011,Japan,320k,mp3,8:58,Studio,LP
Tame Impala,Let It Happen,Currents,Psychedelic Pop; Synthpop; Neo-Psychedelia,2015,Australia,1039k,flac,7:47,Studio,LP
Tame Impala,Nangs,Currents,Psychedelic Pop; Synthpop; Neo-Psychedelia,2015,Australia,1089k,flac,1:47,Studio,LP
Tame Impala,The Moment,Currents,Psychedelic Pop; Synthpop; Neo-Psychedelia,2015,Australia,1150k,flac,4:15,Studio,LP
Tame Impala,Yes I'm Changing,Currents,Psychedelic Pop; Synthpop; Neo-Psychedelia,2015,Australia,1081k,flac,4:30,Studio,LP
Tame Impala,Eventually,Currents,Psychedelic Pop; Synthpop; Neo-Psychedelia,2015,Australia,1059k,flac,5:18,Studio,LP
Tame Impala,Gossip,Currents,Psychedelic Pop; Synthpop; Neo-Psychedelia,2015,Australia,1279k,flac,0:55,Studio,LP
Tame Impala,The Less I Know The Better,Currents,Psychedelic Pop; Synthpop; Neo-Psychedelia,2015,Australia,1109k,flac,3:36,Studio,LP
Tame Impala,Past Life,Currents,Psychedelic Pop; Synthpop; Neo-Psychedelia,2015,Australia,1132k,flac,3:48,Studio,LP
Tame Impala,Disciples,Currents,Psychedelic Pop; Synthpop; Neo-Psychedelia,2015,Australia,1094k,flac,1:48,Studio,LP
Tame Impala,Cause I'm A Man,Currents,Psychedelic Pop; Synthpop; Neo-Psychedelia,2015,Australia,1061k,flac,4:01,Studio,LP
Tame Impala,Reality In Motion,Currents,Psychedelic Pop; Synthpop; Neo-Psychedelia,2015,Australia,1140k,flac,4:12,Studio,LP
Tame Impala,Love/Paranoia,Currents,Psychedelic Pop; Synthpop; Neo-Psychedelia,2015,Australia,1126k,flac,3:05,Studio,LP
Tame Impala,"New Person, Same Old Mistakes",Currents,Psychedelic Pop; Synthpop; Neo-Psychedelia,2015,Australia,997k,flac,6:03,Studio,LP
The Smile,Foreign Spies,Cutouts,Art Rock,2024,UK; England,764k,flac,4:48,Studio,LP
The Smile,Instant Psalm,Cutouts,Art Rock,2024,UK; England,838k,flac,4:18,Studio,LP
The Smile,Zero Sum,Cutouts,Art Rock,2024,UK; England,836k,flac,2:47,Studio,LP
The Smile,Colours Fly,Cutouts,Art Rock,2024,UK; England,800k,flac,4:55,Studio,LP
The Smile,Eyes & Mouth,Cutouts,Art Rock,2024,UK; England,856k,flac,3:59,Studio,LP
The Smile,Don't Get Me Started,Cutouts,Art Rock,2024,UK; England,524k,flac,5:55,Studio,LP
The Smile,Tiptoe,Cutouts,Art Rock,2024,UK; England,677k,flac,3:30,Studio,LP
The Smile,The Slip,Cutouts,Art Rock,2024,UK; England,733k,flac,4:29,Studio,LP
The Smile,No Words,Cutouts,Art Rock,2024,UK; England,823k,flac,4:16,Studio,LP
The Smile,Bodies Laughing,Cutouts,Art Rock,2024,UK; England,738k,flac,4:57,Studio,LP
Disco Inferno,In Sharky Water,D.I. Go Pop,Experimental Rock; Post-Rock; Neo-Psychedelia; Ambient Pop,1994,UK; England,320k,mp3,4:40,Studio,LP
Disco Inferno,New Clothes for the New World,D.I. Go Pop,Experimental Rock; Post-Rock; Neo-Psychedelia; Ambient Pop,1994,UK; England,320k,mp3,2:00,Studio,LP
Disco Inferno,Starbound: All Burnt Out & Nowhere to Go,D.I. Go Pop,Experimental Rock; Post-Rock; Neo-Psychedelia; Ambient Pop,1994,UK; England,320k,mp3,4:01,Studio,LP
Disco Inferno,A Crash at Every Speed,D.I. Go Pop,Experimental Rock; Post-Rock; Neo-Psychedelia; Ambient Pop,1994,UK; England,320k,mp3,4:43,Studio,LP
Disco Inferno,Even the Sea Sides Against Us,D.I. Go Pop,Experimental Rock; Post-Rock; Neo-Psychedelia; Ambient Pop,1994,UK; England,320k,mp3,3:44,Studio,LP
Disco Inferno,Next Year,D.I. Go Pop,Experimental Rock; Post-Rock; Neo-Psychedelia; Ambient Pop,1994,UK; England,320k,mp3,4:04,Studio,LP
Disco Inferno,A Whole Wide World Ahead,D.I. Go Pop,Experimental Rock; Post-Rock; Neo-Psychedelia; Ambient Pop,1994,UK; England,320k,mp3,4:40,Studio,LP
Disco Inferno,Footprints in Snow,D.I. Go Pop,Experimental Rock; Post-Rock; Neo-Psychedelia; Ambient Pop,1994,UK; England,254k VBR,mp3,5:29,Studio,LP
Thom Yorke & Flea / Wynton Marsalis,Daily Battles feat. Flea,Daily Battles,Art Pop; Jazz Pop,2019,USA; UK; England,320k,mp3,2:53,Studio,Single
Thom Yorke & Flea / Wynton Marsalis,Daily Battles,Daily Battles,Art Pop; Jazz Pop,2019,USA; UK; England,320k,mp3,3:24,Studio,Single
Cold Sun,South Texas,Dark Shadows,Acid Rock; Psychedelic Rock,1970,USA,256k,mp3,5:19,Studio,LP
Cold Sun,Twisted Flower,Dark Shadows,Acid Rock; Psychedelic Rock,1970,USA,256k,mp3,3:02,Studio,LP
Cold Sun,Here in the Year,Dark Shadows,Acid Rock; Psychedelic Rock,1970,USA,256k,mp3,8:53,Studio,LP
Cold Sun,For Ever,Dark Shadows,Acid Rock; Psychedelic Rock,1970,USA,256k,mp3,4:26,Studio,LP
Cold Sun,See What You Cause,Dark Shadows,Acid Rock; Psychedelic Rock,1970,USA,256k,mp3,3:41,Studio,LP
Cold Sun,Fall,Dark Shadows,Acid Rock; Psychedelic Rock,1970,USA,256k,mp3,7:12,Studio,LP
Cold Sun,Ra-Ma,Dark Shadows,Acid Rock; Psychedelic Rock,1970,USA,256k,mp3,11:19,Studio,LP
Cold Sun,Live Again,Dark Shadows,Acid Rock; Psychedelic Rock,1970,USA,256k,mp3,10:18,Studio,LP
Cold Sun,Mind Aura,Dark Shadows,Acid Rock; Psychedelic Rock,1970,USA,256k,mp3,7:27,Studio,LP
Pink Floyd,Speak To Me,Dark Side Of The Moon,Art Rock; Progressive Rock,1973,UK; England,555k,flac,1:08,Studio,LP
Pink Floyd,Breathe,Dark Side Of The Moon,Art Rock; Progressive Rock,1973,UK; England,837k,flac,2:46,Studio,LP
Pink Floyd,On The Run,Dark Side Of The Moon,Art Rock; Progressive Rock,1973,UK; England,745k,flac,3:38,Studio,LP
Pink Floyd,Time,Dark Side Of The Moon,Art Rock; Progressive Rock,1973,UK; England,817k,flac,7:00,Studio,LP
Pink Floyd,The Great Gig In The Sky,Dark Side Of The Moon,Art Rock; Progressive Rock,1973,UK; England,705k,flac,4:48,Studio,LP
Pink Floyd,Money,Dark Side Of The Moon,Art Rock; Progressive Rock,1973,UK; England,900k,flac,6:33,Studio,LP
Pink Floyd,Us And Them,Dark Side Of The Moon,Art Rock; Progressive Rock,1973,UK; England,801k,flac,7:39,Studio,LP
Pink Floyd,Any Colour You Like,Dark Side Of The Moon,Art Rock; Progressive Rock,1973,UK; England,830k,flac,3:25,Studio,LP
Pink Floyd,Brain Damage,Dark Side Of The Moon,Art Rock; Progressive Rock,1973,UK; England,806k,flac,3:50,Studio,LP
Pink Floyd,Eclipse,Dark Side Of The Moon,Art Rock; Progressive Rock,1973,UK; England,752k,flac,2:05,Studio,LP
Ryoji Ikeda,data.index,Dataplex,Microsound; Glitch; Data Sonification,2005,Japan,161k VBR,mp3,2:11,Studio,LP
Ryoji Ikeda,data.simplex,Dataplex,Microsound; Glitch; Data Sonification,2005,Japan,227k VBR,mp3,0:57,Studio,LP
Ryoji Ikeda,data.duplex,Dataplex,Microsound; Glitch; Data Sonification,2005,Japan,192k,mp3,0:53,Studio,LP
Ryoji Ikeda,data.triplex,Dataplex,Microsound; Glitch; Data Sonification,2005,Japan,254k VBR,mp3,1:27,Studio,LP
Ryoji Ikeda,data.multiplex,Dataplex,Microsound; Glitch; Data Sonification,2005,Japan,250k VBR,mp3,1:32,Studio,LP
Ryoji Ikeda,data.complex,Dataplex,Microsound; Glitch; Data Sonification,2005,Japan,192k,mp3,0:49,Studio,LP
Ryoji Ikeda,data.hypercomplex,Dataplex,Microsound; Glitch; Data Sonification,2005,Japan,192k,mp3,1:19,Studio,LP
Ryoji Ikeda,data.googolplex,Dataplex,Microsound; Glitch; Data Sonification,2005,Japan,192k,mp3,0:51,Studio,LP
Ryoji Ikeda,data.microhelix,Dataplex,Microsound; Glitch; Data Sonification,2005,Japan,192k,mp3,3:12,Studio,LP
Ryoji Ikeda,data.superhelix,Dataplex,Microsound; Glitch; Data Sonification,2005,Japan,192k,mp3,2:28,Studio,LP
Ryoji Ikeda,data.minimax,Dataplex,Microsound; Glitch; Data Sonification,2005,Japan,192k,mp3,3:08,Studio,LP
Ryoji Ikeda,data.syntax,Dataplex,Microsound; Glitch; Data Sonification,2005,Japan,192k,mp3,4:17,Studio,LP
Ryoji Ikeda,data.telex,Dataplex,Microsound; Glitch; Data Sonification,2005,Japan,192k,mp3,1:05,Studio,LP
Ryoji Ikeda,data.flex,Dataplex,Microsound; Glitch; Data Sonification,2005,Japan,192k,mp3,2:28,Studio,LP
Ryoji Ikeda,data.reflex,Dataplex,Microsound; Glitch; Data Sonification,2005,Japan,192k,mp3,4:16,Studio,LP
Ryoji Ikeda,data.convex,Dataplex,Microsound; Glitch; Data Sonification,2005,Japan,192k,mp3,1:28,Studio,LP
Ryoji Ikeda,data.vertex,Dataplex,Microsound; Glitch; Data Sonification,2005,Japan,192k,mp3,2:05,Studio,LP
Ryoji Ikeda,data.cortex,Dataplex,Microsound; Glitch; Data Sonification,2005,Japan,192k,mp3,5:48,Studio,LP
Ryoji Ikeda,data.matrix,Dataplex,Microsound; Glitch; Data Sonification,2005,Japan,192k,mp3,10:01,Studio,LP
Ryoji Ikeda,data.adaplex,Dataplex,Microsound; Glitch; Data Sonification,2005,Japan,192k,mp3,5:00,Studio,LP
Sonic Youth,Teen Age Riot,Daydream Nation,Noise Rock; Alternative Rock,1988,USA,320k,mp3,6:58,Studio,LP
Sonic Youth,Silver Rocket,Daydream Nation,Noise Rock; Alternative Rock,1988,USA,320k,mp3,3:48,Studio,LP
Sonic Youth,The Sprawl,Daydream Nation,Noise Rock; Alternative Rock,1988,USA,320k,mp3,7:41,Studio,LP
Sonic Youth,Cross The Breeze,Daydream Nation,Noise Rock; Alternative Rock,1988,USA,320k,mp3,7:00,Studio,LP
Sonic Youth,Eric's Trip,Daydream Nation,Noise Rock; Alternative Rock,1988,USA,320k,mp3,3:48,Studio,LP
Sonic Youth,Total Trash,Daydream Nation,Noise Rock; Alternative Rock,1988,USA,320k,mp3,7:33,Studio,LP
Sonic Youth,Hey Joni,Daydream Nation,Noise Rock; Alternative Rock,1988,USA,320k,mp3,4:23,Studio,LP
Sonic Youth,Providence,Daydream Nation,Noise Rock; Alternative Rock,1988,USA,320k,mp3,2:41,Studio,LP
Sonic Youth,Candle,Daydream Nation,Noise Rock; Alternative Rock,1988,USA,320k,mp3,4:59,Studio,LP
Sonic Youth,Rain King,Daydream Nation,Noise Rock; Alternative Rock,1988,USA,320k,mp3,4:39,Studio,LP
Sonic Youth,Kissability,Daydream Nation,Noise Rock; Alternative Rock,1988,USA,320k,mp3,3:08,Studio,LP
Sonic Youth,Trilogy,Daydream Nation,Noise Rock; Alternative Rock,1988,USA,320k,mp3,14:03,Studio,LP
Anna von Hausswolff,"The Truth, The Glow, The Fall",Dead Magic,Neoclassical Darkwave,2018,Sweden,320k,mp3,12:07,Studio,LP
Anna von Hausswolff,The Mysterious Vanishing of Electra,Dead Magic,Neoclassical Darkwave,2018,Sweden,320k,mp3,6:08,Studio,LP
Anna von Hausswolff,Ugly And Vengeful,Dead Magic,Neoclassical Darkwave,2018,Sweden,320k,mp3,16:17,Studio,LP
Anna von Hausswolff,The Marble Eye,Dead Magic,Neoclassical Darkwave,2018,Sweden,320k,mp3,5:18,Studio,LP
Anna von Hausswolff,Kallans ateruppstandelse,Dead Magic,Neoclassical Darkwave,2018,Sweden,320k,mp3,7:26,Studio,LP
Have a Nice Life,A Quick One Before the Eternal Worm Devours Connecticut,Deathconsciousness,Shoegaze; Post-Punk,2008,USA,128k,mp3,7:52,Studio,LP
Have a Nice Life,Bloodhail,Deathconsciousness,Shoegaze; Post-Punk,2008,USA,128k,mp3,5:38,Studio,LP
Have a Nice Life,The Big Gloom,Deathconsciousness,Shoegaze; Post-Punk,2008,USA,128k,mp3,8:04,Studio,LP
Have a Nice Life,Hunter,Deathconsciousness,Shoegaze; Post-Punk,2008,USA,128k,mp3,9:43,Studio,LP
Have a Nice Life,Telefony,Deathconsciousness,Shoegaze; Post-Punk,2008,USA,128k,mp3,4:36,Studio,LP
Have a Nice Life,Who Would Leave Their Son Out in the Sun?,Deathconsciousness,Shoegaze; Post-Punk,2008,USA,128k,mp3,5:17,Studio,LP
Have a Nice Life,There is No Food,Deathconsciousness,Shoegaze; Post-Punk,2008,USA,128k,mp3,4:00,Studio,LP
Have a Nice Life,Waiting for Black Metal Records to Come in the Mail,Deathconsciousness,Shoegaze; Post-Punk,2008,USA,128k,mp3,6:15,Studio,LP
Have a Nice Life,"Holy Fucking Shit: 40,000",Deathconsciousness,Shoegaze; Post-Punk,2008,USA,128k,mp3,6:26,Studio,LP
Have a Nice Life,The Future,Deathconsciousness,Shoegaze; Post-Punk,2008,USA,128k,mp3,3:48,Studio,LP
Have a Nice Life,"Deep, Deep",Deathconsciousness,Shoegaze; Post-Punk,2008,USA,128k,mp3,5:23,Studio,LP
Have a Nice Life,I Don't Love,Deathconsciousness,Shoegaze; Post-Punk,2008,USA,128k,mp3,6:06,Studio,LP
Have a Nice Life,Earthmover,Deathconsciousness,Shoegaze; Post-Punk,2008,USA,128k,mp3,11:28,Studio,LP
Björk,Human Behaviour,Debut,Art Pop; House,1993,Iceland,783k,flac,4:10,Studio,LP
Björk,Crying,Debut,Art Pop; House,1993,Iceland,908k,flac,4:52,Studio,LP
Björk,Venus As A Boy,Debut,Art Pop; House,1993,Iceland,846k,flac,4:42,Studio,LP
Björk,There's More To Life Than This [Live At The Milk Bar Toilets],Debut,Art Pop; House,1993,Iceland,867k,flac,3:21,Studio,LP
Björk,Like Someone In Love,Debut,Art Pop; House,1993,Iceland,670k,flac,4:33,Studio,LP
Björk,Big Time Sensuality,Debut,Art Pop; House,1993,Iceland,911k,flac,3:56,Studio,LP
Björk,One Day,Debut,Art Pop; House,1993,Iceland,858k,flac,5:22,Studio,LP
Björk,Aeroplane,Debut,Art Pop; House,1993,Iceland,766k,flac,3:56,Studio,LP
Björk,Come To Me,Debut,Art Pop; House,1993,Iceland,892k,flac,4:55,Studio,LP
Björk,Violently Happy,Debut,Art Pop; House,1993,Iceland,874k,flac,4:59,Studio,LP
Björk,The Anchor Song,Debut,Art Pop; House,1993,Iceland,742k,flac,3:31,Studio,LP
Björk,Play Dead,Debut,Art Pop; House,1993,Iceland,832k,flac,3:56,Studio,LP
This Heat,Sleep,Deceit,Experimental Rock; Post-Punk,1981,UK; England,189k VBR,mp3,2:14,Studio,LP
This Heat,Paper Hats,Deceit,Experimental Rock; Post-Punk,1981,UK; England,215k VBR,mp3,6:02,Studio,LP
This Heat,Triumph,Deceit,Experimental Rock; Post-Punk,1981,UK; England,198k VBR,mp3,2:55,Studio,LP
This Heat,S.P.Q.R.,Deceit,Experimental Rock; Post-Punk,1981,UK; England,221k VBR,mp3,3:28,Studio,LP
This Heat,Cenotaph,Deceit,Experimental Rock; Post-Punk,1981,UK; England,215k VBR,mp3,4:39,Studio,LP
This Heat,Shrink Wrap,Deceit,Experimental Rock; Post-Punk,1981,UK; England,210k VBR,mp3,1:40,Studio,LP
This Heat,Radio Prague,Deceit,Experimental Rock; Post-Punk,1981,UK; England,183k VBR,mp3,2:21,Studio,LP
This Heat,Makeshift Swahili,Deceit,Experimental Rock; Post-Punk,1981,UK; England,216k VBR,mp3,4:04,Studio,LP
This Heat,Independence,Deceit,Experimental Rock; Post-Punk,1981,UK; England,196k VBR,mp3,3:42,Studio,LP
This Heat,A New Kind Of Water,Deceit,Experimental Rock; Post-Punk,1981,UK; England,217k VBR,mp3,4:57,Studio,LP
This Heat,Hi Baku Sho (Suffer Bomb Disease),Deceit,Experimental Rock; Post-Punk,1981,UK; England,188k VBR,mp3,4:03,Studio,LP
Can,Butterfly,Delay 1968,Krautrock; Psychedelic Rock,1981,Germany,320k,mp3,8:20,Studio,LP
Can,Pnoom,Delay 1968,Krautrock; Psychedelic Rock,1981,Germany,320k,mp3,0:26,Studio,LP
Can,Nineteen Century Man,Delay 1968,Krautrock; Psychedelic Rock,1981,Germany,320k,mp3,4:18,Studio,LP
Can,Thief,Delay 1968,Krautrock; Psychedelic Rock,1981,Germany,320k,mp3,5:06,Studio,LP
Can,Man Named Joe,Delay 1968,Krautrock; Psychedelic Rock,1981,Germany,320k,mp3,3:54,Studio,LP
Can,Uphill,Delay 1968,Krautrock; Psychedelic Rock,1981,Germany,320k,mp3,6:38,Studio,LP
Can,Little Star Of Bethlehem,Delay 1968,Krautrock; Psychedelic Rock,1981,Germany,320k,mp3,7:07,Studio,LP
Swans,The Knot,Deliquescence,Post-Rock; Experimental Rock,2017,USA,320k,mp3,45:37,Live,LP
Swans,Screen Shot,Deliquescence,Post-Rock; Experimental Rock,2017,USA,320k,mp3,7:51,Live,LP
Swans,Cloud of Forgetting,Deliquescence,Post-Rock; Experimental Rock,2017,USA,320k,mp3,16:01,Live,LP
Swans,Deliquescing,Deliquescence,Post-Rock; Experimental Rock,2017,USA,320k,mp3,10:09,Live,LP
Swans,Cloud of Unknowing,Deliquescence,Post-Rock; Experimental Rock,2017,USA,320k,mp3,29:22,Live,LP
Swans,The Man Who Refused to Be Unhappy,Deliquescence,Post-Rock; Experimental Rock,2017,USA,320k,mp3,9:44,Live,LP
Swans,The Glowing Man,Deliquescence,Post-Rock; Experimental Rock,2017,USA,320k,mp3,36:20,Live,LP
King Crimson,Elephant Talk,Discipline,Art Rock; Progressive Rock; New Wave,1989,UK; England,128k,mp3,4:43,Studio,LP
King Crimson,Frame by Frame,Discipline,Art Rock; Progressive Rock; New Wave,1989,UK; England,128k,mp3,5:09,Studio,LP
King Crimson,Matte Kudasai,Discipline,Art Rock; Progressive Rock; New Wave,1989,UK; England,128k,mp3,3:47,Studio,LP
King Crimson,Indiscipline,Discipline,Art Rock; Progressive Rock; New Wave,1989,UK; England,128k,mp3,4:33,Studio,LP
King Crimson,Thela Hun Ginjeet,Discipline,Art Rock; Progressive Rock; New Wave,1989,UK; England,128k,mp3,6:25,Studio,LP
King Crimson,The Sheltering Sky,Discipline,Art Rock; Progressive Rock; New Wave,1989,UK; England,128k,mp3,8:22,Studio,LP
King Crimson,Discipline,Discipline,Art Rock; Progressive Rock; New Wave,1989,UK; England,128k,mp3,5:13,Studio,LP
Brian Eno,Discreet Music,Discreet Music,Ambient; Modern Classical,1975,UK; England,192k,mp3,30:35,Studio,LP
Brian Eno,Fullness of Wind,Discreet Music,Ambient; Modern Classical,1975,UK; England,192k,mp3,9:57,Studio,LP
Brian Eno,French Catalogues,Discreet Music,Ambient; Modern Classical,1975,UK; England,192k,mp3,5:18,Studio,LP
Brian Eno,Brutal Ardor,Discreet Music,Ambient; Modern Classical,1975,UK; England,192k,mp3,8:17,Studio,LP
The Cure,Plainsong,Disintegration,Gothic Rock; Post-Punk,1989,UK; England,865k,flac,5:17,Studio,LP
The Cure,Pictures of You,Disintegration,Gothic Rock; Post-Punk,1989,UK; England,903k,flac,7:28,Studio,LP
The Cure,Closedown,Disintegration,Gothic Rock; Post-Punk,1989,UK; England,842k,flac,4:18,Studio,LP
The Cure,Lovesong,Disintegration,Gothic Rock; Post-Punk,1989,UK; England,974k,flac,3:29,Studio,LP
The Cure,Last Dance,Disintegration,Gothic Rock; Post-Punk,1989,UK; England,907k,flac,4:45,Studio,LP
The Cure,Lullaby,Disintegration,Gothic Rock; Post-Punk,1989,UK; England,868k,flac,4:09,Studio,LP
The Cure,Fascination Street,Disintegration,Gothic Rock; Post-Punk,1989,UK; England,949k,flac,5:16,Studio,LP
The Cure,Prayers for Rain,Disintegration,Gothic Rock; Post-Punk,1989,UK; England,877k,flac,6:08,Studio,LP
The Cure,The Same Deep Water as You,Disintegration,Gothic Rock; Post-Punk,1989,UK; England,923k,flac,9:22,Studio,LP
The Cure,Disintegration,Disintegration,Gothic Rock; Post-Punk,1989,UK; England,970k,flac,8:19,Studio,LP
The Cure,Homesick,Disintegration,Gothic Rock; Post-Punk,1989,UK; England,820k,flac,7:07,Studio,LP
The Cure,Untitled,Disintegration,Gothic Rock; Post-Punk,1989,UK; England,824k,flac,6:33,Studio,LP
DNA,You & You,DNA on DNA,No Wave,2004,USA,320k,mp3,2:07,Studio,LP
DNA,Little Ants,DNA on DNA,No Wave,2004,USA,320k,mp3,2:06,Studio,LP
DNA,Egomaniac's Kiss,DNA on DNA,No Wave,2004,USA,320k,mp3,2:11,Studio,LP
DNA,Lionel,DNA on DNA,No Wave,2004,USA,320k,mp3,2:08,Studio,LP
DNA,Not Moving,DNA on DNA,No Wave,2004,USA,320k,mp3,2:39,Studio,LP
DNA,Size,DNA on DNA,No Wave,2004,USA,320k,mp3,2:15,Studio,LP
DNA,New Fast,DNA on DNA,No Wave,2004,USA,320k,mp3,1:14,Studio,LP
DNA,5 : 30,DNA on DNA,No Wave,2004,USA,320k,mp3,1:04,Studio,LP
DNA,Blond Red Head,DNA on DNA,No Wave,2004,USA,320k,mp3,1:52,Studio,LP
DNA,32123,DNA on DNA,No Wave,2004,USA,320k,mp3,0:54,Studio,LP
DNA,New New,DNA on DNA,No Wave,2004,USA,320k,mp3,2:49,Studio,LP
DNA,Lying On The Sofa Of Life,DNA on DNA,No Wave,2004,USA,320k,mp3,1:52,Studio,LP
DNA,Grapefruit,DNA on DNA,No Wave,2004,USA,320k,mp3,5:00,Studio,LP
DNA,Taking Kid To School,DNA on DNA,No Wave,2004,USA,320k,mp3,1:31,Studio,LP
DNA,Young Teenagers Talk Sex,DNA on DNA,No Wave,2004,USA,320k,mp3,1:05,Studio,LP
DNA,Delivering The Good,DNA on DNA,No Wave,2004,USA,320k,mp3,2:09,Studio,LP
DNA,Police Chase,DNA on DNA,No Wave,2004,USA,320k,mp3,1:38,Studio,LP
DNA,Cop Buys A Donut,DNA on DNA,No Wave,2004,USA,320k,mp3,1:09,Studio,LP
DNA,Detached (Early Version),DNA on DNA,No Wave,2004,USA,320k,mp3,1:45,Studio,LP
DNA,Low,DNA on DNA,No Wave,2004,USA,320k,mp3,1:56,Studio,LP
DNA,Nearing,DNA on DNA,No Wave,2004,USA,320k,mp3,2:15,Studio,LP
DNA,5 : 30 (Early Version),DNA on DNA,No Wave,2004,USA,320k,mp3,1:55,Studio,LP
DNA,Surrender,DNA on DNA,No Wave,2004,USA,320k,mp3,3:48,Studio,LP
DNA,Newest Fastest,DNA on DNA,No Wave,2004,USA,320k,mp3,1:14,Studio,LP
DNA,Detached,DNA on DNA,No Wave,2004,USA,320k,mp3,1:20,Studio,LP
DNA,Brand New,DNA on DNA,No Wave,2004,USA,320k,mp3,2:13,Studio,LP
DNA,Hosre,DNA on DNA,No Wave,2004,USA,320k,mp3,2:47,Studio,LP
DNA,Forgery,DNA on DNA,No Wave,2004,USA,320k,mp3,0:59,Studio,LP
DNA,Action,DNA on DNA,No Wave,2004,USA,320k,mp3,1:04,Studio,LP
DNA,Marshall,DNA on DNA,No Wave,2004,USA,320k,mp3,1:52,Studio,LP
DNA,A New Low,DNA on DNA,No Wave,2004,USA,320k,mp3,1:43,Studio,LP
DNA,Calling To Phone,DNA on DNA,No Wave,2004,USA,320k,mp3,2:15,Studio,LP
Pixies,Debaser,Doolittle,Indie Rock; Alternative Rock,1989,USA,922k,flac,2:52,Studio,LP
Pixies,Tame,Doolittle,Indie Rock; Alternative Rock,1989,USA,930k,flac,1:55,Studio,LP
Pixies,Wave Of Mutilation,Doolittle,Indie Rock; Alternative Rock,1989,USA,925k,flac,2:04,Studio,LP
Pixies,I Bleed,Doolittle,Indie Rock; Alternative Rock,1989,USA,884k,flac,2:34,Studio,LP
Pixies,Here Comes Your Man,Doolittle,Indie Rock; Alternative Rock,1989,USA,917k,flac,3:21,Studio,LP
Pixies,Dead,Doolittle,Indie Rock; Alternative Rock,1989,USA,766k,flac,2:21,Studio,LP
Pixies,Monkey Gone To Heaven,Doolittle,Indie Rock; Alternative Rock,1989,USA,883k,flac,2:56,Studio,LP
Pixies,Mr. Grieves,Doolittle,Indie Rock; Alternative Rock,1989,USA,792k,flac,2:05,Studio,LP
Pixies,Crackity Jones,Doolittle,Indie Rock; Alternative Rock,1989,USA,939k,flac,1:24,Studio,LP
Pixies,La La Love You,Doolittle,Indie Rock; Alternative Rock,1989,USA,935k,flac,2:43,Studio,LP
Pixies,No. 13 Baby,Doolittle,Indie Rock; Alternative Rock,1989,USA,876k,flac,3:51,Studio,LP
Pixies,There Goes My Gun,Doolittle,Indie Rock; Alternative Rock,1989,USA,860k,flac,1:49,Studio,LP
Pixies,Hey,Doolittle,Indie Rock; Alternative Rock,1989,USA,764k,flac,3:31,Studio,LP
Pixies,Silver,Doolittle,Indie Rock; Alternative Rock,1989,USA,726k,flac,2:25,Studio,LP
Pixies,Gouge Away,Doolittle,Indie Rock; Alternative Rock,1989,USA,898k,flac,2:45,Studio,LP
Diagnose Me Doc,Untitled,Dose 1,Acoustic,2023,UK; England,192k,mp3,2:25,Studio,Single
Stereolab,Brakhage,Dots And Loops,Art Pop; Indietronica; Ambient Pop,1997,UK; France; England,880k,flac,5:30,Studio,LP
Stereolab,Miss Modular,Dots And Loops,Art Pop; Indietronica; Ambient Pop,1997,UK; France; England,865k,flac,4:29,Studio,LP
Stereolab,The Flower Called Nowhere,Dots And Loops,Art Pop; Indietronica; Ambient Pop,1997,UK; France; England,1019k,flac,4:55,Studio,LP
Stereolab,Diagonals,Dots And Loops,Art Pop; Indietronica; Ambient Pop,1997,UK; France; England,920k,flac,5:15,Studio,LP
Stereolab,Prisoner of Mars,Dots And Loops,Art Pop; Indietronica; Ambient Pop,1997,UK; France; England,876k,flac,4:03,Studio,LP
Stereolab,Rainbo Conversation,Dots And Loops,Art Pop; Indietronica; Ambient Pop,1997,UK; France; England,910k,flac,4:46,Studio,LP
Stereolab,Refractions in the Plastic Pulse,Dots And Loops,Art Pop; Indietronica; Ambient Pop,1997,UK; France; England,791k,flac,17:32,Studio,LP
Stereolab,Parsec,Dots And Loops,Art Pop; Indietronica; Ambient Pop,1997,UK; France; England,859k,flac,5:34,Studio,LP
Stereolab,Ticker-tape of the Unconscious,Dots And Loops,Art Pop; Indietronica; Ambient Pop,1997,UK; France; England,826k,flac,4:45,Studio,LP
Stereolab,Contronatura,Dots And Loops,Art Pop; Indietronica; Ambient Pop,1997,UK; France; England,894k,flac,9:03,Studio,LP
Big Thief,Incomprehensible,Double Infinity,Folk Rock; Neo-Psychedelia; Indie rock,2025,USA,1375k,flac,3:53,Studio,LP
Big Thief,Words,Double Infinity,Folk Rock; Neo-Psychedelia; Indie rock,2025,USA,1412k,flac,3:47,Studio,LP
Big Thief,Los Angeles,Double Infinity,Folk Rock; Neo-Psychedelia; Indie rock,2025,USA,1333k,flac,3:57,Studio,LP
Big Thief,All Night All Day,Double Infinity,Folk Rock; Neo-Psychedelia; Indie rock,2025,USA,1324k,flac,4:48,Studio,LP
Big Thief,Double Infinity,Double Infinity,Folk Rock; Neo-Psychedelia; Indie rock,2025,USA,1270k,flac,4:12,Studio,LP
Big Thief,No Fear,Double Infinity,Folk Rock; Neo-Psychedelia; Indie rock,2025,USA,1146k,flac,6:58,Studio,LP
Big Thief,Grandmother,Double Infinity,Folk Rock; Neo-Psychedelia; Indie rock,2025,USA,1223k,flac,6:00,Studio,LP
Big Thief,Happy with You,Double Infinity,Folk Rock; Neo-Psychedelia; Indie rock,2025,USA,1369k,flac,4:26,Studio,LP
Big Thief,How Could I Have Known,Double Infinity,Folk Rock; Neo-Psychedelia; Indie rock,2025,USA,1271k,flac,4:48,Studio,LP
Autechre,Xylin Room,Draft 7.30,IDM; Experimental,2003,UK; England,180k VBR,mp3,6:09,Studio,LP
Autechre,IV VV IV VV VIII,Draft 7.30,IDM; Experimental,2003,UK; England,162k VBR,mp3,4:50,Studio,LP
Autechre,6IE.CR,Draft 7.30,IDM; Experimental,2003,UK; England,228k VBR,mp3,5:38,Studio,LP
Autechre,Tapr,Draft 7.30,IDM; Experimental,2003,UK; England,203k VBR,mp3,3:14,Studio,LP
Autechre,Surripere,Draft 7.30,IDM; Experimental,2003,UK; England,194k VBR,mp3,11:23,Studio,LP
Autechre,Theme Of Sudden Roundabout,Draft 7.30,IDM; Experimental,2003,UK; England,197k VBR,mp3,4:51,Studio,LP
Autechre,VL AL 5,Draft 7.30,IDM; Experimental,2003,UK; England,224k VBR,mp3,4:56,Studio,LP
Autechre,P.:NTIL,Draft 7.30,IDM; Experimental,2003,UK; England,180k VBR,mp3,7:07,Studio,LP
Autechre,V-Proc,Draft 7.30,IDM; Experimental,2003,UK; England,191k VBR,mp3,6:00,Studio,LP
Autechre,Reniform Puls,Draft 7.30,IDM; Experimental,2003,UK; England,187k VBR,mp3,8:38,Studio,LP
Big Thief,Change,Dragon New Warm Mountain I Believe in You,Indie Folk; Folk Rock; Alt-Country,2022,USA,816k,flac,4:55,Studio,LP
Big Thief,Time Escaping,Dragon New Warm Mountain I Believe in You,Indie Folk; Folk Rock; Alt-Country,2022,USA,1007k,flac,3:48,Studio,LP
Big Thief,Spud Infinity,Dragon New Warm Mountain I Believe in You,Indie Folk; Folk Rock; Alt-Country,2022,USA,864k,flac,5:34,Studio,LP
Big Thief,Certainty,Dragon New Warm Mountain I Believe in You,Indie Folk; Folk Rock; Alt-Country,2022,USA,845k,flac,3:07,Studio,LP
Big Thief,Dragon New Warm Moutain I Believe in You,Dragon New Warm Mountain I Believe in You,Indie Folk; Folk Rock; Alt-Country,2022,USA,855k,flac,4:43,Studio,LP
Big Thief,Sparrow,Dragon New Warm Mountain I Believe in You,Indie Folk; Folk Rock; Alt-Country,2022,USA,832k,flac,5:11,Studio,LP
Big Thief,Little Things,Dragon New Warm Mountain I Believe in You,Indie Folk; Folk Rock; Alt-Country,2022,USA,1052k,flac,5:44,Studio,LP
Big Thief,Heavy Bend,Dragon New Warm Mountain I Believe in You,Indie Folk; Folk Rock; Alt-Country,2022,USA,834k,flac,1:36,Studio,LP
Big Thief,Flower of Blood,Dragon New Warm Mountain I Believe in You,Indie Folk; Folk Rock; Alt-Country,2022,USA,963k,flac,4:24,Studio,LP
Big Thief,Blurred View,Dragon New Warm Mountain I Believe in You,Indie Folk; Folk Rock; Alt-Country,2022,USA,752k,flac,4:06,Studio,LP
Big Thief,Red Moon,Dragon New Warm Mountain I Believe in You,Indie Folk; Folk Rock; Alt-Country,2022,USA,904k,flac,4:19,Studio,LP
Big Thief,Dried Roses,Dragon New Warm Mountain I Believe in You,Indie Folk; Folk Rock; Alt-Country,2022,USA,712k,flac,2:35,Studio,LP
Big Thief,No Reason,Dragon New Warm Mountain I Believe in You,Indie Folk; Folk Rock; Alt-Country,2022,USA,911k,flac,3:47,Studio,LP
Big Thief,Wake Me Up to Drive,Dragon New Warm Mountain I Believe in You,Indie Folk; Folk Rock; Alt-Country,2022,USA,861k,flac,3:43,Studio,LP
Big Thief,Promise Is a Pendulum,Dragon New Warm Mountain I Believe in You,Indie Folk; Folk Rock; Alt-Country,2022,USA,512k,flac,4:12,Studio,LP
Big Thief,"12,000 Lines",Dragon New Warm Mountain I Believe in You,Indie Folk; Folk Rock; Alt-Country,2022,USA,802k,flac,2:59,Studio,LP
Big Thief,Simulation Swarm,Dragon New Warm Mountain I Believe in You,Indie Folk; Folk Rock; Alt-Country,2022,USA,880k,flac,4:12,Studio,LP
Big Thief,Love Love Love,Dragon New Warm Mountain I Believe in You,Indie Folk; Folk Rock; Alt-Country,2022,USA,903k,flac,4:13,Studio,LP
Big Thief,The Only Place,Dragon New Warm Mountain I Believe in You,Indie Folk; Folk Rock; Alt-Country,2022,USA,785k,flac,3:14,Studio,LP
Big Thief,Blue Lightning,Dragon New Warm Mountain I Believe in You,Indie Folk; Folk Rock; Alt-Country,2022,USA,850k,flac,3:56,Studio,LP
Big Thief,Dragon New Warm Mountain I Believe in You (Tucson) (Bonus Track for Japan),Dragon New Warm Mountain I Believe in You,Indie Folk; Folk Rock; Alt-Country,2022,USA,785k,flac,5:58,Studio,LP
Big Thief,Light Is As Is (Bonus Track for Japan),Dragon New Warm Mountain I Believe in You,Indie Folk; Folk Rock; Alt-Country,2022,USA,777k,flac,3:02,Studio,LP
Yellow Swans,Sandwall,Drowner,Noise; Drone,2007,USA,320k,mp3,11:15,Studio,LP
Yellow Swans,Velvet Water,Drowner,Noise; Drone,2007,USA,320k,mp3,7:34,Studio,LP
Yellow Swans,First Drowner,Drowner,Noise; Drone,2007,USA,320k,mp3,10:48,Studio,LP
Yellow Swans,Second Drowner,Drowner,Noise; Drone,2007,USA,320k,mp3,7:10,Studio,LP
Yellow Swans,Isolation Tank,Drowner,Noise; Drone,2007,USA,320k,mp3,5:55,Studio,LP
Yellow Swans,Seafloor,Drowner,Noise; Drone,2007,USA,320k,mp3,6:39,Studio,LP
Yellow Swans,Beacons,Drowner,Noise; Drone,2007,USA,320k,mp3,5:28,Studio,LP
Yellow Swans,Disjecta,Drowner,Noise; Drone,2007,USA,320k,mp3,4:36,Studio,LP
Aphex Twin,Jynweythek,Drukqs,IDM; Drill and Bass,2001,UK; England,320k,mp3,2:23,Studio,LP
Aphex Twin,Vordhosbn,Drukqs,IDM; Drill and Bass,2001,UK; England,320k,mp3,4:51,Studio,LP
Aphex Twin,Kladfvgbung Mischk,Drukqs,IDM; Drill and Bass,2001,UK; England,320k,mp3,2:06,Studio,LP
Aphex Twin,Omgyjya-Switch7,Drukqs,IDM; Drill and Bass,2001,UK; England,320k,mp3,4:52,Studio,LP
Aphex Twin,Strotha Tynhe,Drukqs,IDM; Drill and Bass,2001,UK; England,320k,mp3,2:12,Studio,LP
Aphex Twin,Gwely Mernans,Drukqs,IDM; Drill and Bass,2001,UK; England,320k,mp3,5:07,Studio,LP
Aphex Twin,Bbydhyonchord,Drukqs,IDM; Drill and Bass,2001,UK; England,320k,mp3,2:33,Studio,LP
Aphex Twin,Cock/ver10,Drukqs,IDM; Drill and Bass,2001,UK; England,320k,mp3,5:18,Studio,LP
Aphex Twin,Avril 14th,Drukqs,IDM; Drill and Bass,2001,UK; England,320k,mp3,2:05,Studio,LP
Aphex Twin,Mt Saint Michel + Saint Michaels Mount,Drukqs,IDM; Drill and Bass,2001,UK; England,320k,mp3,8:09,Studio,LP
Aphex Twin,Gwarek2,Drukqs,IDM; Drill and Bass,2001,UK; England,320k,mp3,6:46,Studio,LP
Aphex Twin,Orban Eq Trx 4,Drukqs,IDM; Drill and Bass,2001,UK; England,320k,mp3,1:34,Studio,LP
Aphex Twin,Aussois,Drukqs,IDM; Drill and Bass,2001,UK; England,320k,mp3,0:13,Studio,LP
Aphex Twin,Hy a Scullyas Lyf Adhagrow,Drukqs,IDM; Drill and Bass,2001,UK; England,320k,mp3,2:14,Studio,LP
Aphex Twin,Kesson Dalek,Drukqs,IDM; Drill and Bass,2001,UK; England,320k,mp3,1:21,Studio,LP
Aphex Twin,54 Cymru Beats,Drukqs,IDM; Drill and Bass,2001,UK; England,192k,mp3,6:06,Studio,LP
Aphex Twin,Btoum-Roumada,Drukqs,IDM; Drill and Bass,2001,UK; England,192k,mp3,1:58,Studio,LP
Aphex Twin,Lornaderek,Drukqs,IDM; Drill and Bass,2001,UK; England,192k,mp3,0:31,Studio,LP
Aphex Twin,QKThr,Drukqs,IDM; Drill and Bass,2001,UK; England,192k,mp3,1:27,Studio,LP
Aphex Twin,Meltphace 6,Drukqs,IDM; Drill and Bass,2001,UK; England,192k,mp3,6:23,Studio,LP
Aphex Twin,Bit 4,Drukqs,IDM; Drill and Bass,2001,UK; England,192k,mp3,0:25,Studio,LP
Aphex Twin,Prep Gwarek 36,Drukqs,IDM; Drill and Bass,2001,UK; England,192k,mp3,1:19,Studio,LP
Aphex Twin,Father,Drukqs,IDM; Drill and Bass,2001,UK; England,192k,mp3,0:56,Studio,LP
Aphex Twin,Taking Control,Drukqs,IDM; Drill and Bass,2001,UK; England,192k,mp3,7:13,Studio,LP
Aphex Twin,Petiatil Cx Htdui,Drukqs,IDM; Drill and Bass,2001,UK; England,192k,mp3,2:11,Studio,LP
Aphex Twin,Ruglen Holon,Drukqs,IDM; Drill and Bass,2001,UK; England,192k,mp3,1:49,Studio,LP
Aphex Twin,Afx237 v.7,Drukqs,IDM; Drill and Bass,2001,UK; England,192k,mp3,4:22,Studio,LP
Aphex Twin,Ziggomatic 17,Drukqs,IDM; Drill and Bass,2001,UK; England,192k,mp3,8:34,Studio,LP
Aphex Twin,Beskhu3epnm,Drukqs,IDM; Drill and Bass,2001,UK; England,192k,mp3,2:10,Studio,LP
Aphex Twin,Nanou2,Drukqs,IDM; Drill and Bass,2001,UK; England,192k,mp3,3:24,Studio,LP
The Khan Jamal Creative Arts Ensemble,Cosmic Echoes,Drum Dance to the Motherland,Free Jazz,1973,USA,238k VBR,mp3,7:47,Studio,LP
The Khan Jamal Creative Arts Ensemble,Drum Dance to the Motherland,Drum Dance to the Motherland,Free Jazz,1973,USA,261k VBR,mp3,12:35,Studio,LP
The Khan Jamal Creative Arts Ensemble,Inner Peace,Drum Dance to the Motherland,Free Jazz,1973,USA,241k VBR,mp3,15:46,Studio,LP
The Khan Jamal Creative Arts Ensemble,Breath of Life,Drum Dance to the Motherland,Free Jazz,1973,USA,242k VBR,mp3,6:43,Studio,LP
Liars,Be Quiet Mt. Heart Attack!,Drum's Not Dead,Experimental Rock; Post-Rock,2006,USA; Australia,320k,mp3,3:28,Studio,LP
Liars,Let's Not Wrestle Mt. Heart Attack,Drum's Not Dead,Experimental Rock; Post-Rock,2006,USA; Australia,320k,mp3,4:30,Studio,LP
Liars,A Visit From Drum,Drum's Not Dead,Experimental Rock; Post-Rock,2006,USA; Australia,320k,mp3,4:19,Studio,LP
Liars,Drum Gets a Glimpse,Drum's Not Dead,Experimental Rock; Post-Rock,2006,USA; Australia,320k,mp3,4:14,Studio,LP
Liars,It Fit When I Was a Kid,Drum's Not Dead,Experimental Rock; Post-Rock,2006,USA; Australia,320k,mp3,4:02,Studio,LP
Liars,The Wrong Coat for You Mt. Heart Attack,Drum's Not Dead,Experimental Rock; Post-Rock,2006,USA; Australia,320k,mp3,3:59,Studio,LP
Liars,"Hold You, Drum",Drum's Not Dead,Experimental Rock; Post-Rock,2006,USA; Australia,320k,mp3,4:42,Studio,LP
Liars,It's All Blooming Now Mt. Heart Attack,Drum's Not Dead,Experimental Rock; Post-Rock,2006,USA; Australia,320k,mp3,3:13,Studio,LP
Liars,Drum and the Uncomfortable Can,Drum's Not Dead,Experimental Rock; Post-Rock,2006,USA; Australia,320k,mp3,4:51,Studio,LP
Liars,"You, Drum",Drum's Not Dead,Experimental Rock; Post-Rock,2006,USA; Australia,320k,mp3,1:14,Studio,LP
Liars,"To Hold You, Drum",Drum's Not Dead,Experimental Rock; Post-Rock,2006,USA; Australia,320k,mp3,4:03,Studio,LP
Liars,The Other Side of Mt. Heart Attack,Drum's Not Dead,Experimental Rock; Post-Rock,2006,USA; Australia,320k,mp3,4:45,Studio,LP
Duke Ellington & John Coltrane,In A Sentimental Mood,Duke Ellington & John Coltrane,Cool Jazz; Hard Bop,1963,USA,320k,mp3,4:17,Studio,LP
Duke Ellington & John Coltrane,Take The Coltrane,Duke Ellington & John Coltrane,Cool Jazz; Hard Bop,1963,USA,320k,mp3,4:44,Studio,LP
Duke Ellington & John Coltrane,Big Nick,Duke Ellington & John Coltrane,Cool Jazz; Hard Bop,1963,USA,320k,mp3,4:30,Studio,LP
Duke Ellington & John Coltrane,Stevie,Duke Ellington & John Coltrane,Cool Jazz; Hard Bop,1963,USA,320k,mp3,4:25,Studio,LP
Duke Ellington & John Coltrane,My Little Brown Book,Duke Ellington & John Coltrane,Cool Jazz; Hard Bop,1963,USA,320k,mp3,5:22,Studio,LP
Duke Ellington & John Coltrane,Angelica,Duke Ellington & John Coltrane,Cool Jazz; Hard Bop,1963,USA,320k,mp3,5:59,Studio,LP
Duke Ellington & John Coltrane,The Feeling Of Jazz,Duke Ellington & John Coltrane,Cool Jazz; Hard Bop,1963,USA,320k,mp3,5:30,Studio,LP
Portishead,Mysterons,Dummy,Trip Hop,1994,UK; England,128k,mp3,5:07,Studio,LP
Portishead,Sour Times,Dummy,Trip Hop,1994,UK; England,128k,mp3,4:14,Studio,LP
Portishead,Strangers,Dummy,Trip Hop,1994,UK; England,128k,mp3,3:58,Studio,LP
Portishead,It Could Be Sweet,Dummy,Trip Hop,1994,UK; England,128k,mp3,4:20,Studio,LP
Portishead,Wandering Star,Dummy,Trip Hop,1994,UK; England,128k,mp3,4:56,Studio,LP
Portishead,Numb,Dummy,Trip Hop,1994,UK; England,128k,mp3,3:58,Studio,LP
Portishead,Roads,Dummy,Trip Hop,1994,UK; England,128k,mp3,5:09,Studio,LP
Portishead,Pedestal,Dummy,Trip Hop,1994,UK; England,128k,mp3,3:41,Studio,LP
Portishead,Biscuit,Dummy,Trip Hop,1994,UK; England,128k,mp3,5:04,Studio,LP
Portishead,Glory Box,Dummy,Trip Hop,1994,UK; England,128k,mp3,5:06,Studio,LP
Duster,Copernicus Crater,Duster,Slowcore; Space Rock Revival,2019,USA,766k,flac,4:49,Studio,LP
Duster,I'm Lost,Duster,Slowcore; Space Rock Revival,2019,USA,932k,flac,2:47,Studio,LP
Duster,Chocolate and Mint,Duster,Slowcore; Space Rock Revival,2019,USA,854k,flac,4:52,Studio,LP
Duster,Summer War,Duster,Slowcore; Space Rock Revival,2019,USA,955k,flac,4:38,Studio,LP
Duster,Lomo,Duster,Slowcore; Space Rock Revival,2019,USA,842k,flac,2:44,Studio,LP
Duster,Damaged,Duster,Slowcore; Space Rock Revival,2019,USA,889k,flac,2:17,Studio,LP
Duster,Letting Go,Duster,Slowcore; Space Rock Revival,2019,USA,762k,flac,3:55,Studio,LP
Duster,Go Back,Duster,Slowcore; Space Rock Revival,2019,USA,886k,flac,3:47,Studio,LP
Duster,Hoya Paranoia,Duster,Slowcore; Space Rock Revival,2019,USA,801k,flac,5:18,Studio,LP
Duster,Ghoulish,Duster,Slowcore; Space Rock Revival,2019,USA,963k,flac,4:27,Studio,LP
Duster,Ghost World,Duster,Slowcore; Space Rock Revival,2019,USA,567k,flac,3:17,Studio,LP
Duster,The Thirteen,Duster,Slowcore; Space Rock Revival,2019,USA,886k,flac,2:57,Studio,LP
Valium Aggelein,The Landing,Dweller on the Threshold,Slowcore,1997,USA,320k,mp3,2:48,Studio,LP
Valium Aggelein,Under the Mountain,Dweller on the Threshold,Slowcore,1997,USA,320k,mp3,3:30,Studio,LP
Valium Aggelein,Sonar,Dweller on the Threshold,Slowcore,1997,USA,320k,mp3,0:56,Studio,LP
Valium Aggelein,Mercury,Dweller on the Threshold,Slowcore,1997,USA,320k,mp3,2:41,Studio,LP
Valium Aggelein,The Valium Machine,Dweller on the Threshold,Slowcore,1997,USA,320k,mp3,1:30,Studio,LP
Valium Aggelein,Spies,Dweller on the Threshold,Slowcore,1997,USA,320k,mp3,0:30,Studio,LP
Valium Aggelein,V,Dweller on the Threshold,Slowcore,1997,USA,320k,mp3,2:36,Studio,LP
Valium Aggelein,Inside the Static Cult,Dweller on the Threshold,Slowcore,1997,USA,320k,mp3,0:38,Studio,LP
Valium Aggelein,"Then, in 2060 A.D.",Dweller on the Threshold,Slowcore,1997,USA,320k,mp3,2:54,Studio,LP
Valium Aggelein,Alum Rock,Dweller on the Threshold,Slowcore,1997,USA,320k,mp3,1:55,Studio,LP
Valium Aggelein,Transmission Interruption,Dweller on the Threshold,Slowcore,1997,USA,320k,mp3,1:51,Studio,LP
Valium Aggelein,Car Crash in Slow Motion,Dweller on the Threshold,Slowcore,1997,USA,320k,mp3,4:50,Studio,LP
Valium Aggelein,Excerpt From Mount Hamilton,Dweller on the Threshold,Slowcore,1997,USA,320k,mp3,0:41,Studio,LP
Masayuki Takayanagi New Direction Unit,First Session I (Gradually Projection),Eclipse,Free Improvisation,1975,Japan,320k,mp3,10:55,Studio,LP
Masayuki Takayanagi New Direction Unit,First Session II (Gradually Projection),Eclipse,Free Improvisation,1975,Japan,320k,mp3,9:07,Studio,LP
Masayuki Takayanagi New Direction Unit,Second Session (Mass Projection),Eclipse,Free Improvisation,1975,Japan,320k,mp3,25:41,Studio,LP
Can,Pinch,Ege Bamyasi,Krautrock,1972,Germany,320k,mp3,9:29,Studio,LP
Can,Sing Swan Song,Ege Bamyasi,Krautrock,1972,Germany,320k,mp3,4:47,Studio,LP
Can,One More Night,Ege Bamyasi,Krautrock,1972,Germany,320k,mp3,5:35,Studio,LP
Can,Vitamin C,Ege Bamyasi,Krautrock,1972,Germany,320k,mp3,3:32,Studio,LP
Can,Soup,Ege Bamyasi,Krautrock,1972,Germany,320k,mp3,10:31,Studio,LP
Can,I'm So Green,Ege Bamyasi,Krautrock,1972,Germany,320k,mp3,3:05,Studio,LP
Can,Spoon,Ege Bamyasi,Krautrock,1972,Germany,320k,mp3,3:04,Studio,LP
Jazz Band De Free,"Ego, Luego Existen",Ego,Jazz Fusion,1972,Argentina,838k,flac,19:53,Studio,LP
Jazz Band De Free,Tema de Fatiga,Ego,Jazz Fusion,1972,Argentina,915k,flac,6:38,Studio,LP
Jazz Band De Free,Shh... Bea Duerme,Ego,Jazz Fusion,1972,Argentina,770k,flac,3:00,Studio,LP
Jazz Band De Free,Ambientex,Ego,Jazz Fusion,1972,Argentina,899k,flac,7:34,Studio,LP
Elliott Smith,Speed Trials,Either/Or,Indie Folk,1997,USA,320k,mp3,3:01,Studio,LP
Elliott Smith,Alameda,Either/Or,Indie Folk,1997,USA,320k,mp3,3:43,Studio,LP
Elliott Smith,Ballad of Big Nothing,Either/Or,Indie Folk,1997,USA,320k,mp3,2:48,Studio,LP
Elliott Smith,Between the Bars,Either/Or,Indie Folk,1997,USA,320k,mp3,2:21,Studio,LP
Elliott Smith,Pictures of Me,Either/Or,Indie Folk,1997,USA,320k,mp3,3:47,Studio,LP
Elliott Smith,No Name No. 5,Either/Or,Indie Folk,1997,USA,320k,mp3,3:43,Studio,LP
Elliott Smith,Rose Parade,Either/Or,Indie Folk,1997,USA,320k,mp3,3:28,Studio,LP
Elliott Smith,Punch and Judy,Either/Or,Indie Folk,1997,USA,320k,mp3,2:25,Studio,LP
Elliott Smith,Angeles,Either/Or,Indie Folk,1997,USA,320k,mp3,2:56,Studio,LP
Elliott Smith,Cupid’s Trick,Either/Or,Indie Folk,1997,USA,320k,mp3,3:05,Studio,LP
Elliott Smith,2:45 AM,Either/Or,Indie Folk,1997,USA,320k,mp3,3:19,Studio,LP
Elliott Smith,Say Yes,Either/Or,Indie Folk,1997,USA,320k,mp3,2:19,Studio,LP
Nucleus,1916,Elastic Rock,Art Rock,1970,UK; England,320k,mp3,1:10,Studio,LP
Nucleus,Elastic Rock,Elastic Rock,Art Rock,1970,UK; England,320k,mp3,4:05,Studio,LP
Nucleus,Striation,Elastic Rock,Art Rock,1970,UK; England,320k,mp3,2:15,Studio,LP
Nucleus,Taranaki,Elastic Rock,Art Rock,1970,UK; England,320k,mp3,1:35,Studio,LP
Nucleus,Twisted Track,Elastic Rock,Art Rock,1970,UK; England,320k,mp3,5:19,Studio,LP
Nucleus,"Crude Blues, Part One",Elastic Rock,Art Rock,1970,UK; England,320k,mp3,0:54,Studio,LP
Nucleus,"Crude Blues, Part Two",Elastic Rock,Art Rock,1970,UK; England,320k,mp3,2:35,Studio,LP
Nucleus,1916 (Battle of Boogaloo),Elastic Rock,Art Rock,1970,UK; England,320k,mp3,3:05,Studio,LP
Nucleus,Torrid Zone,Elastic Rock,Art Rock,1970,UK; England,320k,mp3,8:41,Studio,LP
Nucleus,Stonescape,Elastic Rock,Art Rock,1970,UK; England,320k,mp3,2:39,Studio,LP
Nucleus,Earth Mother,Elastic Rock,Art Rock,1970,UK; England,320k,mp3,5:16,Studio,LP
Nucleus,"Speaking for Myself, Personally, in My Own Opinion, I Think...",Elastic Rock,Art Rock,1970,UK; England,320k,mp3,1:29,Studio,LP
Nucleus,Persephones Jive,Elastic Rock,Art Rock,1970,UK; England,320k,mp3,2:13,Studio,LP
The Jimi Hendrix Experience,...And the Gods Made Love,Electric Ladyland,Psychedelic Rock,1968,USA; UK; England,903k,flac,1:22,Studio,LP
The Jimi Hendrix Experience,Have You Ever Been (To Electric Ladyland),Electric Ladyland,Psychedelic Rock,1968,USA; UK; England,901k,flac,2:10,Studio,LP
The Jimi Hendrix Experience,Crosstown Traffic,Electric Ladyland,Psychedelic Rock,1968,USA; UK; England,944k,flac,2:26,Studio,LP
The Jimi Hendrix Experience,Voodoo Chile,Electric Ladyland,Psychedelic Rock,1968,USA; UK; England,946k,flac,14:59,Studio,LP
The Jimi Hendrix Experience,Little Miss Strange,Electric Ladyland,Psychedelic Rock,1968,USA; UK; England,1005k,flac,2:52,Studio,LP
The Jimi Hendrix Experience,Long Hot Summer Night,Electric Ladyland,Psychedelic Rock,1968,USA; UK; England,899k,flac,3:27,Studio,LP
The Jimi Hendrix Experience,Come On (Let the Good Times Roll),Electric Ladyland,Psychedelic Rock,1968,USA; UK; England,899k,flac,4:09,Studio,LP
The Jimi Hendrix Experience,Gypsy Eyes,Electric Ladyland,Psychedelic Rock,1968,USA; UK; England,936k,flac,3:43,Studio,LP
The Jimi Hendrix Experience,Burning of the Midnight Lamp,Electric Ladyland,Psychedelic Rock,1968,USA; UK; England,937k,flac,3:39,Studio,LP
The Jimi Hendrix Experience,"Rainy Day, Dream Away",Electric Ladyland,Psychedelic Rock,1968,USA; UK; England,881k,flac,3:42,Studio,LP
The Jimi Hendrix Experience,1983...(A Merman I Should Turn to Be),Electric Ladyland,Psychedelic Rock,1968,USA; UK; England,912k,flac,13:39,Studio,LP
The Jimi Hendrix Experience,"Moon, Turn the Tides...Gently Gently Away",Electric Ladyland,Psychedelic Rock,1968,USA; UK; England,722k,flac,1:01,Studio,LP
The Jimi Hendrix Experience,"Still Raining, Still Dreaming",Electric Ladyland,Psychedelic Rock,1968,USA; UK; England,986k,flac,4:25,Studio,LP
The Jimi Hendrix Experience,House Burning Down,Electric Ladyland,Psychedelic Rock,1968,USA; UK; England,962k,flac,4:32,Studio,LP
The Jimi Hendrix Experience,All Along the Watchtower,Electric Ladyland,Psychedelic Rock,1968,USA; UK; England,975k,flac,4:00,Studio,LP
The Jimi Hendrix Experience,Voodoo Child (Slight Return),Electric Ladyland,Psychedelic Rock,1968,USA; UK; England,915k,flac,5:13,Studio,LP
Muddy Waters,I Just Want to Make Love to You,Electric Mud,Blues,1968,USA,964k,flac,4:19,Studio,LP
Muddy Waters,I'm Your Hoochie Coochie Man,Electric Mud,Blues,1968,USA,917k,flac,4:53,Studio,LP
Muddy Waters,Let's Spend the Night Together,Electric Mud,Blues,1968,USA,937k,flac,3:12,Studio,LP
Muddy Waters,She's Alright,Electric Mud,Blues,1968,USA,911k,flac,6:36,Studio,LP
Muddy Waters,Mannish Boy,Electric Mud,Blues,1968,USA,913k,flac,3:50,Studio,LP
Muddy Waters,Herbert Harper's Free Press News,Electric Mud,Blues,1968,USA,947k,flac,4:40,Studio,LP
Muddy Waters,Tom Cat,Electric Mud,Blues,1968,USA,970k,flac,3:42,Studio,LP
Muddy Waters,The Same Thing,Electric Mud,Blues,1968,USA,976k,flac,5:42,Studio,LP
The White Stripes,Seven Nation Army,Elephant,Garage Rock Revival; Alternative Rock; Blues Rock,2003,USA,174k VBR,mp3,3:51,Studio,LP
The White Stripes,Black Math,Elephant,Garage Rock Revival; Alternative Rock; Blues Rock,2003,USA,180k VBR,mp3,3:03,Studio,LP
The White Stripes,There’s No Home for You Here,Elephant,Garage Rock Revival; Alternative Rock; Blues Rock,2003,USA,193k VBR,mp3,3:43,Studio,LP
The White Stripes,I Just Don’t Know What to Do With Myself,Elephant,Garage Rock Revival; Alternative Rock; Blues Rock,2003,USA,205k VBR,mp3,2:46,Studio,LP
The White Stripes,"In the Cold, Cold Night",Elephant,Garage Rock Revival; Alternative Rock; Blues Rock,2003,USA,180k VBR,mp3,2:58,Studio,LP
The White Stripes,I Want to Be the Boy to Warm Your Mother’s Heart,Elephant,Garage Rock Revival; Alternative Rock; Blues Rock,2003,USA,185k VBR,mp3,3:20,Studio,LP
The White Stripes,You’ve Got Her in Your Pocket,Elephant,Garage Rock Revival; Alternative Rock; Blues Rock,2003,USA,192k VBR,mp3,3:39,Studio,LP
The White Stripes,Ball and Biscuit,Elephant,Garage Rock Revival; Alternative Rock; Blues Rock,2003,USA,221k VBR,mp3,7:19,Studio,LP
The White Stripes,The Hardest Button to Button,Elephant,Garage Rock Revival; Alternative Rock; Blues Rock,2003,USA,192k VBR,mp3,3:32,Studio,LP
The White Stripes,Little Acorns,Elephant,Garage Rock Revival; Alternative Rock; Blues Rock,2003,USA,208k VBR,mp3,4:09,Studio,LP
The White Stripes,Hypnotize,Elephant,Garage Rock Revival; Alternative Rock; Blues Rock,2003,USA,177k VBR,mp3,1:48,Studio,LP
The White Stripes,The Air Near My Fingers,Elephant,Garage Rock Revival; Alternative Rock; Blues Rock,2003,USA,214k VBR,mp3,3:40,Studio,LP
The White Stripes,"Girl, You Have No Faith in Medicine",Elephant,Garage Rock Revival; Alternative Rock; Blues Rock,2003,USA,213k VBR,mp3,3:17,Studio,LP
The White Stripes,Well It’s True That We Love One Another,Elephant,Garage Rock Revival; Alternative Rock; Blues Rock,2003,USA,189k VBR,mp3,2:42,Studio,LP
Pharoah Sanders,Elevation,Elevation,Spiritual Jazz; Avant-Garde Jazz,1973,USA,930k,flac,18:01,Live,LP
Pharoah Sanders,Greeting to Saud (Brother McCoy Tyner),Elevation,Spiritual Jazz; Avant-Garde Jazz,1973,USA,903k,flac,4:07,Live,LP
Pharoah Sanders,Ore-Se-Rere (Nigerian Juju HiLife),Elevation,Spiritual Jazz; Avant-Garde Jazz,1973,USA,956k,flac,5:38,Live,LP
Pharoah Sanders,The Gathering,Elevation,Spiritual Jazz; Avant-Garde Jazz,1973,USA,921k,flac,13:51,Live,LP
Pharoah Sanders,Spiritual Blessing,Elevation,Spiritual Jazz; Avant-Garde Jazz,1973,USA,860k,flac,5:41,Live,LP
Elliott Smith,Needle In The Hay,Elliott Smith,Indie Folk,1995,USA,807k,flac,4:17,Studio,LP
Elliott Smith,Christian Brothers,Elliott Smith,Indie Folk,1995,USA,930k,flac,4:30,Studio,LP
Elliott Smith,Clementine,Elliott Smith,Indie Folk,1995,USA,880k,flac,2:46,Studio,LP
Elliott Smith,Southern Belle,Elliott Smith,Indie Folk,1995,USA,858k,flac,3:06,Studio,LP
Elliott Smith,Single File,Elliott Smith,Indie Folk,1995,USA,899k,flac,2:26,Studio,LP
Elliott Smith,Coming Up Roses,Elliott Smith,Indie Folk,1995,USA,879k,flac,3:10,Studio,LP
Elliott Smith,Satellite,Elliott Smith,Indie Folk,1995,USA,891k,flac,2:25,Studio,LP
Elliott Smith,Alphabet Town,Elliott Smith,Indie Folk,1995,USA,880k,flac,4:11,Studio,LP
Elliott Smith,St. Ides Heaven,Elliott Smith,Indie Folk,1995,USA,885k,flac,3:00,Studio,LP
Elliott Smith,Good To Go,Elliott Smith,Indie Folk,1995,USA,862k,flac,2:24,Studio,LP
Elliott Smith,The White Lady Loves You More,Elliott Smith,Indie Folk,1995,USA,828k,flac,2:24,Studio,LP
Elliott Smith,The Biggest Lie,Elliott Smith,Indie Folk,1995,USA,853k,flac,2:41,Studio,LP
Autechre,feed1,elseq 1–5,Electronic; IDM; Glitch; Noise,2016,UK; England,904k,flac,11:37,Studio,LP
Autechre,c16 deep tread,elseq 1–5,Electronic; IDM; Glitch; Noise,2016,UK; England,829k,flac,12:31,Studio,LP
Autechre,13x0 step,elseq 1–5,Electronic; IDM; Glitch; Noise,2016,UK; England,792k,flac,8:57,Studio,LP
Autechre,pendulu hv moda,elseq 1–5,Electronic; IDM; Glitch; Noise,2016,UK; England,833k,flac,12:15,Studio,LP
Autechre,curvcaten,elseq 1–5,Electronic; IDM; Glitch; Noise,2016,UK; England,887k,flac,6:59,Studio,LP
Autechre,elyc6 0nset,elseq 1–5,Electronic; IDM; Glitch; Noise,2016,UK; England,949k,flac,27:09,Studio,LP
Autechre,chimer 1-5-1,elseq 1–5,Electronic; IDM; Glitch; Noise,2016,UK; England,792k,flac,5:03,Studio,LP
Autechre,c7b2,elseq 1–5,Electronic; IDM; Glitch; Noise,2016,UK; England,903k,flac,13:22,Studio,LP
Autechre,eastre,elseq 1–5,Electronic; IDM; Glitch; Noise,2016,UK; England,636k,flac,22:15,Studio,LP
Autechre,TBM2,elseq 1–5,Electronic; IDM; Glitch; Noise,2016,UK; England,746k,flac,6:44,Studio,LP
Autechre,mesh cinereaL,elseq 1–5,Electronic; IDM; Glitch; Noise,2016,UK; England,798k,flac,24:28,Studio,LP
Autechre,acdwn2,elseq 1–5,Electronic; IDM; Glitch; Noise,2016,UK; England,705k,flac,11:52,Studio,LP
Autechre,foldfree casual,elseq 1–5,Electronic; IDM; Glitch; Noise,2016,UK; England,913k,flac,9:49,Studio,LP
Autechre,latentcall,elseq 1–5,Electronic; IDM; Glitch; Noise,2016,UK; England,826k,flac,14:31,Studio,LP
Autechre,artov chain,elseq 1–5,Electronic; IDM; Glitch; Noise,2016,UK; England,960k,flac,4:04,Studio,LP
Autechre,7th slip,elseq 1–5,Electronic; IDM; Glitch; Noise,2016,UK; England,815k,flac,6:36,Studio,LP
Autechre,pendulu casual,elseq 1–5,Electronic; IDM; Glitch; Noise,2016,UK; England,718k,flac,9:01,Studio,LP
Autechre,spTh,elseq 1–5,Electronic; IDM; Glitch; Noise,2016,UK; England,661k,flac,8:21,Studio,LP
Autechre,spaces how V,elseq 1–5,Electronic; IDM; Glitch; Noise,2016,UK; England,844k,flac,9:57,Studio,LP
Autechre,freulaeux,elseq 1–5,Electronic; IDM; Glitch; Noise,2016,UK; England,712k,flac,11:06,Studio,LP
Autechre,oneum,elseq 1–5,Electronic; IDM; Glitch; Noise,2016,UK; England,913k,flac,11:01,Studio,LP
The Dismemberment Plan,A Life of Possibilities,Emergency & I,Indie Rock,1999,USA,96k,m4a,4:34,Studio,LP
The Dismemberment Plan,Memory Machine,Emergency & I,Indie Rock,1999,USA,96k,m4a,2:43,Studio,LP
The Dismemberment Plan,What Do You Want Me to Say?,Emergency & I,Indie Rock,1999,USA,96k,m4a,4:18,Studio,LP
The Dismemberment Plan,Spider in the Snow,Emergency & I,Indie Rock,1999,USA,96k,m4a,3:50,Studio,LP
The Dismemberment Plan,The Jitters,Emergency & I,Indie Rock,1999,USA,96k,m4a,4:19,Studio,LP
The Dismemberment Plan,I Love A Magician,Emergency & I,Indie Rock,1999,USA,96k,m4a,2:38,Studio,LP
The Dismemberment Plan,You Are Invited,Emergency & I,Indie Rock,1999,USA,96k,m4a,4:52,Studio,LP
The Dismemberment Plan,Gyroscope,Emergency & I,Indie Rock,1999,USA,96k,m4a,2:30,Studio,LP
The Dismemberment Plan,The City,Emergency & I,Indie Rock,1999,USA,96k,m4a,4:26,Studio,LP
The Dismemberment Plan,Girl O' Clock,Emergency & I,Indie Rock,1999,USA,96k,m4a,2:55,Studio,LP
The Dismemberment Plan,8 1/2 Minutes,Emergency & I,Indie Rock,1999,USA,96k,m4a,2:57,Studio,LP
The Dismemberment Plan,Back and Forth,Emergency & I,Indie Rock,1999,USA,96k,m4a,5:07,Studio,LP
Stereolab,Metronomic Underground,Emperor Tomato Ketchup,Post-Rock,1996,UK; France; England,320k,mp3,7:54,Studio,LP
Stereolab,Cybele's Reverie,Emperor Tomato Ketchup,Post-Rock,1996,UK; France; England,320k,mp3,4:42,Studio,LP
Stereolab,Percolator,Emperor Tomato Ketchup,Post-Rock,1996,UK; France; England,320k,mp3,3:47,Studio,LP
Stereolab,Les Yper-Sound,Emperor Tomato Ketchup,Post-Rock,1996,UK; France; England,320k,mp3,4:05,Studio,LP
Stereolab,Spark Plug,Emperor Tomato Ketchup,Post-Rock,1996,UK; France; England,320k,mp3,2:29,Studio,LP
Stereolab,OLV 26,Emperor Tomato Ketchup,Post-Rock,1996,UK; France; England,320k,mp3,5:42,Studio,LP
Stereolab,The Noise of Carpet,Emperor Tomato Ketchup,Post-Rock,1996,UK; France; England,320k,mp3,3:05,Studio,LP
Stereolab,Tomorrow is Already Here,Emperor Tomato Ketchup,Post-Rock,1996,UK; France; England,320k,mp3,4:56,Studio,LP
Stereolab,Emperor Tomato Ketchup,Emperor Tomato Ketchup,Post-Rock,1996,UK; France; England,320k,mp3,4:37,Studio,LP
Stereolab,Monstre Sacre,Emperor Tomato Ketchup,Post-Rock,1996,UK; France; England,320k,mp3,3:44,Studio,LP
Stereolab,Motoroller Scalatron,Emperor Tomato Ketchup,Post-Rock,1996,UK; France; England,320k,mp3,3:48,Studio,LP
Stereolab,Slow Fast Hazel,Emperor Tomato Ketchup,Post-Rock,1996,UK; France; England,320k,mp3,3:53,Studio,LP
Stereolab,Anonymous Collective,Emperor Tomato Ketchup,Post-Rock,1996,UK; France; England,320k,mp3,4:32,Studio,LP
Asia Menor,Patio,Enola Gay,Indie Rock; Art Punk; Post-Punk,2023,Chile,1042k,flac,4:51,Studio,LP
Asia Menor,Defensa / Cortar,Enola Gay,Indie Rock; Art Punk; Post-Punk,2023,Chile,921k,flac,4:12,Studio,LP
Asia Menor,Tesela,Enola Gay,Indie Rock; Art Punk; Post-Punk,2023,Chile,1016k,flac,4:11,Studio,LP
Asia Menor,Doce,Enola Gay,Indie Rock; Art Punk; Post-Punk,2023,Chile,958k,flac,4:17,Studio,LP
Asia Menor,La naturaleza,Enola Gay,Indie Rock; Art Punk; Post-Punk,2023,Chile,929k,flac,4:36,Studio,LP
Asia Menor,Instrumental,Enola Gay,Indie Rock; Art Punk; Post-Punk,2023,Chile,773k,flac,1:48,Studio,LP
Asia Menor,Flores del naranjo,Enola Gay,Indie Rock; Art Punk; Post-Punk,2023,Chile,930k,flac,4:38,Studio,LP
Asia Menor,Lento,Enola Gay,Indie Rock; Art Punk; Post-Punk,2023,Chile,868k,flac,5:59,Studio,LP
Asia Menor,Estrés,Enola Gay,Indie Rock; Art Punk; Post-Punk,2023,Chile,905k,flac,4:20,Studio,LP
Asia Menor,1920,Enola Gay,Indie Rock; Art Punk; Post-Punk,2023,Chile,929k,flac,6:15,Studio,LP
Asia Menor,Buenos noches,Enola Gay,Indie Rock; Art Punk; Post-Punk,2023,Chile,782k,flac,5:53,Studio,LP
The Soul,Enry Pete,Enry Pete,Indie Rock; Reggae Fusion,2020,Sri Lanka,632k,flac,4:38,Studio,LP
The Soul,Control Your Soul,Enry Pete,Indie Rock; Reggae Fusion,2020,Sri Lanka,793k,flac,5:09,Studio,LP
The Soul,Hold On,Enry Pete,Indie Rock; Reggae Fusion,2020,Sri Lanka,732k,flac,5:32,Studio,LP
The Soul,The Rogue,Enry Pete,Indie Rock; Reggae Fusion,2020,Sri Lanka,681k,flac,7:49,Studio,LP
The Soul,Shedding,Enry Pete,Indie Rock; Reggae Fusion,2020,Sri Lanka,549k,flac,2:24,Studio,LP
The Soul,Rise,Enry Pete,Indie Rock; Reggae Fusion,2020,Sri Lanka,620k,flac,7:32,Studio,LP
The Soul,Love Shong,Enry Pete,Indie Rock; Reggae Fusion,2020,Sri Lanka,672k,flac,5:08,Studio,LP
The Soul,Sticky Like Glue,Enry Pete,Indie Rock; Reggae Fusion,2020,Sri Lanka,778k,flac,7:19,Studio,LP
The Soul,Male',Enry Pete,Indie Rock; Reggae Fusion,2020,Sri Lanka,738k,flac,7:31,Studio,LP
The Soul,Static,Enry Pete,Indie Rock; Reggae Fusion,2020,Sri Lanka,535k,flac,1:52,Studio,LP
The Soul,Aiyo,Enry Pete,Indie Rock; Reggae Fusion,2020,Sri Lanka,869k,flac,4:53,Studio,LP
The Soul,Hey Fela,Enry Pete,Indie Rock; Reggae Fusion,2020,Sri Lanka,821k,flac,6:34,Studio,LP
Alice Coltrane,Spiritual Eternal,Eternity,Free Jazz,1976,USA,192k,mp3,2:57,Studio,LP
Alice Coltrane,Wisdom Eye,Eternity,Free Jazz,1976,USA,192k,mp3,3:10,Studio,LP
Alice Coltrane,Los Caballos,Eternity,Free Jazz,1976,USA,192k,mp3,11:27,Studio,LP
Alice Coltrane,Om Supreme,Eternity,Free Jazz,1976,USA,192k,mp3,9:28,Studio,LP
Alice Coltrane,Morning Worship,Eternity,Free Jazz,1976,USA,192k,mp3,3:36,Studio,LP
Alice Coltrane,Spring Sounds from Rite of Spring,Eternity,Free Jazz,1976,USA,192k,mp3,6:01,Studio,LP
Kinoko Teikoku,夜鷹 (Yotaka),eureka,Shoegaze; Indie Rock,2013,Japan,320k,mp3,5:13,Studio,LP
Kinoko Teikoku,平行世界 (Heikouseikai),eureka,Shoegaze; Indie Rock,2013,Japan,320k,mp3,4:25,Studio,LP
Kinoko Teikoku,春と修羅 (Harutoshura),eureka,Shoegaze; Indie Rock,2013,Japan,320k,mp3,2:40,Studio,LP
Kinoko Teikoku,国道スロープ (Kokudouslope),eureka,Shoegaze; Indie Rock,2013,Japan,320k,mp3,4:09,Studio,LP
Kinoko Teikoku,ユーリカ (Eureka),eureka,Shoegaze; Indie Rock,2013,Japan,320k,mp3,4:30,Studio,LP
Kinoko Teikoku,風化する教室 (Fuukasurukyoushitsu),eureka,Shoegaze; Indie Rock,2013,Japan,320k,mp3,3:20,Studio,LP
Kinoko Teikoku,Another Word,eureka,Shoegaze; Indie Rock,2013,Japan,320k,mp3,4:46,Studio,LP
Kinoko Teikoku,ミュージシャン (Musician),eureka,Shoegaze; Indie Rock,2013,Japan,320k,mp3,8:51,Studio,LP
Kinoko Teikoku,明日にはすべてが終わるとして (Ashitaniwasubetegaowarutoshite),eureka,Shoegaze; Indie Rock,2013,Japan,320k,mp3,10:00,Studio,LP
Moonshake,City Poison,Eva Luna,Art Rock,1992,UK; England,320k,mp3,4:07,Studio,LP
Moonshake,Sweetheart,Eva Luna,Art Rock,1992,UK; England,320k,mp3,2:35,Studio,LP
Moonshake,Spaceship Earth,Eva Luna,Art Rock,1992,UK; England,320k,mp3,4:42,Studio,LP
Moonshake,Beautiful Pigeon,Eva Luna,Art Rock,1992,UK; England,320k,mp3,3:27,Studio,LP
Moonshake,Mugshot Heroine,Eva Luna,Art Rock,1992,UK; England,320k,mp3,4:40,Studio,LP
Moonshake,Wanderlust,Eva Luna,Art Rock,1992,UK; England,320k,mp3,4:43,Studio,LP
Moonshake,Tar Baby,Eva Luna,Art Rock,1992,UK; England,320k,mp3,3:24,Studio,LP
Moonshake,Seen and Not Heard,Eva Luna,Art Rock,1992,UK; England,320k,mp3,4:29,Studio,LP
Moonshake,Bleach and Salt Water,Eva Luna,Art Rock,1992,UK; England,320k,mp3,3:40,Studio,LP
Moonshake,Little Thing,Eva Luna,Art Rock,1992,UK; England,320k,mp3,3:30,Studio,LP
Moonshake,Secondhand Clothes,Eva Luna,Art Rock,1992,UK; England,320k,mp3,3:58,Studio,LP
Moonshake,Blister,Eva Luna,Art Rock,1992,UK; England,320k,mp3,3:30,Studio,LP
Moonshake,Drop in the Ocean,Eva Luna,Art Rock,1992,UK; England,320k,mp3,6:22,Studio,LP
Fripp & Eno,Wind on Water,Evening Star,Ambient; Drone,1975,USA; UK,192k,mp3,5:34,Studio,LP
Fripp & Eno,Evening Star,Evening Star,Ambient; Drone,1975,USA; UK,192k,mp3,7:45,Studio,LP
Fripp & Eno,Evensong,Evening Star,Ambient; Drone,1975,USA; UK,192k,mp3,2:50,Studio,LP
Fripp & Eno,Wind on Wind,Evening Star,Ambient; Drone,1975,USA; UK,192k,mp3,3:08,Studio,LP
Fripp & Eno,An Index of Metals,Evening Star,Ambient; Drone,1975,USA; UK,192k,mp3,28:39,Studio,LP
Mogwai,Coolverine,Every Country's Sun,Post-Rock,2017,UK; Scotland,815k,flac,6:16,Studio,LP
Mogwai,Party in the Dark,Every Country's Sun,Post-Rock,2017,UK; Scotland,982k,flac,4:02,Studio,LP
Mogwai,Brain Sweeties,Every Country's Sun,Post-Rock,2017,UK; Scotland,925k,flac,4:43,Studio,LP
Mogwai,Crossing the Road Material,Every Country's Sun,Post-Rock,2017,UK; Scotland,887k,flac,6:57,Studio,LP
Mogwai,aka 47,Every Country's Sun,Post-Rock,2017,UK; Scotland,640k,flac,4:16,Studio,LP
Mogwai,20 Size,Every Country's Sun,Post-Rock,2017,UK; Scotland,951k,flac,4:44,Studio,LP
Mogwai,1000 Foot Face,Every Country's Sun,Post-Rock,2017,UK; Scotland,771k,flac,4:31,Studio,LP
Mogwai,Don't Believe the Fife,Every Country's Sun,Post-Rock,2017,UK; Scotland,684k,flac,6:23,Studio,LP
Mogwai,Battered at a Scramble,Every Country's Sun,Post-Rock,2017,UK; Scotland,950k,flac,4:02,Studio,LP
Mogwai,Old Poisons,Every Country's Sun,Post-Rock,2017,UK; Scotland,1051k,flac,4:30,Studio,LP
Mogwai,Every Country's Sun,Every Country's Sun,Post-Rock,2017,UK; Scotland,810k,flac,5:37,Studio,LP
The Caretaker,Stage 1: It's Just a Burning Memory,Everywhere at the End of Time,Sound Collage; Turntable Music; Dark Ambient; Ambient; Plunderphonics,2016,UK; England,759k,flac,3:32,Studio,LP
The Caretaker,Stage 1: We Don't Have Many Days,Everywhere at the End of Time,Sound Collage; Turntable Music; Dark Ambient; Ambient; Plunderphonics,2016,UK; England,782k,flac,3:30,Studio,LP
The Caretaker,Stage 1: Late Afternoon Drifting,Everywhere at the End of Time,Sound Collage; Turntable Music; Dark Ambient; Ambient; Plunderphonics,2016,UK; England,834k,flac,3:35,Studio,LP
The Caretaker,Stage 1: Childishly Fresh Eyes,Everywhere at the End of Time,Sound Collage; Turntable Music; Dark Ambient; Ambient; Plunderphonics,2016,UK; England,650k,flac,2:58,Studio,LP
The Caretaker,Stage 1: Slightly Bewildered,Everywhere at the End of Time,Sound Collage; Turntable Music; Dark Ambient; Ambient; Plunderphonics,2016,UK; England,459k,flac,2:01,Studio,LP
The Caretaker,Stage 1: Things That Are Beautiful and Transient,Everywhere at the End of Time,Sound Collage; Turntable Music; Dark Ambient; Ambient; Plunderphonics,2016,UK; England,715k,flac,4:34,Studio,LP
The Caretaker,Stage 1: All That Follows Is True,Everywhere at the End of Time,Sound Collage; Turntable Music; Dark Ambient; Ambient; Plunderphonics,2016,UK; England,755k,flac,3:31,Studio,LP
The Caretaker,Stage 1: An Autumnal Equinox,Everywhere at the End of Time,Sound Collage; Turntable Music; Dark Ambient; Ambient; Plunderphonics,2016,UK; England,733k,flac,2:46,Studio,LP
The Caretaker,Stage 1: Quiet Internal Rebellions,Everywhere at the End of Time,Sound Collage; Turntable Music; Dark Ambient; Ambient; Plunderphonics,2016,UK; England,661k,flac,3:30,Studio,LP
The Caretaker,Stage 1: The Loves of My Entire Life,Everywhere at the End of Time,Sound Collage; Turntable Music; Dark Ambient; Ambient; Plunderphonics,2016,UK; England,733k,flac,4:04,Studio,LP
The Caretaker,Stage 1: Into Each Others Eyes,Everywhere at the End of Time,Sound Collage; Turntable Music; Dark Ambient; Ambient; Plunderphonics,2016,UK; England,768k,flac,4:36,Studio,LP
The Caretaker,Stage 1: My Heart Will Stop in Joy,Everywhere at the End of Time,Sound Collage; Turntable Music; Dark Ambient; Ambient; Plunderphonics,2016,UK; England,662k,flac,2:41,Studio,LP
The Caretaker,Stage 2: A Losing Battle Is Raging,Everywhere at the End of Time,Sound Collage; Turntable Music; Dark Ambient; Ambient; Plunderphonics,2016,UK; England,906k,flac,4:37,Studio,LP
The Caretaker,Stage 2: Misplaced in Time,Everywhere at the End of Time,Sound Collage; Turntable Music; Dark Ambient; Ambient; Plunderphonics,2016,UK; England,665k,flac,4:42,Studio,LP
The Caretaker,Stage 2: What Does It Matter How My Heart Breaks,Everywhere at the End of Time,Sound Collage; Turntable Music; Dark Ambient; Ambient; Plunderphonics,2016,UK; England,665k,flac,2:37,Studio,LP
The Caretaker,Stage 2: Glimpses of Hope in Trying Times,Everywhere at the End of Time,Sound Collage; Turntable Music; Dark Ambient; Ambient; Plunderphonics,2016,UK; England,765k,flac,4:43,Studio,LP
The Caretaker,Stage 2: Surrendering to Despair,Everywhere at the End of Time,Sound Collage; Turntable Music; Dark Ambient; Ambient; Plunderphonics,2016,UK; England,677k,flac,5:03,Studio,LP
The Caretaker,Stage 2: I Still Feel as Though I Am Me,Everywhere at the End of Time,Sound Collage; Turntable Music; Dark Ambient; Ambient; Plunderphonics,2016,UK; England,752k,flac,4:07,Studio,LP
The Caretaker,Stage 2: Quiet Dusk Coming Early,Everywhere at the End of Time,Sound Collage; Turntable Music; Dark Ambient; Ambient; Plunderphonics,2016,UK; England,741k,flac,3:36,Studio,LP
The Caretaker,Stage 2: Last Moments of Pure Recall,Everywhere at the End of Time,Sound Collage; Turntable Music; Dark Ambient; Ambient; Plunderphonics,2016,UK; England,699k,flac,3:52,Studio,LP
The Caretaker,Stage 2: Denial Unravelling,Everywhere at the End of Time,Sound Collage; Turntable Music; Dark Ambient; Ambient; Plunderphonics,2016,UK; England,739k,flac,4:16,Studio,LP
The Caretaker,Stage 2: The Way Ahead Feels Lonely,Everywhere at the End of Time,Sound Collage; Turntable Music; Dark Ambient; Ambient; Plunderphonics,2016,UK; England,508k,flac,4:15,Studio,LP
The Caretaker,Stage 3: Back There Benjamin,Everywhere at the End of Time,Sound Collage; Turntable Music; Dark Ambient; Ambient; Plunderphonics,2016,UK; England,641k,flac,4:14,Studio,LP
The Caretaker,Stage 3: And Heart Breaks,Everywhere at the End of Time,Sound Collage; Turntable Music; Dark Ambient; Ambient; Plunderphonics,2016,UK; England,694k,flac,4:05,Studio,LP
The Caretaker,Stage 3: Hidden Sea Buried Deep,Everywhere at the End of Time,Sound Collage; Turntable Music; Dark Ambient; Ambient; Plunderphonics,2016,UK; England,656k,flac,1:20,Studio,LP
The Caretaker,Stage 3: Libet's All Joyful Camaraderie,Everywhere at the End of Time,Sound Collage; Turntable Music; Dark Ambient; Ambient; Plunderphonics,2016,UK; England,737k,flac,3:12,Studio,LP
The Caretaker,Stage 3: To the Minimal Great Hidden,Everywhere at the End of Time,Sound Collage; Turntable Music; Dark Ambient; Ambient; Plunderphonics,2016,UK; England,605k,flac,1:41,Studio,LP
The Caretaker,Stage 3: Sublime Beyond Loss,Everywhere at the End of Time,Sound Collage; Turntable Music; Dark Ambient; Ambient; Plunderphonics,2016,UK; England,659k,flac,2:10,Studio,LP
The Caretaker,Stage 3: Bewildered in Other Eyes,Everywhere at the End of Time,Sound Collage; Turntable Music; Dark Ambient; Ambient; Plunderphonics,2016,UK; England,631k,flac,1:51,Studio,LP
The Caretaker,Stage 3: Long Term Dusk Glimpses,Everywhere at the End of Time,Sound Collage; Turntable Music; Dark Ambient; Ambient; Plunderphonics,2016,UK; England,707k,flac,3:33,Studio,LP
The Caretaker,Stage 3: Gradations of Arms Length,Everywhere at the End of Time,Sound Collage; Turntable Music; Dark Ambient; Ambient; Plunderphonics,2016,UK; England,728k,flac,1:31,Studio,LP
The Caretaker,Stage 3: Drifting Time Misplaced,Everywhere at the End of Time,Sound Collage; Turntable Music; Dark Ambient; Ambient; Plunderphonics,2016,UK; England,676k,flac,4:15,Studio,LP
The Caretaker,Stage 3: Internal Bewildered World,Everywhere at the End of Time,Sound Collage; Turntable Music; Dark Ambient; Ambient; Plunderphonics,2016,UK; England,562k,flac,3:29,Studio,LP
The Caretaker,Stage 3: Burning Despair Does Ache,Everywhere at the End of Time,Sound Collage; Turntable Music; Dark Ambient; Ambient; Plunderphonics,2016,UK; England,587k,flac,2:37,Studio,LP
The Caretaker,Stage 3: Aching Cavern Without Lucidity,Everywhere at the End of Time,Sound Collage; Turntable Music; Dark Ambient; Ambient; Plunderphonics,2016,UK; England,537k,flac,1:19,Studio,LP
The Caretaker,Stage 3: An Empty Bliss Beyond This World,Everywhere at the End of Time,Sound Collage; Turntable Music; Dark Ambient; Ambient; Plunderphonics,2016,UK; England,486k,flac,3:36,Studio,LP
The Caretaker,Stage 3: Libet Delay,Everywhere at the End of Time,Sound Collage; Turntable Music; Dark Ambient; Ambient; Plunderphonics,2016,UK; England,722k,flac,3:57,Studio,LP
The Caretaker,Stage 3: Mournful Cameraderie,Everywhere at the End of Time,Sound Collage; Turntable Music; Dark Ambient; Ambient; Plunderphonics,2016,UK; England,616k,flac,2:39,Studio,LP
The Caretaker,Stage 4: Post Awareness Confusions,Everywhere at the End of Time,Sound Collage; Turntable Music; Dark Ambient; Ambient; Plunderphonics,2016,UK; England,1481k,flac,22:09,Studio,LP
The Caretaker,Stage 4: Post Awareness Confusions,Everywhere at the End of Time,Sound Collage; Turntable Music; Dark Ambient; Ambient; Plunderphonics,2016,UK; England,1473k,flac,21:52,Studio,LP
The Caretaker,Stage 4: Temporary Bliss State,Everywhere at the End of Time,Sound Collage; Turntable Music; Dark Ambient; Ambient; Plunderphonics,2016,UK; England,1460k,flac,21:01,Studio,LP
The Caretaker,Stage 4: Post Awareness Confusions,Everywhere at the End of Time,Sound Collage; Turntable Music; Dark Ambient; Ambient; Plunderphonics,2016,UK; England,1462k,flac,22:16,Studio,LP
The Caretaker,Stage 5: Advanced Plaque Entanglements,Everywhere at the End of Time,Sound Collage; Turntable Music; Dark Ambient; Ambient; Plunderphonics,2016,UK; England,320k,mp3,22:35,Studio,LP
The Caretaker,Stage 5: Advanced Plaque Entanglements,Everywhere at the End of Time,Sound Collage; Turntable Music; Dark Ambient; Ambient; Plunderphonics,2016,UK; England,320k,mp3,22:48,Studio,LP
The Caretaker,Stage 5: Synapse Retrogenesis,Everywhere at the End of Time,Sound Collage; Turntable Music; Dark Ambient; Ambient; Plunderphonics,2016,UK; England,320k,mp3,20:48,Studio,LP
The Caretaker,Stage 5: Sudden Time Regression Into Isolation,Everywhere at the End of Time,Sound Collage; Turntable Music; Dark Ambient; Ambient; Plunderphonics,2016,UK; England,320k,mp3,22:08,Studio,LP
The Caretaker,Stage 6: A Confusion So Thick You Forget Forgetting,Everywhere at the End of Time,Sound Collage; Turntable Music; Dark Ambient; Ambient; Plunderphonics,2016,UK; England,320k,mp3,21:53,Studio,LP
The Caretaker,Stage 6: A Brutal Bliss Beyond This Empty Defeat,Everywhere at the End of Time,Sound Collage; Turntable Music; Dark Ambient; Ambient; Plunderphonics,2016,UK; England,320k,mp3,21:36,Studio,LP
The Caretaker,Stage 6: Long Decline Is Over,Everywhere at the End of Time,Sound Collage; Turntable Music; Dark Ambient; Ambient; Plunderphonics,2016,UK; England,320k,mp3,21:10,Studio,LP
The Caretaker,Stage 6: Place in the World Fades Away,Everywhere at the End of Time,Sound Collage; Turntable Music; Dark Ambient; Ambient; Plunderphonics,2016,UK; England,320k,mp3,21:19,Studio,LP
Sonic Youth,Tom Violence,EVOL,Alternative Rock,1986,USA,290k VBR,mp3,3:06,Studio,LP
Sonic Youth,Shadow of a Doubt,EVOL,Alternative Rock,1986,USA,274k VBR,mp3,3:32,Studio,LP
Sonic Youth,Star Power,EVOL,Alternative Rock,1986,USA,291k VBR,mp3,4:48,Studio,LP
Sonic Youth,In the Kingdom #19,EVOL,Alternative Rock,1986,USA,281k VBR,mp3,3:24,Studio,LP
Sonic Youth,Green Light,EVOL,Alternative Rock,1986,USA,288k VBR,mp3,3:41,Studio,LP
Sonic Youth,Death to Our Friends,EVOL,Alternative Rock,1986,USA,299k VBR,mp3,3:19,Studio,LP
Sonic Youth,Secret Girl,EVOL,Alternative Rock,1986,USA,256k VBR,mp3,2:51,Studio,LP
Sonic Youth,Marilyn Moore,EVOL,Alternative Rock,1986,USA,273k VBR,mp3,4:04,Studio,LP
Sonic Youth,Expressway to Yr. Skull,EVOL,Alternative Rock,1986,USA,264k VBR,mp3,7:07,Studio,LP
Sonic Youth,Bubblegum,EVOL,Alternative Rock,1986,USA,288k VBR,mp3,2:50,Studio,LP
Autechre,Fleure,Exai,IDM; Experimental,2013,UK; England,778k,flac,4:51,Studio,LP
Autechre,irlite (get 0),Exai,IDM; Experimental,2013,UK; England,813k,flac,10:01,Studio,LP
Autechre,prac-f,Exai,IDM; Experimental,2013,UK; England,805k,flac,4:19,Studio,LP
Autechre,jatevee C,Exai,IDM; Experimental,2013,UK; England,927k,flac,4:14,Studio,LP
Autechre,T ess xi,Exai,IDM; Experimental,2013,UK; England,743k,flac,6:43,Studio,LP
Autechre,vekoS,Exai,IDM; Experimental,2013,UK; England,871k,flac,6:41,Studio,LP
Autechre,Flep,Exai,IDM; Experimental,2013,UK; England,793k,flac,6:42,Studio,LP
Autechre,tuinorizn,Exai,IDM; Experimental,2013,UK; England,777k,flac,3:40,Studio,LP
Autechre,bladelores,Exai,IDM; Experimental,2013,UK; England,669k,flac,12:19,Studio,LP
Autechre,1 1 is,Exai,IDM; Experimental,2013,UK; England,810k,flac,7:17,Studio,LP
Autechre,nodezsh,Exai,IDM; Experimental,2013,UK; England,708k,flac,8:40,Studio,LP
Autechre,runrepik,Exai,IDM; Experimental,2013,UK; England,942k,flac,4:35,Studio,LP
Autechre,spl9,Exai,IDM; Experimental,2013,UK; England,901k,flac,7:06,Studio,LP
Autechre,cloudline,Exai,IDM; Experimental,2013,UK; England,818k,flac,10:12,Studio,LP
Autechre,deco Loc,Exai,IDM; Experimental,2013,UK; England,488k,flac,5:27,Studio,LP
Autechre,recks on,Exai,IDM; Experimental,2013,UK; England,693k,flac,9:21,Studio,LP
Autechre,YJY UX,Exai,IDM; Experimental,2013,UK; England,929k,flac,8:24,Studio,LP
Fire! Orchestra,Exit! Part One,Exit!,Experimental Big Band,2013,Sweden,320k,mp3,19:29,Studio,LP
Fire! Orchestra,Exit! Part Two,Exit!,Experimental Big Band,2013,Sweden,320k,mp3,24:54,Studio,LP
Fela Kuti,Expensive Shit,Expensive Shit/He Miss Road,Afrobeat,1975,Nigeria,128k,wma,13:13,Studio,LP
Fela Kuti,Water No Get Enemy,Expensive Shit/He Miss Road,Afrobeat,1975,Nigeria,128k,wma,11:00,Studio,LP
Fela Kuti,He Miss Road,Expensive Shit/He Miss Road,Afrobeat,1975,Nigeria,128k,wma,10:47,Studio,LP
Fela Kuti,Monday Morning in Lagos,Expensive Shit/He Miss Road,Afrobeat,1975,Nigeria,128k,wma,11:15,Studio,LP
Fela Kuti,It's No Possible,Expensive Shit/He Miss Road,Afrobeat,1975,Nigeria,128k,wma,17:36,Studio,LP
Duster,Untitled (61),Experimental Dust,Slowcore,2000,USA,192k,mp3,6:15,Studio,LP
Duster,Untitled,Experimental Dust,Slowcore,2000,USA,142k VBR,mp3,3:55,Studio,LP
Duster,Untitled,Experimental Dust,Slowcore,2000,USA,192k,mp3,1:35,Studio,LP
Duster,Untitled (62),Experimental Dust,Slowcore,2000,USA,192k,mp3,2:59,Studio,LP
Duster,Untitled (59),Experimental Dust,Slowcore,2000,USA,192k,mp3,2:41,Studio,LP
Duster,Cut,Experimental Dust,Slowcore,2000,USA,192k,mp3,1:00,Studio,LP
Duster,Diamond (Demo),Experimental Dust,Slowcore,2000,USA,192k,mp3,2:10,Studio,LP
Duster,Testphase,Experimental Dust,Slowcore,2000,USA,192k,mp3,1:12,Studio,LP
Duster,Cooking No More,Experimental Dust,Slowcore,2000,USA,192k,mp3,4:13,Studio,LP
Duster,Instrumental,Experimental Dust,Slowcore,2000,USA,192k,mp3,0:35,Studio,LP
Duster,Untitled (60),Experimental Dust,Slowcore,2000,USA,192k,mp3,3:18,Studio,LP
Duster,Instruments 1,Experimental Dust,Slowcore,2000,USA,192k,mp3,2:03,Studio,LP
Duster,Untitled,Experimental Dust,Slowcore,2000,USA,140k VBR,mp3,4:54,Studio,LP
Polvo,Fast Canoe,Exploded Drawing,Indie Rock,1996,USA,869k,flac,6:41,Studio,LP
Polvo,Bridesmaid Blues,Exploded Drawing,Indie Rock,1996,USA,805k,flac,3:30,Studio,LP
Polvo,Feather of Forgiveness,Exploded Drawing,Indie Rock,1996,USA,909k,flac,3:45,Studio,LP
Polvo,Passive Attack,Exploded Drawing,Indie Rock,1996,USA,683k,flac,1:12,Studio,LP
Polvo,Light of the Moon,Exploded Drawing,Indie Rock,1996,USA,743k,flac,2:12,Studio,LP
Polvo,Crumbling Down,Exploded Drawing,Indie Rock,1996,USA,940k,flac,3:06,Studio,LP
Polvo,Street Knowledge,Exploded Drawing,Indie Rock,1996,USA,971k,flac,1:51,Studio,LP
Polvo,High-Wire Moves,Exploded Drawing,Indie Rock,1996,USA,921k,flac,4:21,Studio,LP
Polvo,Monoloth,Exploded Drawing,Indie Rock,1996,USA,591k,flac,2:52,Studio,LP
Polvo,In This Life,Exploded Drawing,Indie Rock,1996,USA,891k,flac,4:05,Studio,LP
Polvo,The Secret's Secret,Exploded Drawing,Indie Rock,1996,USA,766k,flac,2:03,Studio,LP
Polvo,Snowstorm in Iowa,Exploded Drawing,Indie Rock,1996,USA,959k,flac,2:23,Studio,LP
Polvo,The Purple Bear,Exploded Drawing,Indie Rock,1996,USA,993k,flac,3:27,Studio,LP
Polvo,Taste of Your Mind,Exploded Drawing,Indie Rock,1996,USA,853k,flac,3:50,Studio,LP
Polvo,Missing Receipts,Exploded Drawing,Indie Rock,1996,USA,553k,flac,1:47,Studio,LP
Polvo,When Will You Die for the Last Time in My Dreams,Exploded Drawing,Indie Rock,1996,USA,912k,flac,11:43,Studio,LP
Godspeed You! Black Emperor,The Dead Flag Blues,F♯ A♯ ∞,Post-Rock,1997,Canada,520k,flac,16:27,Studio,LP
Godspeed You! Black Emperor,East Hastings,F♯ A♯ ∞,Post-Rock,1997,Canada,649k,flac,17:58,Studio,LP
Godspeed You! Black Emperor,Providence,F♯ A♯ ∞,Post-Rock,1997,Canada,596k,flac,29:02,Studio,LP
Unwound,Dragnalus,Fake Train,Post-Hardcore; Noise Rock,1993,USA,320k,mp3,3:29,Studio,LP
Unwound,Lucky Acid,Fake Train,Post-Hardcore; Noise Rock,1993,USA,320k,mp3,1:43,Studio,LP
Unwound,Nervous Energy,Fake Train,Post-Hardcore; Noise Rock,1993,USA,320k,mp3,4:50,Studio,LP
Unwound,"Valentine Card / Kantina / Were, Are And Was Or Is.",Fake Train,Post-Hardcore; Noise Rock,1993,USA,320k,mp3,13:59,Studio,LP
Unwound,Honourosis,Fake Train,Post-Hardcore; Noise Rock,1993,USA,320k,mp3,4:45,Studio,LP
Unwound,Pure Pain Sugar,Fake Train,Post-Hardcore; Noise Rock,1993,USA,320k,mp3,2:35,Studio,LP
Unwound,Gravity Slips,Fake Train,Post-Hardcore; Noise Rock,1993,USA,320k,mp3,1:44,Studio,LP
Unwound,Star Spangled Hell,Fake Train,Post-Hardcore; Noise Rock,1993,USA,320k,mp3,3:52,Studio,LP
Unwound,Ratbite,Fake Train,Post-Hardcore; Noise Rock,1993,USA,320k,mp3,2:44,Studio,LP
Unwound,Feeling$ Real,Fake Train,Post-Hardcore; Noise Rock,1993,USA,320k,mp3,5:15,Studio,LP
Cornelius,Mic Check,Fantasma,Shibuya-kei; Indietronica; Neo-Psychedelia,1997,Japan,320k,mp3,3:01,Studio,LP
Cornelius,The Micro Disneycal World Tour,Fantasma,Shibuya-kei; Indietronica; Neo-Psychedelia,1997,Japan,320k,mp3,3:37,Studio,LP
Cornelius,New Music Machine,Fantasma,Shibuya-kei; Indietronica; Neo-Psychedelia,1997,Japan,320k,mp3,3:52,Studio,LP
Cornelius,Clash,Fantasma,Shibuya-kei; Indietronica; Neo-Psychedelia,1997,Japan,320k,mp3,5:37,Studio,LP
Cornelius,Count Five Or Six,Fantasma,Shibuya-kei; Indietronica; Neo-Psychedelia,1997,Japan,320k,mp3,3:01,Studio,LP
Cornelius,Magoo Opening,Fantasma,Shibuya-kei; Indietronica; Neo-Psychedelia,1997,Japan,320k,mp3,2:08,Studio,LP
Cornelius,Star Fruits Surf Rider,Fantasma,Shibuya-kei; Indietronica; Neo-Psychedelia,1997,Japan,320k,mp3,5:47,Studio,LP
Cornelius,Chapter 8 - Seashore And Horizon,Fantasma,Shibuya-kei; Indietronica; Neo-Psychedelia,1997,Japan,320k,mp3,3:24,Studio,LP
Cornelius,Free Fall,Fantasma,Shibuya-kei; Indietronica; Neo-Psychedelia,1997,Japan,320k,mp3,4:06,Studio,LP
Cornelius,2010,Fantasma,Shibuya-kei; Indietronica; Neo-Psychedelia,1997,Japan,320k,mp3,2:03,Studio,LP
Cornelius,God Only Knows,Fantasma,Shibuya-kei; Indietronica; Neo-Psychedelia,1997,Japan,320k,mp3,7:39,Studio,LP
Cornelius,Thank You For The Music,Fantasma,Shibuya-kei; Indietronica; Neo-Psychedelia,1997,Japan,320k,mp3,4:53,Studio,LP
Cornelius,Fantasma,Fantasma,Shibuya-kei; Indietronica; Neo-Psychedelia,1997,Japan,320k,mp3,0:54,Studio,LP
Still House Plants,Pleasures,Fast Edit,Experimental Rock,2020,UK; Scotland,128k,mp3,1:50,Studio,LP
Still House Plants,Blink 2wice,Fast Edit,Experimental Rock,2020,UK; Scotland,128k,mp3,3:48,Studio,LP
Still House Plants,Getting Murky,Fast Edit,Experimental Rock,2020,UK; Scotland,128k,mp3,3:17,Studio,LP
Still House Plants,Choppy Nice,Fast Edit,Experimental Rock,2020,UK; Scotland,128k,mp3,0:28,Studio,LP
Still House Plants,Room,Fast Edit,Experimental Rock,2020,UK; Scotland,128k,mp3,0:54,Studio,LP
Still House Plants,Shy Song,Fast Edit,Experimental Rock,2020,UK; Scotland,128k,mp3,3:48,Studio,LP
Still House Plants,Curb,Fast Edit,Experimental Rock,2020,UK; Scotland,128k,mp3,5:07,Studio,LP
Still House Plants,Do,Fast Edit,Experimental Rock,2020,UK; Scotland,128k,mp3,3:36,Studio,LP
Still House Plants,Able To,Fast Edit,Experimental Rock,2020,UK; Scotland,128k,mp3,3:54,Studio,LP
Still House Plants,I'm in Your Orbit,Fast Edit,Experimental Rock,2020,UK; Scotland,128k,mp3,0:46,Studio,LP
Still House Plants,Crreeaase,Fast Edit,Experimental Rock,2020,UK; Scotland,128k,mp3,3:51,Studio,LP
Still House Plants,September,Fast Edit,Experimental Rock,2020,UK; Scotland,128k,mp3,6:54,Studio,LP
Still House Plants,PredickateD,Fast Edit,Experimental Rock,2020,UK; Scotland,128k,mp3,2:07,Studio,LP
Faust,Why Don't You Eat Carrots?,Faust,Krautrock; Experimental Rock; Musique concrète,1971,Germany,320k,mp3,9:34,Studio,LP
Faust,Meadow Meal,Faust,Krautrock; Experimental Rock; Musique concrète,1971,Germany,320k,mp3,8:04,Studio,LP
Faust,Miss Fortune,Faust,Krautrock; Experimental Rock; Musique concrète,1971,Germany,320k,mp3,16:36,Studio,LP
Faust,Krautrock,Faust IV,Krautrock,1973,Germany,320k,mp3,11:47,Studio,LP
Faust,The Sad Skinhead,Faust IV,Krautrock,1973,Germany,320k,mp3,2:43,Studio,LP
Faust,Jennifer,Faust IV,Krautrock,1973,Germany,320k,mp3,7:11,Studio,LP
Faust,Just A Second (Starts Like That!),Faust IV,Krautrock,1973,Germany,320k,mp3,3:35,Studio,LP
Faust,"Picnic On A Frozen River, Deuxieme Tableux",Faust IV,Krautrock,1973,Germany,320k,mp3,7:45,Studio,LP
Faust,Giggy Smile,Faust IV,Krautrock,1973,Germany,320k,mp3,4:28,Studio,LP
Faust,Lauft... Heisst Das es Lauft Oder es Kommt Bald... Lauft,Faust IV,Krautrock,1973,Germany,320k,mp3,3:40,Studio,LP
Faust,It's A Bit Of A Pain,Faust IV,Krautrock,1973,Germany,320k,mp3,3:08,Studio,LP
Talking Heads,I Zimbra,Fear of Music,New Wave,1979,USA,320k,mp3,3:08,Studio,LP
Talking Heads,Mind,Fear of Music,New Wave,1979,USA,320k,mp3,4:13,Studio,LP
Talking Heads,Paper,Fear of Music,New Wave,1979,USA,320k,mp3,2:38,Studio,LP
Talking Heads,Cities,Fear of Music,New Wave,1979,USA,320k,mp3,4:17,Studio,LP
Talking Heads,Life During Wartime,Fear of Music,New Wave,1979,USA,320k,mp3,3:41,Studio,LP
Talking Heads,Memories Can't Wait,Fear of Music,New Wave,1979,USA,320k,mp3,3:29,Studio,LP
Talking Heads,Air,Fear of Music,New Wave,1979,USA,320k,mp3,3:33,Studio,LP
Talking Heads,Heaven,Fear of Music,New Wave,1979,USA,320k,mp3,4:01,Studio,LP
Talking Heads,Animals,Fear of Music,New Wave,1979,USA,320k,mp3,3:30,Studio,LP
Talking Heads,Electric Guitar,Fear of Music,New Wave,1979,USA,320k,mp3,3:01,Studio,LP
Talking Heads,Drugs,Fear of Music,New Wave,1979,USA,320k,mp3,5:20,Studio,LP
Talking Heads,Dancing for Money [Unfinished Outtake][#][*],Fear of Music,New Wave,1979,USA,320k,mp3,2:41,Studio,LP
Talking Heads,Life During Wartime [Alternate Version][#][*],Fear of Music,New Wave,1979,USA,320k,mp3,4:07,Studio,LP
Talking Heads,Cities [Alternate Version][#][*],Fear of Music,New Wave,1979,USA,320k,mp3,5:29,Studio,LP
Talking Heads,Mind [Alternate Version][#][*],Fear of Music,New Wave,1979,USA,320k,mp3,4:26,Studio,LP
OOIOO,Be Sure to Loop,Feather Float,Experimental Rock; Psychedelic Rock,1999,Japan,320k,mp3,7:45,Studio,LP
OOIOO,Oizumio,Feather Float,Experimental Rock; Psychedelic Rock,1999,Japan,320k,mp3,3:38,Studio,LP
OOIOO,Ina 咲くの唄,Feather Float,Experimental Rock; Psychedelic Rock,1999,Japan,320k,mp3,4:23,Studio,LP
OOIOO,Ah Yeah!,Feather Float,Experimental Rock; Psychedelic Rock,1999,Japan,320k,mp3,2:25,Studio,LP
OOIOO,Switch On,Feather Float,Experimental Rock; Psychedelic Rock,1999,Japan,320k,mp3,2:16,Studio,LP
OOIOO,Jackson's Club 'Sunspot',Feather Float,Experimental Rock; Psychedelic Rock,1999,Japan,320k,mp3,2:17,Studio,LP
OOIOO,Asozan,Feather Float,Experimental Rock; Psychedelic Rock,1999,Japan,320k,mp3,5:11,Studio,LP
OOIOO,Baby Bamboo From Nose,Feather Float,Experimental Rock; Psychedelic Rock,1999,Japan,320k,mp3,6:53,Studio,LP
OOIOO,1000 Frogs and 3 Sun in a House,Feather Float,Experimental Rock; Psychedelic Rock,1999,Japan,320k,mp3,10:27,Studio,LP
OOIOO,Ring Ring Lee,Feather Float,Experimental Rock; Psychedelic Rock,1999,Japan,320k,mp3,3:07,Studio,LP
OOIOO,ハッピピピ OOIOO,Feather Float,Experimental Rock; Psychedelic Rock,1999,Japan,320k,mp3,0:11,Studio,LP
Animal Collective,Did You See the Words,Feels,Ambient Pop,2005,USA,320k,mp3,5:15,Studio,LP
Animal Collective,Grass,Feels,Ambient Pop,2005,USA,320k,mp3,2:59,Studio,LP
Animal Collective,Flesh Canoe,Feels,Ambient Pop,2005,USA,320k,mp3,3:44,Studio,LP
Animal Collective,The Purple Bottle,Feels,Ambient Pop,2005,USA,320k,mp3,6:48,Studio,LP
Animal Collective,Bees,Feels,Ambient Pop,2005,USA,320k,mp3,5:38,Studio,LP
Animal Collective,Banshee Beat,Feels,Ambient Pop,2005,USA,320k,mp3,8:22,Studio,LP
Animal Collective,Daffy Duck,Feels,Ambient Pop,2005,USA,320k,mp3,7:34,Studio,LP
Animal Collective,Loch Raven,Feels,Ambient Pop,2005,USA,320k,mp3,4:59,Studio,LP
Animal Collective,Turn Into Something,Feels,Ambient Pop,2005,USA,320k,mp3,6:29,Studio,LP
Melt-Banana,Candy Gun,Fetch,Noise Rock,2013,Japan,320k,mp3,4:07,Studio,LP
Melt-Banana,The Hive,Fetch,Noise Rock,2013,Japan,320k,mp3,2:14,Studio,LP
Melt-Banana,Vertigo Game,Fetch,Noise Rock,2013,Japan,320k,mp3,1:26,Studio,LP
Melt-Banana,"Left Dog (Run, Caper, Run)",Fetch,Noise Rock,2013,Japan,320k,mp3,1:52,Studio,LP
Melt-Banana,Infection Defective,Fetch,Noise Rock,2013,Japan,320k,mp3,4:10,Studio,LP
Melt-Banana,My Missing Link,Fetch,Noise Rock,2013,Japan,320k,mp3,3:40,Studio,LP
Melt-Banana,Zero+,Fetch,Noise Rock,2013,Japan,320k,mp3,2:06,Studio,LP
Melt-Banana,Schemes of the Tails,Fetch,Noise Rock,2013,Japan,320k,mp3,3:47,Studio,LP
Melt-Banana,Lie Lied Lies,Fetch,Noise Rock,2013,Japan,320k,mp3,2:04,Studio,LP
Melt-Banana,"Red Data, Red Stage",Fetch,Noise Rock,2013,Japan,320k,mp3,1:41,Studio,LP
Melt-Banana,Then Red Eyed,Fetch,Noise Rock,2013,Japan,320k,mp3,1:19,Studio,LP
Melt-Banana,Zero,Fetch,Noise Rock,2013,Japan,320k,mp3,3:45,Studio,LP
These New Puritans,This Guy’s in Love With You,Field of Reeds,Post-Rock; Art Rock,2013,UK; England,320k,mp3,3:03,Studio,LP
These New Puritans,Fragment Two,Field of Reeds,Post-Rock; Art Rock,2013,UK; England,320k,mp3,4:35,Studio,LP
These New Puritans,The Light In Your Name,Field of Reeds,Indie rock,2013,UK; England,320k,mp3,6:04,Studio,LP
These New Puritans,V (Island Song),Field of Reeds,Indie rock,2013,UK; England,320k,mp3,9:17,Studio,LP
These New Puritans,Spiral,Field of Reeds,Indie rock,2013,UK; England,320k,mp3,6:05,Studio,LP
These New Puritans,Organ Eternal,Field of Reeds,Indie rock,2013,UK; England,320k,mp3,5:32,Studio,LP
These New Puritans,Nothing Else,Field of Reeds,Indie rock,2013,UK; England,320k,mp3,7:50,Studio,LP
These New Puritans,Dream,Field of Reeds,Indie rock,2013,UK; England,320k,mp3,4:16,Studio,LP
These New Puritans,Field of Reeds,Field of Reeds,Indie rock,2013,UK; England,320k,mp3,6:26,Studio,LP
Elliott Smith,Son of Sam,Figure 8,Indie Pop,2000,USA,945k,flac,3:04,Studio,LP
Elliott Smith,Somebody That I Used to Know,Figure 8,Indie Pop,2000,USA,819k,flac,2:09,Studio,LP
Elliott Smith,Junk Bond Trader,Figure 8,Indie Pop,2000,USA,988k,flac,3:49,Studio,LP
Elliott Smith,Everything Reminds Me of Her,Figure 8,Indie Pop,2000,USA,778k,flac,2:37,Studio,LP
Elliott Smith,Everything Means Nothing to Me,Figure 8,Indie Pop,2000,USA,826k,flac,2:22,Studio,LP
Elliott Smith,LA,Figure 8,Indie Pop,2000,USA,976k,flac,3:14,Studio,LP
Elliott Smith,In the Lost and Found (Honky Bach) / The Roost,Figure 8,Indie Pop,2000,USA,756k,flac,4:32,Studio,LP
Elliott Smith,Stupidity Tries,Figure 8,Indie Pop,2000,USA,926k,flac,4:24,Studio,LP
Elliott Smith,Easy Way Out,Figure 8,Indie Pop,2000,USA,860k,flac,2:44,Studio,LP
Elliott Smith,Wouldn’t Mama Be Proud?,Figure 8,Indie Pop,2000,USA,989k,flac,3:25,Studio,LP
Elliott Smith,Color Bars,Figure 8,Indie Pop,2000,USA,951k,flac,2:19,Studio,LP
Elliott Smith,Happiness / The Gondola Man,Figure 8,Indie Pop,2000,USA,869k,flac,5:04,Studio,LP
Elliott Smith,Pretty Mary K,Figure 8,Indie Pop,2000,USA,903k,flac,2:35,Studio,LP
Elliott Smith,I Better Be Quiet Now,Figure 8,Indie Pop,2000,USA,821k,flac,3:35,Studio,LP
Elliott Smith,Can’t Make a Sound,Figure 8,Indie Pop,2000,USA,981k,flac,4:15,Studio,LP
Elliott Smith,Bye,Figure 8,Indie Pop,2000,USA,546k,flac,1:53,Studio,LP
Aksak Maboul,Among The Naeporu,Figures,Rock In Opposition; Progressive Pop,2020,Belgium,1937k,flac,0:28,Studio,LP
Aksak Maboul,C'est Charles,Figures,Rock In Opposition; Progressive Pop,2020,Belgium,1044k,flac,4:20,Studio,LP
Aksak Maboul,Taciturne,Figures,Rock In Opposition; Progressive Pop,2020,Belgium,1072k,flac,6:54,Studio,LP
Aksak Maboul,Silhouettes,Figures,Rock In Opposition; Progressive Pop,2020,Belgium,965k,flac,4:39,Studio,LP
Aksak Maboul,"True, False, Fictive",Figures,Rock In Opposition; Progressive Pop,2020,Belgium,1089k,flac,1:25,Studio,LP
Aksak Maboul,Histoires de fous,Figures,Rock In Opposition; Progressive Pop,2020,Belgium,1054k,flac,5:32,Studio,LP
Aksak Maboul,Sophie La Bévue,Figures,Rock In Opposition; Progressive Pop,2020,Belgium,1010k,flac,1:57,Studio,LP
Aksak Maboul,Formerly Known As Défilé,Figures,Rock In Opposition; Progressive Pop,2020,Belgium,1109k,flac,3:20,Studio,LP
Aksak Maboul,How Should One Read a Book?,Figures,Rock In Opposition; Progressive Pop,2020,Belgium,2085k,flac,0:28,Studio,LP
Aksak Maboul,Spleenétique,Figures,Rock In Opposition; Progressive Pop,2020,Belgium,1019k,flac,5:47,Studio,LP
Aksak Maboul,Sgraffites,Figures,Rock In Opposition; Progressive Pop,2020,Belgium,1009k,flac,4:20,Studio,LP
Aksak Maboul,The Untranslatable,Figures,Rock In Opposition; Progressive Pop,2020,Belgium,1186k,flac,1:32,Studio,LP
Aksak Maboul,Retour chez A.,Figures,Rock In Opposition; Progressive Pop,2020,Belgium,1090k,flac,5:00,Studio,LP
Aksak Maboul,Dramuscule,Figures,Rock In Opposition; Progressive Pop,2020,Belgium,1046k,flac,6:42,Studio,LP
Aksak Maboul,Excerpt from Uccellini,Figures,Rock In Opposition; Progressive Pop,2020,Belgium,1169k,flac,1:16,Studio,LP
Aksak Maboul,Un Caïd,Figures,Rock In Opposition; Progressive Pop,2020,Belgium,1067k,flac,5:26,Studio,LP
Aksak Maboul,Martial Arts for Boys,Figures,Rock In Opposition; Progressive Pop,2020,Belgium,2830k,flac,0:16,Studio,LP
Aksak Maboul,Un certain M.,Figures,Rock In Opposition; Progressive Pop,2020,Belgium,1202k,flac,1:26,Studio,LP
Aksak Maboul,Ins Bleistiftgebiet,Figures,Rock In Opposition; Progressive Pop,2020,Belgium,1169k,flac,1:33,Studio,LP
Aksak Maboul,Fatrasie pulvérisée,Figures,Rock In Opposition; Progressive Pop,2020,Belgium,1048k,flac,3:33,Studio,LP
Aksak Maboul,"Qu’est-ce que c’est “mot""?",Figures,Rock In Opposition; Progressive Pop,2020,Belgium,1236k,flac,1:01,Studio,LP
Aksak Maboul,Tout a une fin,Figures,Rock In Opposition; Progressive Pop,2020,Belgium,990k,flac,8:35,Studio,LP
Miles Davis,Frelon Brun (Brown Hornet),Filles De Kilimanjaro,Post-Bop; Jazz Fusion,1969,USA,320k,mp3,5:39,Studio,LP
Miles Davis,Tout De Suite,Filles De Kilimanjaro,Post-Bop; Jazz Fusion,1969,USA,320k,mp3,14:05,Studio,LP
Miles Davis,Petits Machins (Little Stuff),Filles De Kilimanjaro,Post-Bop; Jazz Fusion,1969,USA,320k,mp3,8:07,Studio,LP
Miles Davis,Filles De Kilimanjaro,Filles De Kilimanjaro,Post-Bop; Jazz Fusion,1969,USA,320k,mp3,12:02,Studio,LP
Miles Davis,Mademoiselle Mabry (Miss Mabry),Filles De Kilimanjaro,Post-Bop; Jazz Fusion,1969,USA,320k,mp3,16:35,Studio,LP
Miles Davis,Tout De Suite (Alternate Take),Filles De Kilimanjaro,Post-Bop; Jazz Fusion,1969,USA,320k,mp3,14:37,Studio,LP
Swans,Stay Here,Filth,Post-Punk,1983,USA,320k,mp3,5:37,Studio,LP
Swans,Big Strong Boss,Filth,Post-Punk,1983,USA,320k,mp3,3:02,Studio,LP
Swans,Blackout,Filth,Post-Punk,1983,USA,320k,mp3,3:46,Studio,LP
Swans,Power for Power,Filth,Post-Punk,1983,USA,320k,mp3,5:53,Studio,LP
Swans,Freak,Filth,Post-Punk,1983,USA,320k,mp3,1:13,Studio,LP
Swans,Right Wrong,Filth,Post-Punk,1983,USA,320k,mp3,4:43,Studio,LP
Swans,Thank You,Filth,Post-Punk,1983,USA,320k,mp3,3:52,Studio,LP
Swans,Weakling,Filth,Post-Punk,1983,USA,320k,mp3,5:20,Studio,LP
Swans,Gang,Filth,Post-Punk,1983,USA,320k,mp3,3:19,Studio,LP
Múm,Sleep/Swim,Finally We Are No One,Post-Rock,2002,Iceland,192k,mp3,0:50,Studio,LP
Múm,Green Grass Of Tunnel,Finally We Are No One,Post-Rock,2002,Iceland,192k,mp3,4:59,Studio,LP
Múm,We Have A Map Of The Piano,Finally We Are No One,Post-Rock,2002,Iceland,192k,mp3,5:19,Studio,LP
Múm,"Don't Be Afraid, You Have Just Got Your Eyes Closed",Finally We Are No One,Post-Rock,2002,Iceland,192k,mp3,5:43,Studio,LP
Múm,"Behind Two Hills,,,,A Swimmingpool",Finally We Are No One,Post-Rock,2002,Iceland,192k,mp3,1:08,Studio,LP
Múm,K/Half Noise,Finally We Are No One,Post-Rock,2002,Iceland,192k,mp3,8:41,Studio,LP
Múm,Now There's That Fear Again,Finally We Are No One,Post-Rock,2002,Iceland,192k,mp3,3:56,Studio,LP
Múm,Faraway Swimmingpool,Finally We Are No One,Post-Rock,2002,Iceland,192k,mp3,2:55,Studio,LP
Múm,"I Can't Feel My Hand Any More, It's Alright, Sleep Tight",Finally We Are No One,Post-Rock,2002,Iceland,192k,mp3,5:40,Studio,LP
Múm,Finally We Are No One,Finally We Are No One,Post-Rock,2002,Iceland,192k,mp3,5:07,Studio,LP
Múm,The Land Between Solar Systems,Finally We Are No One,Post-Rock,2002,Iceland,192k,mp3,11:58,Studio,LP
John Coltrane,Love,First Meditations,Spiritual Jazz; Avant-Garde Jazz,1965,USA,320k,mp3,8:03,Studio,LP
John Coltrane,Compassion,First Meditations,Spiritual Jazz; Avant-Garde Jazz,1965,USA,320k,mp3,9:32,Studio,LP
John Coltrane,Joy,First Meditations,Spiritual Jazz; Avant-Garde Jazz,1965,USA,320k,mp3,8:52,Studio,LP
John Coltrane,Consequences,First Meditations,Spiritual Jazz; Avant-Garde Jazz,1965,USA,320k,mp3,7:21,Studio,LP
John Coltrane,Serenity,First Meditations,Spiritual Jazz; Avant-Garde Jazz,1965,USA,320k,mp3,6:12,Studio,LP
John Coltrane,Joy (Alternate Version),First Meditations,Spiritual Jazz; Avant-Garde Jazz,1965,USA,320k,mp3,12:14,Studio,LP
Comus,Diana,First Utterance,Progressive Folk,1971,UK; England,192k,mp3,4:40,Studio,LP
Comus,The Herald,First Utterance,Progressive Folk,1971,UK; England,192k,mp3,12:21,Studio,LP
Comus,Drip Drip,First Utterance,Progressive Folk,1971,UK; England,192k,mp3,11:08,Studio,LP
Comus,Song To Comus,First Utterance,Progressive Folk,1971,UK; England,192k,mp3,7:34,Studio,LP
Comus,The Bite,First Utterance,Progressive Folk,1971,UK; England,192k,mp3,5:32,Studio,LP
Comus,Bitten,First Utterance,Progressive Folk,1971,UK; England,192k,mp3,2:18,Studio,LP
Comus,The Prisoner,First Utterance,Progressive Folk,1971,UK; England,192k,mp3,6:25,Studio,LP
Tomasz Stańko,Fish Face,Fish Face,Avant-Garde Jazz; Free Jazz,1973,Poland,256k,mp3,18:18,Studio,LP
Tomasz Stańko,Fat Belly Ellie,Fish Face,Avant-Garde Jazz; Free Jazz,1973,Poland,256k,mp3,6:48,Studio,LP
Tomasz Stańko,Mike Spike,Fish Face,Avant-Garde Jazz; Free Jazz,1973,Poland,256k,mp3,12:34,Studio,LP
Nick Drake,Time Has Told Me,Five Leaves Left,Chamber Folk; Contemporary Folk,1969,UK; England,320k,mp3,4:27,Studio,LP
Nick Drake,River Man,Five Leaves Left,Chamber Folk; Contemporary Folk,1969,UK; England,320k,mp3,4:22,Studio,LP
Nick Drake,Three Hours,Five Leaves Left,Chamber Folk; Contemporary Folk,1969,UK; England,320k,mp3,6:15,Studio,LP
Nick Drake,Way to Blue,Five Leaves Left,Chamber Folk; Contemporary Folk,1969,UK; England,320k,mp3,3:11,Studio,LP
Nick Drake,Day Is Done,Five Leaves Left,Chamber Folk; Contemporary Folk,1969,UK; England,320k,mp3,2:28,Studio,LP
Nick Drake,’Cello Song,Five Leaves Left,Chamber Folk; Contemporary Folk,1969,UK; England,320k,mp3,4:48,Studio,LP
Nick Drake,The Thoughts of Mary Jane,Five Leaves Left,Chamber Folk; Contemporary Folk,1969,UK; England,320k,mp3,3:22,Studio,LP
Nick Drake,Man in a Shed,Five Leaves Left,Chamber Folk; Contemporary Folk,1969,UK; England,320k,mp3,3:55,Studio,LP
Nick Drake,Fruit Tree,Five Leaves Left,Chamber Folk; Contemporary Folk,1969,UK; England,320k,mp3,4:49,Studio,LP
Nick Drake,Saturday Sun,Five Leaves Left,Chamber Folk; Contemporary Folk,1969,UK; England,320k,mp3,4:05,Studio,LP
King Gizzard & The Lizard Wizard,Head On/Pill,Float Along - Fill Your Lungs,Garage Rock; Psychedelic Rock; Acid Rock; Space Rock,2013,Australia,320k,mp3,16:01,Studio,LP
King Gizzard & The Lizard Wizard,I’m Not a Man Unless I Have A Woman,Float Along - Fill Your Lungs,Garage Rock; Psychedelic Rock; Acid Rock; Space Rock,2013,Australia,320k,mp3,2:55,Studio,LP
King Gizzard & The Lizard Wizard,God Is Calling Me Back Home,Float Along - Fill Your Lungs,Garage Rock; Psychedelic Rock; Acid Rock; Space Rock,2013,Australia,320k,mp3,4:24,Studio,LP
King Gizzard & The Lizard Wizard,30 Past 7,Float Along - Fill Your Lungs,Garage Rock; Psychedelic Rock; Acid Rock; Space Rock,2013,Australia,320k,mp3,3:43,Studio,LP
King Gizzard & The Lizard Wizard,Let Me Mend The Past,Float Along - Fill Your Lungs,Garage Rock; Psychedelic Rock; Acid Rock; Space Rock,2013,Australia,320k,mp3,2:30,Studio,LP
King Gizzard & The Lizard Wizard,Mystery Jack,Float Along - Fill Your Lungs,Garage Rock; Psychedelic Rock; Acid Rock; Space Rock,2013,Australia,320k,mp3,2:47,Studio,LP
King Gizzard & The Lizard Wizard,Pop In My Step,Float Along - Fill Your Lungs,Garage Rock; Psychedelic Rock; Acid Rock; Space Rock,2013,Australia,320k,mp3,2:51,Studio,LP
King Gizzard & The Lizard Wizard,Float Along – Fill Your Lungs,Float Along - Fill Your Lungs,Garage Rock; Psychedelic Rock; Acid Rock; Space Rock,2013,Australia,320k,mp3,6:45,Studio,LP
Boris,"Flood, Part 1",Flood,Drone; Ambient; Experimental; Post-Rock,2000,Japan,320k,mp3,14:41,Studio,LP
Boris,"Flood, Part 2",Flood,Drone; Ambient; Experimental; Post-Rock,2000,Japan,320k,mp3,13:34,Studio,LP
Boris,"Flood, Part 3",Flood,Drone; Ambient; Experimental; Post-Rock,2000,Japan,320k,mp3,20:37,Studio,LP
Boris,"Flood, Part 4",Flood,Drone; Ambient; Experimental; Post-Rock,2000,Japan,320k,mp3,21:34,Studio,LP
Flooding,"Pas de Lune, pt. I",Flooding,Slowcore,2021,USA,320k,mp3,3:36,Studio,LP
Flooding,"Pas de Lune, pt. II",Flooding,Slowcore,2021,USA,320k,mp3,3:40,Studio,LP
Flooding,Salt of the Earth,Flooding,Slowcore,2021,USA,320k,mp3,5:39,Studio,LP
Flooding,I Want To Go There With You,Flooding,Slowcore,2021,USA,320k,mp3,3:50,Studio,LP
Flooding,Opportunistic Affection,Flooding,Slowcore,2021,USA,320k,mp3,5:01,Studio,LP
Flooding,"Insure me, Procure me",Flooding,Slowcore,2021,USA,320k,mp3,4:01,Studio,LP
Flooding,Priestess,Flooding,Slowcore,2021,USA,320k,mp3,4:37,Studio,LP
Flooding,Delayed Gratification,Flooding,Slowcore,2021,USA,320k,mp3,3:26,Studio,LP
Flooding,Gomez,Flooding,Slowcore,2021,USA,320k,mp3,3:35,Studio,LP
吉村弘 [Hiroshi Yoshimura],Over the Clover,Flora,Ambient,1987,Japan,320k,mp3,6:40,Studio,LP
吉村弘 [Hiroshi Yoshimura],Flora,Flora,Ambient,1987,Japan,320k,mp3,6:02,Studio,LP
吉村弘 [Hiroshi Yoshimura],Asagao,Flora,Ambient,1987,Japan,320k,mp3,5:54,Studio,LP
吉村弘 [Hiroshi Yoshimura],Ojigisou,Flora,Ambient,1987,Japan,320k,mp3,2:50,Studio,LP
吉村弘 [Hiroshi Yoshimura],Maple Syrup Factory,Flora,Ambient,1987,Japan,320k,mp3,4:57,Studio,LP
吉村弘 [Hiroshi Yoshimura],Adelaide,Flora,Ambient,1987,Japan,320k,mp3,7:11,Studio,LP
吉村弘 [Hiroshi Yoshimura],Wind Echo,Flora,Ambient,1987,Japan,320k,mp3,2:55,Studio,LP
吉村弘 [Hiroshi Yoshimura],Trick Tree,Flora,Ambient,1987,Japan,320k,mp3,5:50,Studio,LP
吉村弘 [Hiroshi Yoshimura],Kasumi,Flora,Ambient,1987,Japan,320k,mp3,5:56,Studio,LP
吉村弘 [Hiroshi Yoshimura],Silence,Flora,Ambient,1987,Japan,320k,mp3,5:15,Studio,LP
吉村弘 [Hiroshi Yoshimura],Satie On the Grass,Flora,Ambient,1987,Japan,320k,mp3,4:44,Studio,LP
julie,Flutter,flutter,Shoegaze,2020,USA,192k,mp3,4:27,Studio,Single
King Gizzard & The Lizard Wizard,Rattlesnake,Flying Microtonal Banana,Psychedelic Rock; Garage Rock; Anatolian Rock,2017,Australia,320k,mp3,7:48,Studio,LP
King Gizzard & The Lizard Wizard,Melting,Flying Microtonal Banana,Psychedelic Rock; Garage Rock; Anatolian Rock,2017,Australia,320k,mp3,5:27,Studio,LP
King Gizzard & The Lizard Wizard,Open Water,Flying Microtonal Banana,Psychedelic Rock; Garage Rock; Anatolian Rock,2017,Australia,320k,mp3,7:13,Studio,LP
King Gizzard & The Lizard Wizard,Sleep Drifter,Flying Microtonal Banana,Psychedelic Rock; Garage Rock; Anatolian Rock,2017,Australia,320k,mp3,4:44,Studio,LP
King Gizzard & The Lizard Wizard,Billabong Valley,Flying Microtonal Banana,Psychedelic Rock; Garage Rock; Anatolian Rock,2017,Australia,320k,mp3,3:34,Studio,LP
King Gizzard & The Lizard Wizard,Anoxia,Flying Microtonal Banana,Psychedelic Rock; Garage Rock; Anatolian Rock,2017,Australia,320k,mp3,3:04,Studio,LP
King Gizzard & The Lizard Wizard,Doom City,Flying Microtonal Banana,Psychedelic Rock; Garage Rock; Anatolian Rock,2017,Australia,320k,mp3,3:14,Studio,LP
King Gizzard & The Lizard Wizard,Nuclear Fusion,Flying Microtonal Banana,Psychedelic Rock; Garage Rock; Anatolian Rock,2017,Australia,320k,mp3,4:15,Studio,LP
King Gizzard & The Lizard Wizard,Flying Microtonal Banana,Flying Microtonal Banana,Psychedelic Rock; Garage Rock; Anatolian Rock,2017,Australia,320k,mp3,2:34,Studio,LP
Flying Saucer Attack,My Dreaming Hill,Flying Saucer Attack,Shoegaze; Space Rock Revival; Space Rock,1993,UK; England,320k,mp3,6:12,Studio,LP
Flying Saucer Attack,A Silent Tide,Flying Saucer Attack,Shoegaze; Space Rock Revival; Space Rock,1993,UK; England,320k,mp3,3:48,Studio,LP
Flying Saucer Attack,Moonset,Flying Saucer Attack,Shoegaze; Space Rock Revival; Space Rock,1993,UK; England,320k,mp3,4:25,Studio,LP
Flying Saucer Attack,Make Me Dream,Flying Saucer Attack,Shoegaze; Space Rock Revival; Space Rock,1993,UK; England,320k,mp3,4:25,Studio,LP
Flying Saucer Attack,Popol Vuh 2,Flying Saucer Attack,Shoegaze; Space Rock Revival; Space Rock,1993,UK; England,320k,mp3,5:00,Studio,LP
Flying Saucer Attack,The Drowners,Flying Saucer Attack,Shoegaze; Space Rock Revival; Space Rock,1993,UK; England,320k,mp3,4:34,Studio,LP
Flying Saucer Attack,Still,Flying Saucer Attack,Shoegaze; Space Rock Revival; Space Rock,1993,UK; England,320k,mp3,1:50,Studio,LP
Flying Saucer Attack,Popol Vuh 1,Flying Saucer Attack,Shoegaze; Space Rock Revival; Space Rock,1993,UK; England,320k,mp3,10:18,Studio,LP
Flying Saucer Attack,The Season Is Ours,Flying Saucer Attack,Shoegaze; Space Rock Revival; Space Rock,1993,UK; England,320k,mp3,4:18,Studio,LP
Muddy Waters,My Home Is in the Delta,Folk Singer,Blues,1964,USA,775k,m4a,4:01,Studio,LP
Muddy Waters,Long Distance,Folk Singer,Blues,1964,USA,727k,m4a,3:33,Studio,LP
Muddy Waters,My Captain,Folk Singer,Blues,1964,USA,672k,m4a,5:13,Studio,LP
Muddy Waters,Good Morning Little Schoolgirl,Folk Singer,Blues,1964,USA,813k,m4a,3:16,Studio,LP
Muddy Waters,You Gonna Need My Help,Folk Singer,Blues,1964,USA,771k,m4a,3:13,Studio,LP
Muddy Waters,Cold Weather Blues,Folk Singer,Blues,1964,USA,651k,m4a,4:43,Studio,LP
Muddy Waters,Big Leg Woman,Folk Singer,Blues,1964,USA,695k,m4a,3:29,Studio,LP
Muddy Waters,Country Boy,Folk Singer,Blues,1964,USA,716k,m4a,3:29,Studio,LP
Muddy Waters,Feel Like Going Home,Folk Singer,Blues,1964,USA,686k,m4a,3:57,Studio,LP
Muddy Waters,The Same Thing,Folk Singer,Blues,1964,USA,865k,m4a,2:45,Studio,LP
Muddy Waters,You Can't Lose What You Never Had,Folk Singer,Blues,1964,USA,892k,m4a,2:59,Studio,LP
Muddy Waters,My John the Conqueror Root,Folk Singer,Blues,1964,USA,903k,m4a,2:22,Studio,LP
Muddy Waters,Short Dress Woman,Folk Singer,Blues,1964,USA,941k,m4a,2:49,Studio,LP
Muddy Waters,Put Me in Your Lay Away,Folk Singer,Blues,1964,USA,873k,m4a,2:56,Studio,LP
toe,ここには何もかもがあるし、何もかもがない,For Long Tomorrow,Math Rock; Post-Rock,2009,Japan,320k,mp3,0:39,Studio,LP
toe,ショウシツ点よ笛,For Long Tomorrow,Math Rock; Post-Rock,2009,Japan,320k,mp3,2:39,Studio,LP
toe,After Image,For Long Tomorrow,Math Rock; Post-Rock,2009,Japan,320k,mp3,3:59,Studio,LP
toe,エソテリック,For Long Tomorrow,Math Rock; Post-Rock,2009,Japan,320k,mp3,4:15,Studio,LP
toe,Say It Ain't So,For Long Tomorrow,Math Rock; Post-Rock,2009,Japan,320k,mp3,3:42,Studio,LP
toe,Two Moons,For Long Tomorrow,Math Rock; Post-Rock,2009,Japan,320k,mp3,4:10,Studio,LP
toe,モスキートンはもう聞こえない#1,For Long Tomorrow,Math Rock; Post-Rock,2009,Japan,320k,mp3,2:31,Studio,LP
toe,モスキートンはもう聞こえない#2,For Long Tomorrow,Math Rock; Post-Rock,2009,Japan,320k,mp3,2:19,Studio,LP
toe,ラストナイト,For Long Tomorrow,Math Rock; Post-Rock,2009,Japan,320k,mp3,4:56,Studio,LP
toe,グッドバイ,For Long Tomorrow,Math Rock; Post-Rock,2009,Japan,320k,mp3,7:05,Studio,LP
toe,You Go,For Long Tomorrow,Math Rock; Post-Rock,2009,Japan,320k,mp3,3:35,Studio,LP
toe,Our Next Movement,For Long Tomorrow,Math Rock; Post-Rock,2009,Japan,320k,mp3,4:47,Studio,LP
toe,Long Tomorrow,For Long Tomorrow,Math Rock; Post-Rock,2009,Japan,320k,mp3,5:18,Studio,LP
"Black Country, New Road",Instrumental,For the first time,Post-Rock; Experimental Rock; Post-Punk; Klezmer,2021,UK; England,320k,mp3,5:27,Studio,LP
"Black Country, New Road","Athens, France",For the first time,Post-Rock; Experimental Rock; Post-Punk; Klezmer,2021,UK; England,320k,mp3,6:22,Studio,LP
"Black Country, New Road",Science Fair,For the first time,Post-Rock; Experimental Rock; Post-Punk; Klezmer,2021,UK; England,320k,mp3,6:20,Studio,LP
"Black Country, New Road",Sunglasses,For the first time,Post-Rock; Experimental Rock; Post-Punk; Klezmer,2021,UK; England,320k,mp3,9:50,Studio,LP
"Black Country, New Road",Track X,For the first time,Post-Rock; Experimental Rock; Post-Punk; Klezmer,2021,UK; England,320k,mp3,4:44,Studio,LP
"Black Country, New Road",Opus,For the first time,Post-Rock; Experimental Rock; Post-Punk; Klezmer,2021,UK; England,320k,mp3,8:01,Studio,LP
Björk,Atopos,Fossora,Electronic,2022,Iceland,902k,flac,4:46,Studio,LP
Björk,Ovule,Fossora,Electronic,2022,Iceland,998k,flac,3:38,Studio,LP
Björk,Mycelia,Fossora,Electronic,2022,Iceland,747k,flac,2:00,Studio,LP
Björk,Sorrowful Soil,Fossora,Electronic,2022,Iceland,864k,flac,3:15,Studio,LP
Björk,Ancestress,Fossora,Electronic,2022,Iceland,833k,flac,7:17,Studio,LP
Björk,Fagurt er í Fjörðum,Fossora,Electronic,2022,Iceland,839k,flac,0:44,Studio,LP
Björk,Victimhood,Fossora,Electronic,2022,Iceland,867k,flac,6:57,Studio,LP
Björk,Allow,Fossora,Electronic,2022,Iceland,863k,flac,5:26,Studio,LP
Björk,Fungal City,Fossora,Electronic,2022,Iceland,916k,flac,4:45,Studio,LP
Björk,Trölla‐Gabba,Fossora,Electronic,2022,Iceland,861k,flac,1:57,Studio,LP
Björk,Freefall,Fossora,Electronic,2022,Iceland,780k,flac,4:31,Studio,LP
Björk,Fossora,Fossora,Electronic,2022,Iceland,977k,flac,4:19,Studio,LP
Björk,Her Mother’s House,Fossora,Electronic,2022,Iceland,828k,flac,4:33,Studio,LP
Yes,Roundabout,Fragile,Progressive Rock,1972,UK; England,320k,mp3,8:35,Studio,LP
Yes,Cans and Brahms,Fragile,Progressive Rock,1972,UK; England,320k,mp3,1:42,Studio,LP
Yes,We Have Heaven,Fragile,Progressive Rock,1972,UK; England,320k,mp3,1:39,Studio,LP
Yes,South Side of the Sky,Fragile,Progressive Rock,1972,UK; England,320k,mp3,7:56,Studio,LP
Yes,Five Per Cent for Nothing,Fragile,Progressive Rock,1972,UK; England,320k,mp3,0:38,Studio,LP
Yes,Long Distance Runaround,Fragile,Progressive Rock,1972,UK; England,320k,mp3,3:29,Studio,LP
Yes,The Fish (Shindleria Praematurus),Fragile,Progressive Rock,1972,UK; England,320k,mp3,2:42,Studio,LP
Yes,Mood for a Day,Fragile,Progressive Rock,1972,UK; England,320k,mp3,3:02,Studio,LP
Yes,Heart of the Sunrise,Fragile,Progressive Rock,1972,UK; England,320k,mp3,11:24,Studio,LP
Ornette Coleman,Free Jazz,Free Jazz: A Collective Improvisation,Free Jazz,1960,USA,320k,mp3,37:03,Studio,LP
Ornette Coleman,First Take,Free Jazz: A Collective Improvisation,Free Jazz,1960,USA,320k,mp3,17:03,Studio,LP
Arcade Fire,Neighborhood #1 (Tunnels),Funeral,Indie,2004,Canada,219k VBR,mp3,4:48,Studio,LP
Arcade Fire,Neighborhood #2 (Laïka),Funeral,Indie,2004,Canada,230k VBR,mp3,3:32,Studio,LP
Arcade Fire,Une Année Sans Lumiere,Funeral,Indie,2004,Canada,211k VBR,mp3,3:41,Studio,LP
Arcade Fire,Neighborhood #3 (Power Out),Funeral,Indie,2004,Canada,240k VBR,mp3,5:12,Studio,LP
Arcade Fire,Neighborhood #4 (7 Kettles),Funeral,Indie,2004,Canada,186k VBR,mp3,4:49,Studio,LP
Arcade Fire,Crown Of Love,Funeral,Indie,2004,Canada,190k VBR,mp3,4:42,Studio,LP
Arcade Fire,Wake Up,Funeral,Indie,2004,Canada,201k VBR,mp3,5:35,Studio,LP
Arcade Fire,Haiti,Funeral,Indie,2004,Canada,207k VBR,mp3,4:07,Studio,LP
Arcade Fire,Rebellion (Lies),Funeral,Indie,2004,Canada,205k VBR,mp3,5:10,Studio,LP
Arcade Fire,In The Back Seat,Funeral,Indie,2004,Canada,196k VBR,mp3,6:20,Studio,LP
Can,Future Days,Future Days,Krautrock; Ambient,1973,Germany,320k,mp3,9:32,Studio,LP
Can,Spray,Future Days,Krautrock; Ambient,1973,Germany,320k,mp3,8:29,Studio,LP
Can,Moonshake,Future Days,Krautrock; Ambient,1973,Germany,320k,mp3,3:04,Studio,LP
Can,Bel Air,Future Days,Krautrock; Ambient,1973,Germany,320k,mp3,19:53,Studio,LP
The Strokes,Drag Queen,Future Present Past,Indie Rock; Post-Punk Revival,2016,USA,884k,flac,4:33,Studio,EP
The Strokes,Oblivius,Future Present Past,Indie Rock; Post-Punk Revival,2016,USA,875k,flac,4:59,Studio,EP
The Strokes,Threat of Joy,Future Present Past,Indie Rock; Post-Punk Revival,2016,USA,848k,flac,4:24,Studio,EP
The Strokes,Oblivius (Moretti Remix),Future Present Past,Indie Rock; Post-Punk Revival,2016,USA,783k,flac,5:32,Studio,EP
Godspeed You! Black Emperor,Military Alphabet (five eyes all blind) [4521.0kHz 6730.0kHz 4109.09kHz],G_d's Pee AT STATE'S END!,Post-Rock,2021,Canada,320k,mp3,4:35,Studio,LP
Godspeed You! Black Emperor,Job's Lament,G_d's Pee AT STATE'S END!,Post-Rock,2021,Canada,320k,mp3,8:02,Studio,LP
Godspeed You! Black Emperor,First of the Last Glaciers,G_d's Pee AT STATE'S END!,Post-Rock,2021,Canada,320k,mp3,5:59,Studio,LP
Godspeed You! Black Emperor,where we break how we shine (ROCKETS FOR MARY),G_d's Pee AT STATE'S END!,Post-Rock,2021,Canada,320k,mp3,1:44,Studio,LP
Godspeed You! Black Emperor,Fire at Static Valley,G_d's Pee AT STATE'S END!,Post-Rock,2021,Canada,320k,mp3,5:58,Studio,LP
Godspeed You! Black Emperor,“GOVERNMENT CAME” (9980.0kHz 3617.1kHz 4521.0 kHz),G_d's Pee AT STATE'S END!,Post-Rock,2021,Canada,320k,mp3,11:35,Studio,LP
Godspeed You! Black Emperor,Cliffs Gaze / cliffs’ gaze at empty waters’ rise / ASHES TO SEA or NEARER TO THEE,G_d's Pee AT STATE'S END!,Post-Rock,2021,Canada,320k,mp3,8:12,Studio,LP
Godspeed You! Black Emperor,OUR SIDE HAS TO WIN (for D.H.),G_d's Pee AT STATE'S END!,Post-Rock,2021,Canada,320k,mp3,6:30,Studio,LP
OOIOO,Don Ah,Gamel,Avant-Garde,2013,Japan,877k,flac,9:53,Studio,LP
OOIOO,Shizuku Gunung Agung,Gamel,Avant-Garde,2013,Japan,854k,flac,7:40,Studio,LP
OOIOO,Pebarongan,Gamel,Avant-Garde,2013,Japan,715k,flac,5:11,Studio,LP
OOIOO,Gamel Ninna Yama,Gamel,Avant-Garde,2013,Japan,812k,flac,4:33,Studio,LP
OOIOO,Gamel Uma Umo,Gamel,Avant-Garde,2013,Japan,800k,flac,2:53,Studio,LP
OOIOO,Gamel Kamasu,Gamel,Avant-Garde,2013,Japan,756k,flac,6:04,Studio,LP
OOIOO,Atatawa,Gamel,Avant-Garde,2013,Japan,835k,flac,5:32,Studio,LP
OOIOO,Jesso Testa,Gamel,Avant-Garde,2013,Japan,985k,flac,3:32,Studio,LP
OOIOO,Gamel Udahah,Gamel,Avant-Garde,2013,Japan,906k,flac,5:33,Studio,LP
OOIOO,Kecupat Aneh,Gamel,Avant-Garde,2013,Japan,920k,flac,4:26,Studio,LP
OOIOO,Gamel Ulda,Gamel,Avant-Garde,2013,Japan,846k,flac,4:08,Studio,LP
Various Artists,Tabuh Gari,Gamelan Semar Pegulingan (Gamelan Of The Love God),Gamelan,1972,Indonesia,320k,mp3,6:19,Studio,LP
Various Artists,Gambang,Gamelan Semar Pegulingan (Gamelan Of The Love God),Gamelan,1972,Indonesia,320k,mp3,3:09,Studio,LP
Various Artists,Tabuh Pisan,Gamelan Semar Pegulingan (Gamelan Of The Love God),Gamelan,1972,Indonesia,320k,mp3,5:27,Studio,LP
Various Artists,Barong,Gamelan Semar Pegulingan (Gamelan Of The Love God),Gamelan,1972,Indonesia,320k,mp3,5:33,Studio,LP
Various Artists,Sinom Ladrang,Gamelan Semar Pegulingan (Gamelan Of The Love God),Gamelan,1972,Indonesia,320k,mp3,6:24,Studio,LP
Various Artists,Lègong Kraton-Playon,Gamelan Semar Pegulingan (Gamelan Of The Love God),Gamelan,1972,Indonesia,320k,mp3,14:03,Studio,LP
Autechre,Gantz Graf,Gantz Graf,IDM,2002,UK; England,320k,mp3,3:58,Studio,EP
Autechre,Dial.,Gantz Graf,IDM,2002,UK; England,320k,mp3,6:17,Studio,EP
Autechre,Cap.IV,Gantz Graf,IDM,2002,UK; England,320k,mp3,9:02,Studio,EP
Boards of Canada,Ready Lets Go,Geogaddi,IDM; Ambient,2002,UK; Scotland,192k,mp3,0:59,Studio,LP
Boards of Canada,Music Is Math,Geogaddi,IDM; Ambient,2002,UK; Scotland,192k,mp3,5:21,Studio,LP
Boards of Canada,Beware the Friendly Stranger,Geogaddi,IDM; Ambient,2002,UK; Scotland,192k,mp3,0:37,Studio,LP
Boards of Canada,Gyroscope,Geogaddi,IDM; Ambient,2002,UK; Scotland,192k,mp3,3:35,Studio,LP
Boards of Canada,Dandelion,Geogaddi,IDM; Ambient,2002,UK; Scotland,192k,mp3,1:15,Studio,LP
Boards of Canada,Sunshine Recorder,Geogaddi,IDM; Ambient,2002,UK; Scotland,192k,mp3,6:12,Studio,LP
Boards of Canada,In the Annexe,Geogaddi,IDM; Ambient,2002,UK; Scotland,192k,mp3,1:22,Studio,LP
Boards of Canada,Julie and Candy,Geogaddi,IDM; Ambient,2002,UK; Scotland,192k,mp3,5:30,Studio,LP
Boards of Canada,The Smallest Weird Number,Geogaddi,IDM; Ambient,2002,UK; Scotland,192k,mp3,1:17,Studio,LP
Boards of Canada,1969,Geogaddi,IDM; Ambient,2002,UK; Scotland,192k,mp3,4:20,Studio,LP
Boards of Canada,Energy Warning,Geogaddi,IDM; Ambient,2002,UK; Scotland,192k,mp3,0:35,Studio,LP
Boards of Canada,The Beach at Redpoint,Geogaddi,IDM; Ambient,2002,UK; Scotland,192k,mp3,4:18,Studio,LP
Boards of Canada,Opening the Mouth,Geogaddi,IDM; Ambient,2002,UK; Scotland,192k,mp3,1:11,Studio,LP
Boards of Canada,Alpha and Omega,Geogaddi,IDM; Ambient,2002,UK; Scotland,192k,mp3,7:02,Studio,LP
Boards of Canada,I Saw Drones,Geogaddi,IDM; Ambient,2002,UK; Scotland,192k,mp3,0:27,Studio,LP
Boards of Canada,The Devil Is in the Details,Geogaddi,IDM; Ambient,2002,UK; Scotland,192k,mp3,3:53,Studio,LP
Boards of Canada,A Is to B as B Is to C,Geogaddi,IDM; Ambient,2002,UK; Scotland,192k,mp3,1:40,Studio,LP
Boards of Canada,Over the Horizon Radar,Geogaddi,IDM; Ambient,2002,UK; Scotland,192k,mp3,1:08,Studio,LP
Boards of Canada,Dawn Chorus,Geogaddi,IDM; Ambient,2002,UK; Scotland,192k,mp3,3:55,Studio,LP
Boards of Canada,Diving Station,Geogaddi,IDM; Ambient,2002,UK; Scotland,192k,mp3,1:26,Studio,LP
Boards of Canada,You Could Feel the Sky,Geogaddi,IDM; Ambient,2002,UK; Scotland,192k,mp3,5:14,Studio,LP
Boards of Canada,Corsair,Geogaddi,IDM; Ambient,2002,UK; Scotland,192k,mp3,2:52,Studio,LP
Boards of Canada,Magic Window,Geogaddi,IDM; Ambient,2002,UK; Scotland,192k,mp3,1:46,Studio,LP
Boards of Canada,From One Source All Things Depend,Geogaddi,IDM; Ambient,2002,UK; Scotland,192k,mp3,2:10,Studio,LP
Takashi Kokubo,光と風のシンフォニー,Get at the Wave,Ambient; New Age,1987,Japan,320k,mp3,6:25,Studio,LP
Takashi Kokubo,海底の中の夢,Get at the Wave,Ambient; New Age,1987,Japan,320k,mp3,6:35,Studio,LP
Takashi Kokubo,大海原の呼吸,Get at the Wave,Ambient; New Age,1987,Japan,320k,mp3,6:41,Studio,LP
Takashi Kokubo,海のつぶやき,Get at the Wave,Ambient; New Age,1987,Japan,320k,mp3,10:05,Studio,LP
Takashi Kokubo,高原のささやき,Get at the Wave,Ambient; New Age,1987,Japan,320k,mp3,10:10,Studio,LP
Bôa,Angry,Get There,Alternative Rock; Indie Rock,2005,UK; England,320k,mp3,3:42,Studio,LP
Bôa,Get There,Get There,Alternative Rock; Indie Rock,2005,UK; England,320k,mp3,4:33,Studio,LP
Bôa,Wasted,Get There,Alternative Rock; Indie Rock,2005,UK; England,320k,mp3,3:52,Studio,LP
Bôa,Believe Me,Get There,Alternative Rock; Indie Rock,2005,UK; England,320k,mp3,2:51,Studio,LP
Bôa,Courage,Get There,Alternative Rock; Indie Rock,2005,UK; England,320k,mp3,5:08,Studio,LP
Bôa,A Girl,Get There,Alternative Rock; Indie Rock,2005,UK; England,320k,mp3,4:40,Studio,LP
Bôa,Daylight,Get There,Alternative Rock; Indie Rock,2005,UK; England,320k,mp3,5:22,Studio,LP
Bôa,America,Get There,Alternative Rock; Indie Rock,2005,UK; England,320k,mp3,4:08,Studio,LP
Bôa,Older,Get There,Alternative Rock; Indie Rock,2005,UK; England,320k,mp3,3:17,Studio,LP
Bôa,Passport (C.W.B. always with me),Get There,Alternative Rock; Indie Rock,2005,UK; England,320k,mp3,5:09,Studio,LP
Bôa,Standby,Get There,Alternative Rock; Indie Rock,2005,UK; England,320k,mp3,5:18,Studio,LP
Bôa,On the Wall,Get There,Alternative Rock; Indie Rock,2005,UK; England,320k,mp3,3:08,Studio,LP
Miles Davis,He Loved Him Madly,Get Up With It,Jazz Fusion; Jazz Funk; Avant-Garde Jazz,1974,USA,725k,flac,32:17,Studio,LP
Miles Davis,Maiysha,Get Up With It,Jazz Fusion; Jazz Funk; Avant-Garde Jazz,1974,USA,887k,flac,14:53,Studio,LP
Miles Davis,Honky Tonk,Get Up With It,Jazz Fusion; Jazz Funk; Avant-Garde Jazz,1974,USA,773k,flac,5:55,Studio,LP
Miles Davis,Rated X,Get Up With It,Jazz Fusion; Jazz Funk; Avant-Garde Jazz,1974,USA,996k,flac,6:51,Studio,LP
Miles Davis,Calypso Frelimo,Get Up With It,Jazz Fusion; Jazz Funk; Avant-Garde Jazz,1974,USA,886k,flac,32:08,Studio,LP
Miles Davis,Red China Blues,Get Up With It,Jazz Fusion; Jazz Funk; Avant-Garde Jazz,1974,USA,946k,flac,4:09,Studio,LP
Miles Davis,Mtume,Get Up With It,Jazz Fusion; Jazz Funk; Avant-Garde Jazz,1974,USA,933k,flac,15:11,Studio,LP
Miles Davis,Billy Preston,Get Up With It,Jazz Fusion; Jazz Funk; Avant-Garde Jazz,1974,USA,967k,flac,12:36,Studio,LP
Geese,Trinidad,Getting Killed,Indie Rock; Art Rock,2025,USA,1620k,flac,3:44,Studio,LP
Geese,Cobra,Getting Killed,Indie Rock; Art Rock,2025,USA,1660k,flac,3:05,Studio,LP
Geese,Husbands,Getting Killed,Indie Rock; Art Rock,2025,USA,1643k,flac,4:08,Studio,LP
Geese,Getting Killed,Getting Killed,Indie Rock; Art Rock,2025,USA,1698k,flac,4:44,Studio,LP
Geese,Islands of Men,Getting Killed,Indie Rock; Art Rock,2025,USA,1521k,flac,5:54,Studio,LP
Geese,100 Horses,Getting Killed,Indie Rock; Art Rock,2025,USA,1717k,flac,3:46,Studio,LP
Geese,Half Real,Getting Killed,Indie Rock; Art Rock,2025,USA,1623k,flac,3:22,Studio,LP
Geese,Au Pays du Cocaine,Getting Killed,Indie Rock; Art Rock,2025,USA,1576k,flac,3:30,Studio,LP
Geese,Bow Down,Getting Killed,Indie Rock; Art Rock,2025,USA,1677k,flac,3:28,Studio,LP
Geese,Taxes,Getting Killed,Indie Rock; Art Rock,2025,USA,1652k,flac,3:17,Studio,LP
Geese,Long Island City Here I Come,Getting Killed,Indie Rock; Art Rock,2025,USA,1681k,flac,6:37,Studio,LP
John Coltrane,Giant Steps,Giant Steps,Hard Bop,1960,USA,320k,mp3,4:46,Studio,LP
John Coltrane,Cousin Mary,Giant Steps,Hard Bop,1960,USA,320k,mp3,5:49,Studio,LP
John Coltrane,Countdown,Giant Steps,Hard Bop,1960,USA,320k,mp3,2:25,Studio,LP
John Coltrane,Spiral,Giant Steps,Hard Bop,1960,USA,320k,mp3,6:02,Studio,LP
John Coltrane,Syeeda's Song Flute,Giant Steps,Hard Bop,1960,USA,320k,mp3,7:05,Studio,LP
John Coltrane,Naima,Giant Steps,Hard Bop,1960,USA,320k,mp3,4:25,Studio,LP
John Coltrane,Mr. P.C.,Giant Steps,Hard Bop,1960,USA,320k,mp3,7:02,Studio,LP
John Coltrane,Giant Steps,Giant Steps (Mono),Hard Bop,1960,USA,2609k,flac,4:47,Studio,LP
John Coltrane,Cousin Mary,Giant Steps (Mono),Hard Bop,1960,USA,2572k,flac,5:50,Studio,LP
John Coltrane,Countdown,Giant Steps (Mono),Hard Bop,1960,USA,868k,flac,2:25,Studio,LP
John Coltrane,Spiral,Giant Steps (Mono),Hard Bop,1960,USA,2574k,flac,6:00,Studio,LP
John Coltrane,Syeeda's Song Flute,Giant Steps (Mono),Hard Bop,1960,USA,2548k,flac,7:05,Studio,LP
John Coltrane,Naima,Giant Steps (Mono),Hard Bop,1960,USA,2406k,flac,4:25,Studio,LP
John Coltrane,Mr. P.C.,Giant Steps (Mono),Hard Bop,1960,USA,2564k,flac,6:58,Studio,LP
Philip Glass,Opening,Glassworks,Minimalism; Classical,1982,USA,230k VBR,mp3,6:25,Studio,LP
Philip Glass,Floe,Glassworks,Minimalism; Classical,1982,USA,261k VBR,mp3,5:59,Studio,LP
Philip Glass,Islands,Glassworks,Minimalism; Classical,1982,USA,244k VBR,mp3,7:40,Studio,LP
Philip Glass,Rubric,Glassworks,Minimalism; Classical,1982,USA,252k VBR,mp3,6:04,Studio,LP
Philip Glass,Facades,Glassworks,Minimalism; Classical,1982,USA,237k VBR,mp3,7:21,Studio,LP
Philip Glass,Closing,Glassworks,Minimalism; Classical,1982,USA,234k VBR,mp3,5:59,Studio,LP
Squarepusher,My Red Hot Car,Go Plastic,Electronic,2001,UK; England,259k VBR,mp3,4:42,Studio,LP
Squarepusher,Boneville Occident,Go Plastic,Electronic,2001,UK; England,273k VBR,mp3,4:50,Studio,LP
Squarepusher,Go! Spastic,Go Plastic,Electronic,2001,UK; England,262k VBR,mp3,6:21,Studio,LP
Squarepusher,Metteng Excuske v1.2,Go Plastic,Electronic,2001,UK; England,186k VBR,mp3,1:08,Studio,LP
Squarepusher,The Exploding Psychology,Go Plastic,Electronic,2001,UK; England,243k VBR,mp3,6:43,Studio,LP
Squarepusher,I Wish You Could Talk,Go Plastic,Electronic,2001,UK; England,261k VBR,mp3,4:53,Studio,LP
Squarepusher,Greenways Trajectory,Go Plastic,Electronic,2001,UK; England,261k VBR,mp3,7:10,Studio,LP
Squarepusher,Tommib,Go Plastic,Electronic,2001,UK; England,231k VBR,mp3,1:19,Studio,LP
Squarepusher,My Fucking Sound,Go Plastic,Electronic,2001,UK; England,243k VBR,mp3,7:05,Studio,LP
Squarepusher,Plaistow Flex Out,Go Plastic,Electronic,2001,UK; England,222k VBR,mp3,4:28,Studio,LP
Sun Ra,Days of Happiness,God Is More Than Love Can Ever Be,Spiritual Jazz; Avant-Garde Jazz; Post-Bop,1979,USA,767k,flac,7:27,Studio,LP
Sun Ra,Magic City Blue,God Is More Than Love Can Ever Be,Spiritual Jazz; Avant-Garde Jazz; Post-Bop,1979,USA,825k,flac,4:49,Studio,LP
Sun Ra,Tenderness,God Is More Than Love Can Ever Be,Spiritual Jazz; Avant-Garde Jazz; Post-Bop,1979,USA,692k,flac,8:33,Studio,LP
Sun Ra,Blithe Spirit Dance,God Is More Than Love Can Ever Be,Spiritual Jazz; Avant-Garde Jazz; Post-Bop,1979,USA,842k,flac,10:34,Studio,LP
Sun Ra,God Is More Than Love Can Ever Be,God Is More Than Love Can Ever Be,Spiritual Jazz; Avant-Garde Jazz; Post-Bop,1979,USA,789k,flac,6:49,Studio,LP
Yellow Swans,Foiled,Going Places,Noise,2010,USA,1135k,flac,4:22,Studio,LP
Yellow Swans,Opt Out,Going Places,Noise,2010,USA,1060k,flac,13:09,Studio,LP
Yellow Swans,Sovereign,Going Places,Noise,2010,USA,900k,flac,5:44,Studio,LP
Yellow Swans,Limited Space,Going Places,Noise,2010,USA,999k,flac,6:53,Studio,LP
Yellow Swans,New Life,Going Places,Noise,2010,USA,936k,flac,5:17,Studio,LP
Yellow Swans,Going Places,Going Places,Noise,2010,USA,930k,flac,9:09,Studio,LP
OOIOO,moss trumpeter,gold & green,Experimental Rock; Psychedelic Rock; Neo-Psychedelia,2000,Japan,222k VBR,mp3,3:03,Studio,LP
OOIOO,てくてくtune,gold & green,Experimental Rock; Psychedelic Rock; Neo-Psychedelia,2000,Japan,224k VBR,mp3,2:53,Studio,LP
OOIOO,Grow Sound Tree,gold & green,Experimental Rock; Psychedelic Rock; Neo-Psychedelia,2000,Japan,239k VBR,mp3,6:51,Studio,LP
OOIOO,mountain book,gold & green,Experimental Rock; Psychedelic Rock; Neo-Psychedelia,2000,Japan,252k VBR,mp3,7:04,Studio,LP
OOIOO,I’m a song,gold & green,Experimental Rock; Psychedelic Rock; Neo-Psychedelia,2000,Japan,238k VBR,mp3,7:44,Studio,LP
OOIOO,fossil,gold & green,Experimental Rock; Psychedelic Rock; Neo-Psychedelia,2000,Japan,260k VBR,mp3,3:47,Studio,LP
OOIOO,ina吹くの森,gold & green,Experimental Rock; Psychedelic Rock; Neo-Psychedelia,2000,Japan,192k VBR,mp3,3:24,Studio,LP
OOIOO,unu,gold & green,Experimental Rock; Psychedelic Rock; Neo-Psychedelia,2000,Japan,158k VBR,mp3,0:51,Studio,LP
OOIOO,idbi,gold & green,Experimental Rock; Psychedelic Rock; Neo-Psychedelia,2000,Japan,179k VBR,mp3,0:36,Studio,LP
OOIOO,木6列車,gold & green,Experimental Rock; Psychedelic Rock; Neo-Psychedelia,2000,Japan,208k VBR,mp3,5:12,Studio,LP
OOIOO,emeraldragonfly,gold & green,Experimental Rock; Psychedelic Rock; Neo-Psychedelia,2000,Japan,242k VBR,mp3,7:20,Studio,LP
OOIOO,return to NOW!!!,gold & green,Experimental Rock; Psychedelic Rock; Neo-Psychedelia,2000,Japan,223k VBR,mp3,4:30,Studio,LP
Jeff Buckley,Mojo Pin,Grace,Alternative Rock,1994,USA,133k VBR,mp3,5:42,Studio,LP
Jeff Buckley,Grace,Grace,Alternative Rock,1994,USA,142k VBR,mp3,5:22,Studio,LP
Jeff Buckley,Last Goodbye,Grace,Alternative Rock,1994,USA,146k VBR,mp3,4:35,Studio,LP
Jeff Buckley,Lilac Wine,Grace,Alternative Rock,1994,USA,123k VBR,mp3,4:32,Studio,LP
Jeff Buckley,So Real,Grace,Alternative Rock,1994,USA,137k VBR,mp3,4:43,Studio,LP
Jeff Buckley,Hallelujah,Grace,Alternative Rock,1994,USA,119k VBR,mp3,6:53,Studio,LP
Jeff Buckley,"Lover, You Should’ve Come Over",Grace,Alternative Rock,1994,USA,141k VBR,mp3,6:44,Studio,LP
Jeff Buckley,Corpus Christi Carol,Grace,Alternative Rock,1994,USA,120k VBR,mp3,2:56,Studio,LP
Jeff Buckley,Eternal Life,Grace,Alternative Rock,1994,USA,130k VBR,mp3,4:52,Studio,LP
Jeff Buckley,Dream Brother,Grace,Alternative Rock,1994,USA,129k VBR,mp3,5:31,Studio,LP
Jeff Buckley,Forget Her,Grace,Alternative Rock,1994,USA,138k VBR,mp3,5:14,Studio,LP
吉村弘 [Hiroshi Yoshimura],CREEK,Green,Ambient,1986,Japan,722k,flac,4:53,Studio,LP
吉村弘 [Hiroshi Yoshimura],FEEL,Green,Ambient,1986,Japan,677k,flac,4:27,Studio,LP
吉村弘 [Hiroshi Yoshimura],SHEEP,Green,Ambient,1986,Japan,675k,flac,5:19,Studio,LP
吉村弘 [Hiroshi Yoshimura],SLEEP,Green,Ambient,1986,Japan,568k,flac,6:25,Studio,LP
吉村弘 [Hiroshi Yoshimura],GREEN,Green,Ambient,1986,Japan,576k,flac,5:14,Studio,LP
吉村弘 [Hiroshi Yoshimura],FEET,Green,Ambient,1986,Japan,580k,flac,6:13,Studio,LP
吉村弘 [Hiroshi Yoshimura],STREET,Green,Ambient,1986,Japan,593k,flac,6:46,Studio,LP
吉村弘 [Hiroshi Yoshimura],TEEVEE,Green,Ambient,1986,Japan,546k,flac,3:36,Studio,LP
吉村弘 [Hiroshi Yoshimura],CREEK,Green (SFX Version),Ambient,1986,Japan,320k,mp3,6:02,Studio,LP
吉村弘 [Hiroshi Yoshimura],FEEL,Green (SFX Version),Ambient,1986,Japan,320k,mp3,4:33,Studio,LP
吉村弘 [Hiroshi Yoshimura],SHEEP,Green (SFX Version),Ambient,1986,Japan,320k,mp3,5:32,Studio,LP
吉村弘 [Hiroshi Yoshimura],SLEEP,Green (SFX Version),Ambient,1986,Japan,320k,mp3,6:50,Studio,LP
吉村弘 [Hiroshi Yoshimura],GREEN,Green (SFX Version),Ambient,1986,Japan,320k,mp3,5:21,Studio,LP
吉村弘 [Hiroshi Yoshimura],FEET,Green (SFX Version),Ambient,1986,Japan,320k,mp3,6:19,Studio,LP
吉村弘 [Hiroshi Yoshimura],STREET,Green (SFX Version),Ambient,1986,Japan,320k,mp3,7:30,Studio,LP
吉村弘 [Hiroshi Yoshimura],TEEVEE,Green (SFX Version),Ambient,1986,Japan,320k,mp3,4:12,Studio,LP
Broadcast,Colour Me In,Haha Sound,Downtempo,2003,UK; England,901k,flac,2:51,Studio,LP
Broadcast,Pendulum,Haha Sound,Downtempo,2003,UK; England,908k,flac,4:21,Studio,LP
Broadcast,Before We Begin,Haha Sound,Downtempo,2003,UK; England,907k,flac,3:22,Studio,LP
Broadcast,Valerie,Haha Sound,Downtempo,2003,UK; England,795k,flac,4:04,Studio,LP
Broadcast,Man Is Not a Bird,Haha Sound,Downtempo,2003,UK; England,929k,flac,4:52,Studio,LP
Broadcast,Minim,Haha Sound,Downtempo,2003,UK; England,930k,flac,3:00,Studio,LP
Broadcast,Lunch Hour Pops,Haha Sound,Downtempo,2003,UK; England,837k,flac,3:36,Studio,LP
Broadcast,Black Umbrellas,Haha Sound,Downtempo,2003,UK; England,899k,flac,1:08,Studio,LP
Broadcast,Ominous Cloud,Haha Sound,Downtempo,2003,UK; England,937k,flac,3:46,Studio,LP
Broadcast,Distorsion,Haha Sound,Downtempo,2003,UK; England,890k,flac,2:02,Studio,LP
Broadcast,Oh How I Miss You,Haha Sound,Downtempo,2003,UK; England,775k,flac,1:17,Studio,LP
Broadcast,The Little Bell,Haha Sound,Downtempo,2003,UK; England,838k,flac,2:48,Studio,LP
Broadcast,Winter Now,Haha Sound,Downtempo,2003,UK; England,799k,flac,3:48,Studio,LP
Broadcast,Hawk,Haha Sound,Downtempo,2003,UK; England,393k,flac,8:37,Studio,LP
Broadcast,Stupido,Haha Sound,Downtempo,2003,UK; England,799k,flac,3:35,Studio,LP
Radiohead,2 + 2 = 5,Hail To The Thief,Art Rock; Alternative Rock,2003,UK; England,320k,mp3,3:19,Studio,LP
Radiohead,Sit down.  Stand up.,Hail To The Thief,Art Rock; Alternative Rock,2003,UK; England,320k,mp3,4:19,Studio,LP
Radiohead,Sail to the Moon.,Hail To The Thief,Art Rock; Alternative Rock,2003,UK; England,320k,mp3,4:18,Studio,LP
Radiohead,Backdrifts.,Hail To The Thief,Art Rock; Alternative Rock,2003,UK; England,320k,mp3,5:22,Studio,LP
Radiohead,Go to Sleep.,Hail To The Thief,Art Rock; Alternative Rock,2003,UK; England,320k,mp3,3:21,Studio,LP
Radiohead,Where I End and You Begin.,Hail To The Thief,Art Rock; Alternative Rock,2003,UK; England,320k,mp3,4:29,Studio,LP
Radiohead,We suck Young Blood.,Hail To The Thief,Art Rock; Alternative Rock,2003,UK; England,320k,mp3,4:56,Studio,LP
Radiohead,The Gloaming.,Hail To The Thief,Art Rock; Alternative Rock,2003,UK; England,320k,mp3,3:31,Studio,LP
Radiohead,There there.,Hail To The Thief,Art Rock; Alternative Rock,2003,UK; England,320k,mp3,5:23,Studio,LP
Radiohead,I will.,Hail To The Thief,Art Rock; Alternative Rock,2003,UK; England,320k,mp3,1:59,Studio,LP
Radiohead,A Punchup at a Wedding.,Hail To The Thief,Art Rock; Alternative Rock,2003,UK; England,320k,mp3,4:57,Studio,LP
Radiohead,Myxomatosis.,Hail To The Thief,Art Rock; Alternative Rock,2003,UK; England,320k,mp3,3:52,Studio,LP
Radiohead,Scatterbrain.,Hail To The Thief,Art Rock; Alternative Rock,2003,UK; England,320k,mp3,3:21,Studio,LP
Radiohead,A Wolf at the Door.,Hail To The Thief,Art Rock; Alternative Rock,2003,UK; England,320k,mp3,3:21,Studio,LP
Radiohead,2 + 2 = 5 (Live),Hail to the Thief (Live Recordings 2003-2009),Art Rock; Alternative Rock,2025,UK; England,1087k,flac,3:36,Live,LP
Radiohead,Sit Down. Stand Up (Live),Hail to the Thief (Live Recordings 2003-2009),Art Rock; Alternative Rock,2025,UK; England,1122k,flac,4:11,Live,LP
Radiohead,Sail To The Moon (Live),Hail to the Thief (Live Recordings 2003-2009),Art Rock; Alternative Rock,2025,UK; England,928k,flac,4:19,Live,LP
Radiohead,Go To Sleep (Live),Hail to the Thief (Live Recordings 2003-2009),Art Rock; Alternative Rock,2025,UK; England,1114k,flac,3:45,Live,LP
Radiohead,Where I End and You Begin (Live),Hail to the Thief (Live Recordings 2003-2009),Art Rock; Alternative Rock,2025,UK; England,1077k,flac,4:10,Live,LP
Radiohead,We Suck Young Blood (Live),Hail to the Thief (Live Recordings 2003-2009),Art Rock; Alternative Rock,2025,UK; England,950k,flac,4:57,Live,LP
Radiohead,The Gloaming (Live),Hail to the Thief (Live Recordings 2003-2009),Art Rock; Alternative Rock,2025,UK; England,1105k,flac,3:59,Live,LP
Radiohead,"There, There (Live)",Hail to the Thief (Live Recordings 2003-2009),Art Rock; Alternative Rock,2025,UK; England,1042k,flac,5:33,Live,LP
Radiohead,I Will (Live),Hail to the Thief (Live Recordings 2003-2009),Art Rock; Alternative Rock,2025,UK; England,976k,flac,2:09,Live,LP
Radiohead,Myxomatosis (Live),Hail to the Thief (Live Recordings 2003-2009),Art Rock; Alternative Rock,2025,UK; England,1146k,flac,4:04,Live,LP
Radiohead,Scatterbrain (Live),Hail to the Thief (Live Recordings 2003-2009),Art Rock; Alternative Rock,2025,UK; England,915k,flac,3:25,Live,LP
Radiohead,A Wolf At the Door (Live),Hail to the Thief (Live Recordings 2003-2009),Art Rock; Alternative Rock,2025,UK; England,1067k,flac,3:30,Live,LP
The Necks,Hanging Gardens,Hanging Gardens,Avant-Garde Jazz,1999,Australia,869k,flac,60:30,Studio,LP
Tim Buckley,Strange Feelin',Happy Sad,Psychedelic Folk,1969,USA,320k,mp3,7:41,Studio,LP
Tim Buckley,Buzzin' Fly,Happy Sad,Psychedelic Folk,1969,USA,320k,mp3,6:03,Studio,LP
Tim Buckley,Love From Room 109 At The Isla,Happy Sad,Psychedelic Folk,1969,USA,320k,mp3,10:49,Studio,LP
Tim Buckley,Dream Letter,Happy Sad,Psychedelic Folk,1969,USA,320k,mp3,5:12,Studio,LP
Tim Buckley,Gypsy Woman,Happy Sad,Psychedelic Folk,1969,USA,320k,mp3,12:19,Studio,LP
Tim Buckley,Sing A Song For You,Happy Sad,Psychedelic Folk,1969,USA,320k,mp3,2:39,Studio,LP
Mogwai,Hunted by a Freak,Happy Songs for Happy People,Post-Rock,2003,UK; Scotland,320k,mp3,4:16,Studio,LP
Mogwai,Moses I Amn't,Happy Songs for Happy People,Post-Rock,2003,UK; Scotland,320k,mp3,3:01,Studio,LP
Mogwai,Kids Will Be Skeletons,Happy Songs for Happy People,Post-Rock,2003,UK; Scotland,320k,mp3,5:27,Studio,LP
Mogwai,Killing All the Flies,Happy Songs for Happy People,Post-Rock,2003,UK; Scotland,320k,mp3,4:35,Studio,LP
Mogwai,Boring Machines Disturbs Sleep,Happy Songs for Happy People,Post-Rock,2003,UK; Scotland,320k,mp3,3:05,Studio,LP
Mogwai,Ratts of the Capital,Happy Songs for Happy People,Post-Rock,2003,UK; Scotland,320k,mp3,8:25,Studio,LP
Mogwai,Golden Porsche,Happy Songs for Happy People,Post-Rock,2003,UK; Scotland,320k,mp3,2:48,Studio,LP
Mogwai,I Know You Are But What Am I?,Happy Songs for Happy People,Post-Rock,2003,UK; Scotland,320k,mp3,5:17,Studio,LP
Mogwai,Stop Coming to My House,Happy Songs for Happy People,Post-Rock,2003,UK; Scotland,320k,mp3,4:53,Studio,LP
Mogwai,White Noise,"Hardcore Will Never Die, But You Will",Post-rock,2011,UK; Scotland,320k,mp3,5:03,Studio,LP
Mogwai,Mexican Grand Prix,"Hardcore Will Never Die, But You Will",Post-rock,2011,UK; Scotland,320k,mp3,5:17,Studio,LP
Mogwai,Rano Pano,"Hardcore Will Never Die, But You Will",Post-rock,2011,UK; Scotland,320k,mp3,5:14,Studio,LP
Mogwai,Death Rays,"Hardcore Will Never Die, But You Will",Post-rock,2011,UK; Scotland,320k,mp3,6:00,Studio,LP
Mogwai,San Pedro,"Hardcore Will Never Die, But You Will",Post-rock,2011,UK; Scotland,320k,mp3,3:27,Studio,LP
Mogwai,Letters To The Metro,"Hardcore Will Never Die, But You Will",Post-rock,2011,UK; Scotland,320k,mp3,4:40,Studio,LP
Mogwai,George Square Thatcher Death Party,"Hardcore Will Never Die, But You Will",Post-rock,2011,UK; Scotland,320k,mp3,3:59,Studio,LP
Mogwai,How To Be A Werewolf,"Hardcore Will Never Die, But You Will",Post-rock,2011,UK; Scotland,320k,mp3,6:22,Studio,LP
Mogwai,Too Raging To Cheers,"Hardcore Will Never Die, But You Will",Post-rock,2011,UK; Scotland,320k,mp3,4:29,Studio,LP
Mogwai,You're Lionel Richie,"Hardcore Will Never Die, But You Will",Post-rock,2011,UK; Scotland,320k,mp3,8:29,Studio,LP
Radiohead,Harry Patch (In Memory Of),Harry Patch (In Memory Of),Art Rock; Chamber Music,2016,UK; England,320k,mp3,5:32,Studio,Single
Julia Holter,Feel You,Have You In My Wilderness,Art Pop; Chamber Pop,2015,USA,963k,flac,4:08,Studio,LP
Julia Holter,Silhouette,Have You In My Wilderness,Art Pop; Chamber Pop,2015,USA,914k,flac,3:53,Studio,LP
Julia Holter,How Long?,Have You In My Wilderness,Art Pop; Chamber Pop,2015,USA,857k,flac,3:58,Studio,LP
Julia Holter,Lucette Stranded on the Island,Have You In My Wilderness,Art Pop; Chamber Pop,2015,USA,944k,flac,6:46,Studio,LP
Julia Holter,Sea Calls Me Home,Have You In My Wilderness,Art Pop; Chamber Pop,2015,USA,905k,flac,3:07,Studio,LP
Julia Holter,Night Song,Have You In My Wilderness,Art Pop; Chamber Pop,2015,USA,828k,flac,4:12,Studio,LP
Julia Holter,Everytime Boots,Have You In My Wilderness,Art Pop; Chamber Pop,2015,USA,904k,flac,3:28,Studio,LP
Julia Holter,Betsy On The Roof,Have You In My Wilderness,Art Pop; Chamber Pop,2015,USA,917k,flac,6:15,Studio,LP
Julia Holter,Vasquez,Have You In My Wilderness,Art Pop; Chamber Pop,2015,USA,1022k,flac,6:37,Studio,LP
Julia Holter,Have You In My Wilderness,Have You In My Wilderness,Art Pop; Chamber Pop,2015,USA,856k,flac,3:36,Studio,LP
A Silver Mt. Zion,Broken Chords Can Sing a Little,He Has Left Us Alone But Shafts Of Light Sometimes Grace The Corners Of Our Rooms,Post-Rock,2000,Canada,320k,mp3,8:39,Studio,LP
A Silver Mt. Zion,Sit In the Middle of Three Galloping Dogs,He Has Left Us Alone But Shafts Of Light Sometimes Grace The Corners Of Our Rooms,Post-Rock,2000,Canada,320k,mp3,5:08,Studio,LP
A Silver Mt. Zion,Stumble Then Rise on Some Awkward Morning,He Has Left Us Alone But Shafts Of Light Sometimes Grace The Corners Of Our Rooms,Post-Rock,2000,Canada,320k,mp3,6:04,Studio,LP
A Silver Mt. Zion,Movie (Never Made),He Has Left Us Alone But Shafts Of Light Sometimes Grace The Corners Of Our Rooms,Post-Rock,2000,Canada,320k,mp3,3:23,Studio,LP
A Silver Mt. Zion,Angels Standing Guard 'round the Side of Your Bed,He Has Left Us Alone But Shafts Of Light Sometimes Grace The Corners Of Our Rooms,Post-Rock,2000,Canada,320k,mp3,7:22,Studio,LP
A Silver Mt. Zion,Long March,He Has Left Us Alone But Shafts Of Light Sometimes Grace The Corners Of Our Rooms,Post-Rock,2000,Canada,320k,mp3,0:05,Studio,LP
A Silver Mt. Zion,Blown-out Joy from Heaven's Mercied Hole,He Has Left Us Alone But Shafts Of Light Sometimes Grace The Corners Of Our Rooms,Post-Rock,2000,Canada,320k,mp3,9:47,Studio,LP
A Silver Mt. Zion,For Wanda.,He Has Left Us Alone But Shafts Of Light Sometimes Grace The Corners Of Our Rooms,Post-Rock,2000,Canada,320k,mp3,6:38,Studio,LP
This Heat,Health and Efficiency,Health and Efficiency EP,Experimental Rock; Post-Punk; Drone; Tape Music,1980,UK; England,222k VBR,mp3,8:11,Studio,EP
This Heat,Graphic/Varispeed,Health and Efficiency EP,Experimental Rock; Post-Punk; Drone; Tape Music,1980,UK; England,138k VBR,mp3,11:21,Studio,EP
Thom Yorke,Hearing Damage,Hearing Damage,Glitch Pop,2009,UK; England,880k,flac,5:03,Studio,Single
Cocteau Twins,Cherry-Coloured Funk,Heaven or Las Vegas,Dream Pop,1990,UK; Scotland,160k,mp3,3:13,Studio,LP
Cocteau Twins,Pitch the Baby,Heaven or Las Vegas,Dream Pop,1990,UK; Scotland,160k,mp3,3:17,Studio,LP
Cocteau Twins,Iceblink Luck,Heaven or Las Vegas,Dream Pop,1990,UK; Scotland,160k,mp3,3:18,Studio,LP
Cocteau Twins,Fifty-Fifty Clown,Heaven or Las Vegas,Dream Pop,1990,UK; Scotland,160k,mp3,3:15,Studio,LP
Cocteau Twins,Heaven or Las Vegas,Heaven or Las Vegas,Dream Pop,1990,UK; Scotland,160k,mp3,4:57,Studio,LP
Cocteau Twins,I Wear Your Ring,Heaven or Las Vegas,Dream Pop,1990,UK; Scotland,160k,mp3,3:40,Studio,LP
Cocteau Twins,Fotzepolitic,Heaven or Las Vegas,Dream Pop,1990,UK; Scotland,160k,mp3,3:30,Studio,LP
Cocteau Twins,Wolf in the Breast,Heaven or Las Vegas,Dream Pop,1990,UK; Scotland,160k,mp3,3:32,Studio,LP
Cocteau Twins,"Road, River and Rail",Heaven or Las Vegas,Dream Pop,1990,UK; Scotland,160k,mp3,3:21,Studio,LP
Cocteau Twins,Frou-Frou Foxes in Midsummer Fires,Heaven or Las Vegas,Dream Pop,1990,UK; Scotland,160k,mp3,5:37,Studio,LP
Les Rallizes Dénudés,Strong Out Deeper Than The Night,Heavier Than A Death In The Family,Noise Rock; Psychedelic Rock,2002,Japan,160k,mp3,15:32,Live,LP
Les Rallizes Dénudés,The Night Collectors,Heavier Than A Death In The Family,Noise Rock; Psychedelic Rock,2002,Japan,160k,mp3,8:31,Live,LP
Les Rallizes Dénudés,Night Of The Assassins,Heavier Than A Death In The Family,Noise Rock; Psychedelic Rock,2002,Japan,160k,mp3,12:07,Live,LP
Les Rallizes Dénudés,Enter The Mirror,Heavier Than A Death In The Family,Noise Rock; Psychedelic Rock,2002,Japan,160k,mp3,11:45,Live,LP
Les Rallizes Dénudés,People Can Choose,Heavier Than A Death In The Family,Noise Rock; Psychedelic Rock,2002,Japan,160k,mp3,10:33,Live,LP
Les Rallizes Dénudés,Ice Fire,Heavier Than A Death In The Family,Noise Rock; Psychedelic Rock,2002,Japan,160k,mp3,16:13,Live,LP
Cameron Winter,The Rolling Stones,Heavy Metal,Chamber Folk,2024,USA,2738k,flac,3:18,Studio,LP
Cameron Winter,Nausicaä (Love Will Be Revealed),Heavy Metal,Chamber Folk,2024,USA,2789k,flac,4:11,Studio,LP
Cameron Winter,Love Takes Miles,Heavy Metal,Chamber Folk,2024,USA,2863k,flac,3:18,Studio,LP
Cameron Winter,Drinking Age,Heavy Metal,Chamber Folk,2024,USA,2685k,flac,3:30,Studio,LP
Cameron Winter,Cancer of the Skull,Heavy Metal,Chamber Folk,2024,USA,2713k,flac,5:31,Studio,LP
Cameron Winter,Try as I May,Heavy Metal,Chamber Folk,2024,USA,2692k,flac,4:47,Studio,LP
Cameron Winter,We're Thinking the Same Thing,Heavy Metal,Chamber Folk,2024,USA,2765k,flac,2:47,Studio,LP
Cameron Winter,Nina + Field of Cops,Heavy Metal,Chamber Folk,2024,USA,2822k,flac,5:52,Studio,LP
Cameron Winter,$0,Heavy Metal,Chamber Folk,2024,USA,2734k,flac,6:43,Studio,LP
Cameron Winter,Can't Keep Anything,Heavy Metal,Chamber Folk,2024,USA,2703k,flac,3:49,Studio,LP
Sigur Rós,samskeyti,Heim,Post-Rock,2007,Iceland,192k,mp3,5:22,Live,EP
Sigur Rós,staralfur,Heim,Post-Rock,2007,Iceland,192k,mp3,5:28,Live,EP
Sigur Rós,vaka,Heim,Post-Rock,2007,Iceland,192k,mp3,5:20,Live,EP
Sigur Rós,agaetis byrjun,Heim,Post-Rock,2007,Iceland,192k,mp3,6:36,Live,EP
Sigur Rós,heysatan,Heim,Post-Rock,2007,Iceland,192k,mp3,4:43,Live,EP
Sigur Rós,von,Heim,Post-Rock,2007,Iceland,192k,mp3,8:14,Live,EP
Pram,Gravity,Helium,Neo-Psychedelia; Post-Rock; Experimental Rock,1994,UK; England,320k,mp3,4:38,Studio,LP
Pram,Dancing On A Star,Helium,Neo-Psychedelia; Post-Rock; Experimental Rock,1994,UK; England,320k,mp3,4:15,Studio,LP
Pram,Nightwatch,Helium,Neo-Psychedelia; Post-Rock; Experimental Rock,1994,UK; England,320k,mp3,3:53,Studio,LP
Pram,Things Left On The Pavement,Helium,Neo-Psychedelia; Post-Rock; Experimental Rock,1994,UK; England,320k,mp3,6:47,Studio,LP
Pram,Windy,Helium,Neo-Psychedelia; Post-Rock; Experimental Rock,1994,UK; England,320k,mp3,2:40,Studio,LP
Pram,My Father The Clown,Helium,Neo-Psychedelia; Post-Rock; Experimental Rock,1994,UK; England,320k,mp3,4:01,Studio,LP
Pram,Blue,Helium,Neo-Psychedelia; Post-Rock; Experimental Rock,1994,UK; England,320k,mp3,8:12,Studio,LP
Pram,"Little Angel, Little Monkey",Helium,Neo-Psychedelia; Post-Rock; Experimental Rock,1994,UK; England,320k,mp3,4:30,Studio,LP
Pram,Meshes In The Afternoon,Helium,Neo-Psychedelia; Post-Rock; Experimental Rock,1994,UK; England,320k,mp3,4:22,Studio,LP
Pram,Shadows,Helium,Neo-Psychedelia; Post-Rock; Experimental Rock,1994,UK; England,320k,mp3,6:38,Studio,LP
black midi,Hellfire,Hellfire,Avant-Prog; Brutal Prog,2022,UK; England,320k,mp3,1:24,Studio,LP
black midi,Sugar/Tzu,Hellfire,Avant-Prog; Brutal Prog,2022,UK; England,320k,mp3,3:50,Studio,LP
black midi,Eat Men Eat,Hellfire,Avant-Prog; Brutal Prog,2022,UK; England,320k,mp3,3:08,Studio,LP
black midi,Welcome To Hell,Hellfire,Avant-Prog; Brutal Prog,2022,UK; England,320k,mp3,4:09,Studio,LP
black midi,Still,Hellfire,Avant-Prog; Brutal Prog,2022,UK; England,320k,mp3,6:48,Studio,LP
black midi,Half Time,Hellfire,Avant-Prog; Brutal Prog,2022,UK; England,320k,mp3,0:26,Studio,LP
black midi,The Race Is About To Begin,Hellfire,Avant-Prog; Brutal Prog,2022,UK; England,320k,mp3,7:15,Studio,LP
black midi,Dangerous Liasons,Hellfire,Avant-Prog; Brutal Prog,2022,UK; England,320k,mp3,4:15,Studio,LP
black midi,The Defence,Hellfire,Avant-Prog; Brutal Prog,2022,UK; England,320k,mp3,2:58,Studio,LP
black midi,27 Questions,Hellfire,Avant-Prog; Brutal Prog,2022,UK; England,320k,mp3,5:42,Studio,LP
Various Artists,Opening Night,HELP(2),Indie Rock,2026,UK; England,850k,flac,4:19,Studio,LP
Various Artists,Flags,HELP(2),Indie Rock,2026,UK; England,823k,flac,5:06,Studio,LP
Various Artists,Strangers,HELP(2),Indie Rock,2026,UK; England,874k,flac,4:29,Studio,LP
Various Artists,Let’s Do It Again!,HELP(2),Indie Rock,2026,UK; England,970k,flac,4:31,Studio,LP
Various Artists,Sunday Morning,HELP(2),Indie Rock,2026,UK; England,830k,flac,4:49,Studio,LP
Various Artists,Lilac Wine,HELP(2),Indie Rock,2026,UK; England,834k,flac,3:46,Studio,LP
Various Artists,The 343 Loop,HELP(2),Indie Rock,2026,UK; England,645k,flac,2:06,Studio,LP
Various Artists,Universal Soldier,HELP(2),Indie Rock,2026,UK; England,965k,flac,3:20,Studio,LP
Various Artists,Helicopters,HELP(2),Indie Rock,2026,UK; England,837k,flac,3:58,Studio,LP
Various Artists,Nothing I Could Hide,HELP(2),Indie Rock,2026,UK; England,866k,flac,2:57,Studio,LP
Various Artists,Parasite,HELP(2),Indie Rock,2026,UK; England,917k,flac,3:09,Studio,LP
Various Artists,Say Yes,HELP(2),Indie Rock,2026,UK; England,740k,flac,2:36,Studio,LP
Various Artists,"Relive, Redie",HELP(2),Indie Rock,2026,UK; England,899k,flac,3:23,Studio,LP
Various Artists,Black Boys on Mopeds,HELP(2),Indie Rock,2026,UK; England,894k,flac,3:34,Studio,LP
Various Artists,Warning,HELP(2),Indie Rock,2026,UK; England,810k,flac,4:32,Studio,LP
Various Artists,Don’t Fight the Young,HELP(2),Indie Rock,2026,UK; England,971k,flac,2:27,Studio,LP
Various Artists,Begging for Change,HELP(2),Indie Rock,2026,UK; England,1047k,flac,4:20,Studio,LP
Various Artists,Naboo,HELP(2),Indie Rock,2026,UK; England,644k,flac,3:14,Studio,LP
Various Artists,Obvious,HELP(2),Indie Rock,2026,UK; England,694k,flac,3:31,Studio,LP
Various Artists,When the War Is Finally Done,HELP(2),Indie Rock,2026,UK; England,806k,flac,3:57,Studio,LP
Various Artists,Carried My Girl,HELP(2),Indie Rock,2026,UK; England,734k,flac,3:55,Studio,LP
Various Artists,Sunday Light,HELP(2),Indie Rock,2026,UK; England,872k,flac,4:02,Studio,LP
Various Artists,The Book of Love,HELP(2),Indie Rock,2026,UK; England,690k,flac,4:08,Studio,LP
Fleet Foxes,Montezuma,Helplessness Blues,Folk Rock,2011,USA,320k,mp3,3:37,Studio,LP
Fleet Foxes,Bedouin Dress,Helplessness Blues,Folk Rock,2011,USA,320k,mp3,4:29,Studio,LP
Fleet Foxes,Sim Sala Bim,Helplessness Blues,Folk Rock,2011,USA,320k,mp3,3:14,Studio,LP
Fleet Foxes,Battery Kinzie,Helplessness Blues,Folk Rock,2011,USA,320k,mp3,2:49,Studio,LP
Fleet Foxes,The Plains / Bitter Dancer,Helplessness Blues,Folk Rock,2011,USA,320k,mp3,5:53,Studio,LP
Fleet Foxes,Helplessness Blues,Helplessness Blues,Folk Rock,2011,USA,320k,mp3,5:03,Studio,LP
Fleet Foxes,The Cascades,Helplessness Blues,Folk Rock,2011,USA,320k,mp3,2:07,Studio,LP
Fleet Foxes,Lorelai,Helplessness Blues,Folk Rock,2011,USA,320k,mp3,4:24,Studio,LP
Fleet Foxes,Someone You'd Admire,Helplessness Blues,Folk Rock,2011,USA,320k,mp3,2:29,Studio,LP
Fleet Foxes,The Shrine / An Argument,Helplessness Blues,Folk Rock,2011,USA,320k,mp3,8:07,Studio,LP
Fleet Foxes,Blue Spotted Tail,Helplessness Blues,Folk Rock,2011,USA,320k,mp3,3:05,Studio,LP
Fleet Foxes,Grown Ocean,Helplessness Blues,Folk Rock,2011,USA,320k,mp3,4:36,Studio,LP
Arcade Fire,Photograph,Her,Ambient; Modern Classical,2013,Canada,463k,flac,2:28,Studio,LP
Arcade Fire,Loneliness #3 (Night Talking),Her,Ambient; Modern Classical,2013,Canada,486k,flac,3:26,Studio,LP
Arcade Fire,The Moon Song,Her,Ambient; Modern Classical,2013,Canada,627k,flac,1:54,Studio,LP
Arcade Fire,Divorce Papers,Her,Ambient; Modern Classical,2013,Canada,395k,flac,3:17,Studio,LP
Arcade Fire,Morning Talk/Supersymmetry,Her,Ambient; Modern Classical,2013,Canada,511k,flac,4:15,Studio,LP
Arcade Fire,Some Other Place,Her,Ambient; Modern Classical,2013,Canada,543k,flac,3:39,Studio,LP
Arcade Fire,Song On The Beach,Her,Ambient; Modern Classical,2013,Canada,430k,flac,3:32,Studio,LP
Arcade Fire,Owl,Her,Ambient; Modern Classical,2013,Canada,440k,flac,2:23,Studio,LP
Arcade Fire,Milk & Honey (Alan Watts & 641),Her,Ambient; Modern Classical,2013,Canada,551k,flac,3:19,Studio,LP
Arcade Fire,We're All Leaving,Her,Ambient; Modern Classical,2013,Canada,510k,flac,2:32,Studio,LP
Arcade Fire,Dimensions,Her,Ambient; Modern Classical,2013,Canada,588k,flac,5:42,Studio,LP
Arcade Fire,Sleepwalker,Her,Ambient; Modern Classical,2013,Canada,567k,flac,3:16,Studio,LP
.O.Rang,Orang,Herd of Instinct,Post-Rock; Experimental Rock,1994,UK; England,224k,mp3,10:08,Studio,LP
.O.Rang,Little Brother,Herd of Instinct,Post-Rock; Experimental Rock,1994,UK; England,224k,mp3,9:28,Studio,LP
.O.Rang,Mind on Pleasure,Herd of Instinct,Post-Rock; Experimental Rock,1994,UK; England,224k,mp3,6:14,Studio,LP
.O.Rang,All Change,Herd of Instinct,Post-Rock; Experimental Rock,1994,UK; England,224k,mp3,2:57,Studio,LP
.O.Rang,"Anaon, the Oasis",Herd of Instinct,Post-Rock; Experimental Rock,1994,UK; England,224k,mp3,8:59,Studio,LP
.O.Rang,Loaded Values,Herd of Instinct,Post-Rock; Experimental Rock,1994,UK; England,224k,mp3,8:17,Studio,LP
.O.Rang,Nahoojek ~ Fogou,Herd of Instinct,Post-Rock; Experimental Rock,1994,UK; England,224k,mp3,8:43,Studio,LP
The Sonics,The Witch,Here Are The Sonics!!!,Garage Rock,1965,USA,192k,mp3,2:35,Studio,LP
The Sonics,Do You Love Me,Here Are The Sonics!!!,Garage Rock,1965,USA,192k,mp3,2:16,Studio,LP
The Sonics,Roll Over Beethoven,Here Are The Sonics!!!,Garage Rock,1965,USA,192k,mp3,2:44,Studio,LP
The Sonics,Boss Hoss,Here Are The Sonics!!!,Garage Rock,1965,USA,192k,mp3,2:20,Studio,LP
The Sonics,Dirty Robber,Here Are The Sonics!!!,Garage Rock,1965,USA,192k,mp3,1:58,Studio,LP
The Sonics,Have Love Will Travel,Here Are The Sonics!!!,Garage Rock,1965,USA,192k,mp3,2:35,Studio,LP
The Sonics,Keep A Knockin',Here Are The Sonics!!!,Garage Rock,1965,USA,192k,mp3,1:52,Studio,LP
The Sonics,Psycho,Here Are The Sonics!!!,Garage Rock,1965,USA,192k,mp3,2:17,Studio,LP
The Sonics,Money,Here Are The Sonics!!!,Garage Rock,1965,USA,192k,mp3,1:59,Studio,LP
The Sonics,Walking The Dog,Here Are The Sonics!!!,Garage Rock,1965,USA,192k,mp3,2:45,Studio,LP
The Sonics,Night Time Is The Right Time,Here Are The Sonics!!!,Garage Rock,1965,USA,192k,mp3,2:57,Studio,LP
The Sonics,Strychnine,Here Are The Sonics!!!,Garage Rock,1965,USA,192k,mp3,2:10,Studio,LP
The Sonics,Don't Believe in Christmas,Here Are The Sonics!!!,Garage Rock,1965,USA,192k,mp3,1:41,Studio,LP
The Sonics,Good Golly Miss Molly,Here Are The Sonics!!!,Garage Rock,1965,USA,192k,mp3,2:09,Studio,LP
The Sonics,Santa Clause,Here Are The Sonics!!!,Garage Rock,1965,USA,192k,mp3,2:47,Studio,LP
The Sonics,The Village Idiot,Here Are The Sonics!!!,Garage Rock,1965,USA,192k,mp3,2:37,Studio,LP
Animal Collective,Native Belle,Here Comes the Indian,Neo-Psychedelia; Experimental,2003,USA,764k,flac,3:52,Studio,LP
Animal Collective,Hey Light,Here Comes the Indian,Neo-Psychedelia; Experimental,2003,USA,775k,flac,5:41,Studio,LP
Animal Collective,Infant Dressing Table,Here Comes the Indian,Neo-Psychedelia; Experimental,2003,USA,896k,flac,8:35,Studio,LP
Animal Collective,Panic,Here Comes the Indian,Neo-Psychedelia; Experimental,2003,USA,839k,flac,4:48,Studio,LP
Animal Collective,Two Sails on a Sound,Here Comes the Indian,Neo-Psychedelia; Experimental,2003,USA,818k,flac,12:20,Studio,LP
Animal Collective,Slippi,Here Comes the Indian,Neo-Psychedelia; Experimental,2003,USA,897k,flac,2:49,Studio,LP
Animal Collective,Too Soon,Here Comes the Indian,Neo-Psychedelia; Experimental,2003,USA,883k,flac,6:27,Studio,LP
David Bowie,Beauty And The Beast,Heroes,Art Rock,1977,UK; England,320k,mp3,3:34,Studio,LP
David Bowie,Joe The Lion,Heroes,Art Rock,1977,UK; England,320k,mp3,3:07,Studio,LP
David Bowie,Heroes,Heroes,Art Rock,1977,UK; England,320k,mp3,6:09,Studio,LP
David Bowie,Sons Of The Silent Age,Heroes,Art Rock,1977,UK; England,320k,mp3,3:18,Studio,LP
David Bowie,Blackout,Heroes,Art Rock,1977,UK; England,320k,mp3,3:48,Studio,LP
David Bowie,V-2 Schneider,Heroes,Art Rock,1977,UK; England,320k,mp3,3:11,Studio,LP
David Bowie,Sense Of Doubt,Heroes,Art Rock,1977,UK; England,320k,mp3,3:19,Studio,LP
David Bowie,Moss Garden,Heroes,Art Rock,1977,UK; England,320k,mp3,5:46,Studio,LP
David Bowie,Neuköln,Heroes,Art Rock,1977,UK; England,320k,mp3,4:30,Studio,LP
David Bowie,The Secret Life Of Arabia,Heroes,Art Rock,1977,UK; England,320k,mp3,3:44,Studio,LP
Bark Psychosis,The Loom,Hex,Post-Rock,1994,UK; England,320k,mp3,5:15,Studio,LP
Bark Psychosis,A Street Scene,Hex,Post-Rock,1994,UK; England,320k,mp3,5:35,Studio,LP
Bark Psychosis,Absent Friend,Hex,Post-Rock,1994,UK; England,320k,mp3,8:20,Studio,LP
Bark Psychosis,Big Shot,Hex,Post-Rock,1994,UK; England,320k,mp3,5:20,Studio,LP
Bark Psychosis,Fingerspit,Hex,Post-Rock,1994,UK; England,320k,mp3,8:21,Studio,LP
Bark Psychosis,Eyes & Smiles,Hex,Post-Rock,1994,UK; England,320k,mp3,8:31,Studio,LP
Bark Psychosis,Pendulum Man,Hex,Post-Rock,1994,UK; England,320k,mp3,9:53,Studio,LP
Björk,Hidden Place (Edit),Hidden Place,Art Pop,2001,Iceland,242k VBR,mp3,4:00,Studio,Single
Björk,Generous Palmstroke,Hidden Place,Art Pop,2001,Iceland,192k,mp3,4:26,Studio,Single
Björk,Verandi,Hidden Place,Art Pop,2001,Iceland,192k,mp3,4:28,Studio,Single
Björk,Hidden Place (Acapella),Hidden Place,Art Pop,2001,Iceland,229k VBR,mp3,5:15,Studio,Single
Björk,Mother Heroic,Hidden Place,Art Pop,2001,Iceland,192k,mp3,2:43,Studio,Single
Björk,Foot Soldier,Hidden Place,Art Pop,2001,Iceland,192k,mp3,2:35,Studio,Single
Valium Aggelein,Hier Kommt Der Schwartze Mond,Hier Kommt Der Schwartze Mond,Space Rock,1998,USA,222k VBR,mp3,7:22,Studio,LP
Valium Aggelein,Abheben In Stereo,Hier Kommt Der Schwartze Mond,Space Rock,1998,USA,232k VBR,mp3,6:01,Studio,LP
Valium Aggelein,Feuerprobe / Feuertaufen,Hier Kommt Der Schwartze Mond,Space Rock,1998,USA,221k VBR,mp3,1:55,Studio,LP
Valium Aggelein,Die Wolken Werden Stufenleitern Absinken,Hier Kommt Der Schwartze Mond,Space Rock,1998,USA,223k VBR,mp3,6:01,Studio,LP
Valium Aggelein,Triumph Der Metall Menschen / Durchschauende Meere,Hier Kommt Der Schwartze Mond,Space Rock,1998,USA,240k VBR,mp3,6:39,Studio,LP
Valium Aggelein,Frequenzumsetzer,Hier Kommt Der Schwartze Mond,Space Rock,1998,USA,223k VBR,mp3,5:54,Studio,LP
Valium Aggelein,Geburt Zum Tod In Zeitlupe,Hier Kommt Der Schwartze Mond,Space Rock,1998,USA,223k VBR,mp3,1:19,Studio,LP
Valium Aggelein,Traum Wissenschaftler,Hier Kommt Der Schwartze Mond,Space Rock,1998,USA,217k VBR,mp3,3:19,Studio,LP
Able Noise,To Appease,High Tide,Experimental Rock; Post-Rock,2024,Netherlands,1378k,flac,5:32,Studio,LP
Able Noise,Crickets,High Tide,Experimental Rock; Post-Rock,2024,Netherlands,1681k,flac,4:13,Studio,LP
Able Noise,Providence,High Tide,Experimental Rock; Post-Rock,2024,Netherlands,1471k,flac,8:19,Studio,LP
Able Noise,Boycott,High Tide,Experimental Rock; Post-Rock,2024,Netherlands,1636k,flac,1:33,Studio,LP
Able Noise,Tumbling,High Tide,Experimental Rock; Post-Rock,2024,Netherlands,1481k,flac,5:01,Studio,LP
Able Noise,Inertia,High Tide,Experimental Rock; Post-Rock,2024,Netherlands,1391k,flac,2:32,Studio,LP
Able Noise,Ceaseless Sun,High Tide,Experimental Rock; Post-Rock,2024,Netherlands,1676k,flac,3:19,Studio,LP
Able Noise,Garden,High Tide,Experimental Rock; Post-Rock,2024,Netherlands,1448k,flac,2:10,Studio,LP
Able Noise,To Two,High Tide,Experimental Rock; Post-Rock,2024,Netherlands,1634k,flac,2:46,Studio,LP
Able Noise,Violence,High Tide,Experimental Rock; Post-Rock,2024,Netherlands,1569k,flac,5:26,Studio,LP
Bob Dylan,Like a Rolling Stone,Highway 61 Revisited,Folk Rock,1965,USA,939k,flac,6:14,Studio,LP
Bob Dylan,Tombstone Blues,Highway 61 Revisited,Folk Rock,1965,USA,1002k,flac,6:02,Studio,LP
Bob Dylan,"It Takes a Lot to Laugh, It Takes a Train to Cry",Highway 61 Revisited,Folk Rock,1965,USA,910k,flac,4:10,Studio,LP
Bob Dylan,From a Buick 6,Highway 61 Revisited,Folk Rock,1965,USA,929k,flac,3:20,Studio,LP
Bob Dylan,Ballad of a Thin Man,Highway 61 Revisited,Folk Rock,1965,USA,872k,flac,6:04,Studio,LP
Bob Dylan,Queen Jane Approximately,Highway 61 Revisited,Folk Rock,1965,USA,936k,flac,5:31,Studio,LP
Bob Dylan,Highway 61 Revisited,Highway 61 Revisited,Folk Rock,1965,USA,923k,flac,3:30,Studio,LP
Bob Dylan,Just Like Tom Thumb's Blues,Highway 61 Revisited,Folk Rock,1965,USA,921k,flac,5:32,Studio,LP
Bob Dylan,Desolation Row,Highway 61 Revisited,Folk Rock,1965,USA,967k,flac,11:25,Studio,LP
Sigur Rós,Jósep tekur fimmuna í vinnuna,Hlemmur,Ambient; Microsound,2002,Iceland,192k,mp3,3:04,Studio,LP
Sigur Rós,Hlemmur,Hlemmur,Ambient; Microsound,2002,Iceland,192k,mp3,1:38,Studio,LP
Sigur Rós,Fyrsta ferð,Hlemmur,Ambient; Microsound,2002,Iceland,192k,mp3,2:35,Studio,LP
Sigur Rós,Vetur,Hlemmur,Ambient; Microsound,2002,Iceland,192k,mp3,1:47,Studio,LP
Sigur Rós,Hvalir í útrýmingarhættu,Hlemmur,Ambient; Microsound,2002,Iceland,192k,mp3,3:00,Studio,LP
Sigur Rós,Hlemmur 2,Hlemmur,Ambient; Microsound,2002,Iceland,192k,mp3,0:43,Studio,LP
Sigur Rós,þversögn,Hlemmur,Ambient; Microsound,2002,Iceland,192k,mp3,2:09,Studio,LP
Sigur Rós,1970,Hlemmur,Ambient; Microsound,2002,Iceland,192k,mp3,1:14,Studio,LP
Sigur Rós,Jósep tekur fimmuna í vinnuna 2,Hlemmur,Ambient; Microsound,2002,Iceland,192k,mp3,1:47,Studio,LP
Sigur Rós,Ég mun læknast!,Hlemmur,Ambient; Microsound,2002,Iceland,192k,mp3,1:54,Studio,LP
Sigur Rós,1993,Hlemmur,Ambient; Microsound,2002,Iceland,192k,mp3,1:12,Studio,LP
Sigur Rós,Hlemmur 3,Hlemmur,Ambient; Microsound,2002,Iceland,192k,mp3,1:19,Studio,LP
Sigur Rós,Síðasta ferð,Hlemmur,Ambient; Microsound,2002,Iceland,192k,mp3,2:38,Studio,LP
Sigur Rós,23:20 (lokað),Hlemmur,Ambient; Microsound,2002,Iceland,192k,mp3,1:42,Studio,LP
Sigur Rós,Byrgið,Hlemmur,Ambient; Microsound,2002,Iceland,192k,mp3,1:36,Studio,LP
Sigur Rós,Áfram Ísland,Hlemmur,Ambient; Microsound,2002,Iceland,192k,mp3,1:22,Studio,LP
Sigur Rós,Allt tekur sinn tíma!,Hlemmur,Ambient; Microsound,2002,Iceland,192k,mp3,2:46,Studio,LP
Sigur Rós,Hannes,Hlemmur,Ambient; Microsound,2002,Iceland,192k,mp3,2:39,Studio,LP
Sigur Rós,Óskabörn þjóðarinnar,Hlemmur,Ambient; Microsound,2002,Iceland,192k,mp3,4:45,Studio,LP
Slowdive,Catch the Breeze,Holding Our Breath,Shoegaze,1991,UK; England,320k,mp3,4:10,Studio,LP
Slowdive,Golden Hair,Holding Our Breath,Shoegaze,1991,UK; England,320k,mp3,4:03,Studio,LP
Slowdive,Shine,Holding Our Breath,Shoegaze,1991,UK; England,320k,mp3,5:20,Studio,LP
Slowdive,Albatross,Holding Our Breath,Shoegaze,1991,UK; England,320k,mp3,5:17,Studio,LP
Totorro,Home Alone,Home Alone,Math Rock; Post-Rock,2014,France,320k,mp3,1:35,Studio,LP
Totorro,Chevalier Bulltoe,Home Alone,Math Rock; Post-Rock,2014,France,320k,mp3,3:32,Studio,LP
Totorro,Tonton Alain Michel,Home Alone,Math Rock; Post-Rock,2014,France,320k,mp3,5:17,Studio,LP
Totorro,Festivalbini,Home Alone,Math Rock; Post-Rock,2014,France,320k,mp3,3:13,Studio,LP
Totorro,Motte-Rock,Home Alone,Math Rock; Post-Rock,2014,France,320k,mp3,4:00,Studio,LP
Totorro,Osao San,Home Alone,Math Rock; Post-Rock,2014,France,320k,mp3,4:31,Studio,LP
Totorro,Eric Colson,Home Alone,Math Rock; Post-Rock,2014,France,320k,mp3,6:18,Studio,LP
Totorro,Tigers & Gorillas,Home Alone,Math Rock; Post-Rock,2014,France,320k,mp3,4:28,Studio,LP
Björk,Hunter,Homogenic,Art Pop; Electronic,1997,Iceland,320k,mp3,4:12,Studio,LP
Björk,Joga,Homogenic,Art Pop; Electronic,1997,Iceland,320k,mp3,5:05,Studio,LP
Björk,Unravel,Homogenic,Art Pop; Electronic,1997,Iceland,320k,mp3,3:21,Studio,LP
Björk,Bachelorette,Homogenic,Art Pop; Electronic,1997,Iceland,320k,mp3,5:12,Studio,LP
Björk,All Neon Like,Homogenic,Art Pop; Electronic,1997,Iceland,320k,mp3,5:53,Studio,LP
Björk,5 Years,Homogenic,Art Pop; Electronic,1997,Iceland,320k,mp3,4:28,Studio,LP
Björk,Immature,Homogenic,Art Pop; Electronic,1997,Iceland,320k,mp3,3:06,Studio,LP
Björk,Alarm Call,Homogenic,Art Pop; Electronic,1997,Iceland,320k,mp3,4:19,Studio,LP
Björk,Pluto,Homogenic,Art Pop; Electronic,1997,Iceland,320k,mp3,3:19,Studio,LP
Björk,All Is Full Of Love,Homogenic,Art Pop; Electronic,1997,Iceland,320k,mp3,4:33,Studio,LP
Björk,Visur Vatnsenda Rósu,Homogenic Live,Art Pop; Electronic,2003,Iceland,320k,mp3,1:52,Live,LP
Björk,Hunter,Homogenic Live,Art Pop; Electronic,2003,Iceland,320k,mp3,4:17,Live,LP
Björk,You’ve Been Flirting Again,Homogenic Live,Art Pop; Electronic,2003,Iceland,320k,mp3,3:34,Live,LP
Björk,Isobel,Homogenic Live,Art Pop; Electronic,2003,Iceland,320k,mp3,4:55,Live,LP
Björk,All Neon Like,Homogenic Live,Art Pop; Electronic,2003,Iceland,320k,mp3,4:56,Live,LP
Björk,Possibly Maybe,Homogenic Live,Art Pop; Electronic,2003,Iceland,320k,mp3,5:43,Live,LP
Björk,5 Years,Homogenic Live,Art Pop; Electronic,2003,Iceland,320k,mp3,4:09,Live,LP
Björk,Come to Me,Homogenic Live,Art Pop; Electronic,2003,Iceland,320k,mp3,4:20,Live,LP
Björk,Immature,Homogenic Live,Art Pop; Electronic,2003,Iceland,320k,mp3,2:59,Live,LP
Björk,I Go Humble,Homogenic Live,Art Pop; Electronic,2003,Iceland,320k,mp3,4:24,Live,LP
Björk,Bachelorette,Homogenic Live,Art Pop; Electronic,2003,Iceland,320k,mp3,5:17,Live,LP
Björk,Human Behaviour,Homogenic Live,Art Pop; Electronic,2003,Iceland,320k,mp3,3:52,Live,LP
Björk,Pluto,Homogenic Live,Art Pop; Electronic,2003,Iceland,320k,mp3,3:55,Live,LP
Björk,Jóga,Homogenic Live,Art Pop; Electronic,2003,Iceland,320k,mp3,4:25,Live,LP
Björk,So Broken,Homogenic Live,Art Pop; Electronic,2003,Iceland,320k,mp3,4:27,Live,LP
Björk,Anchor Song,Homogenic Live,Art Pop; Electronic,2003,Iceland,320k,mp3,5:53,Live,LP
Popol Vuh,Ah!,Hosianna Mantra,Krautrock; New Age; Classical,1972,Germany,192k,mp3,4:46,Studio,LP
Popol Vuh,Kyrie,Hosianna Mantra,Krautrock; New Age; Classical,1972,Germany,192k,mp3,5:27,Studio,LP
Popol Vuh,Hosianna Mantra,Hosianna Mantra,Krautrock; New Age; Classical,1972,Germany,192k,mp3,10:24,Studio,LP
Popol Vuh,Abschied,Hosianna Mantra,Krautrock; New Age; Classical,1972,Germany,128k,mp3,4:58,Studio,LP
Popol Vuh,Segnung,Hosianna Mantra,Krautrock; New Age; Classical,1972,Germany,192k,mp3,6:09,Studio,LP
Popol Vuh,Devotion I,Hosianna Mantra,Krautrock; New Age; Classical,1972,Germany,192k,mp3,0:44,Studio,LP
Popol Vuh,Nicht hoch im Himmel,Hosianna Mantra,Krautrock; New Age; Classical,1972,Germany,192k,mp3,6:22,Studio,LP
Popol Vuh,Devotion II,Hosianna Mantra,Krautrock; New Age; Classical,1972,Germany,192k,mp3,0:44,Studio,LP
Frank Zappa,Peaches en Regalia,Hot Rats,Jazz Rock; Jazz Fusion,1987,USA,923k,flac,3:39,Studio,LP
Frank Zappa,Willie the Pimp,Hot Rats,Jazz Rock; Jazz Fusion,1987,USA,978k,flac,9:16,Studio,LP
Frank Zappa,Son of Mr. Green Genes,Hot Rats,Jazz Rock; Jazz Fusion,1987,USA,991k,flac,9:00,Studio,LP
Frank Zappa,Little Umbrellas,Hot Rats,Jazz Rock; Jazz Fusion,1987,USA,919k,flac,3:04,Studio,LP
Frank Zappa,The Gumbo Variations,Hot Rats,Jazz Rock; Jazz Fusion,1987,USA,956k,flac,16:56,Studio,LP
Frank Zappa,It Must Be a Camel,Hot Rats,Jazz Rock; Jazz Fusion,1987,USA,898k,flac,5:17,Studio,LP
Long Fin Killie,(A) Man Ray,Houdini,Post-Rock; Experimental Rock,1995,UK; Scotland,746k,flac,3:43,Studio,LP
Long Fin Killie,How I Blew It with Houdini,Houdini,Post-Rock; Experimental Rock,1995,UK; Scotland,821k,flac,8:51,Studio,LP
Long Fin Killie,Homo Erectus,Houdini,Post-Rock; Experimental Rock,1995,UK; Scotland,878k,flac,3:47,Studio,LP
Long Fin Killie,The Heads of Dead Surfers,Houdini,Post-Rock; Experimental Rock,1995,UK; Scotland,846k,flac,3:49,Studio,LP
Long Fin Killie,Montgomery,Houdini,Post-Rock; Experimental Rock,1995,UK; Scotland,770k,flac,0:56,Studio,LP
Long Fin Killie,Love Smothers Allergy,Houdini,Post-Rock; Experimental Rock,1995,UK; Scotland,965k,flac,6:00,Studio,LP
Long Fin Killie,Hollywood Gem,Houdini,Post-Rock; Experimental Rock,1995,UK; Scotland,788k,flac,3:04,Studio,LP
Long Fin Killie,The Lamberton Lamplighter,Houdini,Post-Rock; Experimental Rock,1995,UK; Scotland,843k,flac,5:09,Studio,LP
Long Fin Killie,Corngold,Houdini,Post-Rock; Experimental Rock,1995,UK; Scotland,803k,flac,5:02,Studio,LP
Long Fin Killie,Idiot Hormone,Houdini,Post-Rock; Experimental Rock,1995,UK; Scotland,843k,flac,2:59,Studio,LP
Long Fin Killie,Rockethead On Mandatory Surveillance,Houdini,Post-Rock; Experimental Rock,1995,UK; Scotland,875k,flac,2:23,Studio,LP
Long Fin Killie,Flower Carrier,Houdini,Post-Rock; Experimental Rock,1995,UK; Scotland,893k,flac,4:17,Studio,LP
Long Fin Killie,Unconscious Gangs of Men,Houdini,Post-Rock; Experimental Rock,1995,UK; Scotland,779k,flac,13:44,Studio,LP
Adrianne Lenker,Hours Were the Birds,Hours Were the Birds,Indie Folk,2014,USA,784k,flac,3:11,Studio,LP
Adrianne Lenker,Lighthouse,Hours Were the Birds,Indie Folk,2014,USA,807k,flac,3:29,Studio,LP
Adrianne Lenker,Disappear,Hours Were the Birds,Indie Folk,2014,USA,734k,flac,3:51,Studio,LP
Adrianne Lenker,Gone,Hours Were the Birds,Indie Folk,2014,USA,821k,flac,4:06,Studio,LP
Adrianne Lenker,Steamboat,Hours Were the Birds,Indie Folk,2014,USA,849k,flac,2:41,Studio,LP
Adrianne Lenker,To Violet,Hours Were the Birds,Indie Folk,2014,USA,972k,flac,0:57,Studio,LP
Adrianne Lenker,Indiana,Hours Were the Birds,Indie Folk,2014,USA,832k,flac,2:29,Studio,LP
Adrianne Lenker,Butterfly,Hours Were the Birds,Indie Folk,2014,USA,778k,flac,2:43,Studio,LP
Adrianne Lenker,Snow Song,Hours Were the Birds,Indie Folk,2014,USA,792k,flac,3:56,Studio,LP
Adrianne Lenker,A Love of Some Kind,Hours Were the Birds,Indie Folk,2014,USA,769k,flac,2:53,Studio,LP
Howlin' Wolf,Shake For Me,Howlin' Wolf,Chicago Blues,1962,USA,320k,mp3,2:20,Studio,LP
Howlin' Wolf,The Red Rooster,Howlin' Wolf,Chicago Blues,1962,USA,320k,mp3,2:29,Studio,LP
Howlin' Wolf,You'll Be Mine,Howlin' Wolf,Chicago Blues,1962,USA,320k,mp3,2:31,Studio,LP
Howlin' Wolf,Who's Been Talkin',Howlin' Wolf,Chicago Blues,1962,USA,320k,mp3,2:26,Studio,LP
Howlin' Wolf,Wang Dang Doodle,Howlin' Wolf,Chicago Blues,1962,USA,320k,mp3,2:27,Studio,LP
Howlin' Wolf,Little Baby,Howlin' Wolf,Chicago Blues,1962,USA,320k,mp3,2:48,Studio,LP
Howlin' Wolf,Spoonful,Howlin' Wolf,Chicago Blues,1962,USA,320k,mp3,2:50,Studio,LP
Howlin' Wolf,Going Down Slow,Howlin' Wolf,Chicago Blues,1962,USA,320k,mp3,3:27,Studio,LP
Howlin' Wolf,Down In The Bottom,Howlin' Wolf,Chicago Blues,1962,USA,320k,mp3,2:14,Studio,LP
Howlin' Wolf,Back Door Man,Howlin' Wolf,Chicago Blues,1962,USA,320k,mp3,2:53,Studio,LP
Howlin' Wolf,Howlin' For My Baby,Howlin' Wolf,Chicago Blues,1962,USA,320k,mp3,2:37,Studio,LP
Howlin' Wolf,Tell Me,Howlin' Wolf,Chicago Blues,1962,USA,320k,mp3,2:58,Studio,LP
Arctic Monkeys,My Propeller,Humbug,Indie,2009,UK; England,192k,mp3,3:27,Studio,LP
Arctic Monkeys,Crying Lightning,Humbug,Indie,2009,UK; England,192k,mp3,3:43,Studio,LP
Arctic Monkeys,Dangerous Animals,Humbug,Indie,2009,UK; England,192k,mp3,3:30,Studio,LP
Arctic Monkeys,Secret Door,Humbug,Indie,2009,UK; England,192k,mp3,3:43,Studio,LP
Arctic Monkeys,Potion Approaching,Humbug,Indie,2009,UK; England,192k,mp3,3:32,Studio,LP
Arctic Monkeys,Fire And The Thud,Humbug,Indie,2009,UK; England,192k,mp3,3:57,Studio,LP
Arctic Monkeys,Cornerstone,Humbug,Indie,2009,UK; England,192k,mp3,3:18,Studio,LP
Arctic Monkeys,Dance Little Liar,Humbug,Indie,2009,UK; England,192k,mp3,4:43,Studio,LP
Arctic Monkeys,Pretty Visitors,Humbug,Indie,2009,UK; England,192k,mp3,3:40,Studio,LP
Arctic Monkeys,The Jeweller's Hands,Humbug,Indie,2009,UK; England,192k,mp3,6:12,Studio,LP
Arctic Monkeys,Red Right Hand (Cover) (Bonus,Humbug,Indie,2009,UK; England,192k,mp3,4:17,Studio,LP
Arctic Monkeys,I Haven't Got My Strange (Bonu,Humbug,Indie,2009,UK; England,192k,mp3,1:30,Studio,LP
Sigur Rós,salka,Hvarf,Post-Rock,2007,Iceland,192k,mp3,7:08,Studio,LP
Sigur Rós,hljomalind,Hvarf,Post-Rock,2007,Iceland,192k,mp3,4:02,Studio,LP
Sigur Rós,i gaer,Hvarf,Post-Rock,2007,Iceland,192k,mp3,6:26,Studio,LP
Sigur Rós,von,Hvarf,Post-Rock,2007,Iceland,192k,mp3,9:15,Studio,LP
Sigur Rós,hafssol,Hvarf,Post-Rock,2007,Iceland,192k,mp3,9:55,Studio,LP
Lightning Bolt,2 Morro Morro Land,Hypermagic Mountain,Brutal Prog,2005,USA,192k,mp3,3:43,Studio,LP
Lightning Bolt,Captain Caveman,Hypermagic Mountain,Brutal Prog,2005,USA,192k,mp3,3:19,Studio,LP
Lightning Bolt,Birdy,Hypermagic Mountain,Brutal Prog,2005,USA,192k,mp3,3:06,Studio,LP
Lightning Bolt,Riff Wraiths,Hypermagic Mountain,Brutal Prog,2005,USA,192k,mp3,3:03,Studio,LP
Lightning Bolt,Mega Ghost,Hypermagic Mountain,Brutal Prog,2005,USA,192k,mp3,6:01,Studio,LP
Lightning Bolt,Magic Mountain,Hypermagic Mountain,Brutal Prog,2005,USA,192k,mp3,4:55,Studio,LP
Lightning Bolt,Dead Cowboy,Hypermagic Mountain,Brutal Prog,2005,USA,192k,mp3,7:58,Studio,LP
Lightning Bolt,Bizarro Zarro Land,Hypermagic Mountain,Brutal Prog,2005,USA,192k,mp3,4:47,Studio,LP
Lightning Bolt,Mohawk Windmill,Hypermagic Mountain,Brutal Prog,2005,USA,192k,mp3,9:38,Studio,LP
Lightning Bolt,Bizarro Bike,Hypermagic Mountain,Brutal Prog,2005,USA,192k,mp3,5:18,Studio,LP
Lightning Bolt,Infinity Farm,Hypermagic Mountain,Brutal Prog,2005,USA,192k,mp3,2:46,Studio,LP
Lightning Bolt,No Rest for the Obsessed,Hypermagic Mountain,Brutal Prog,2005,USA,192k,mp3,2:10,Studio,LP
Talk Talk,I Believe in You,I Believe in You,Alternative Rock,1988,UK; England,320k,mp3,6:02,Studio,Single
Talk Talk,John Cope,I Believe in You,Alternative Rock,1988,UK; England,320k,mp3,4:43,Studio,Single
Talk Talk,Eden (edited version),I Believe in You,Alternative Rock,1988,UK; England,320k,mp3,4:23,Studio,Single
Low,Words,I Could Live in Hope,Indie Rock,1994,USA,783k,flac,5:50,Studio,LP
Low,Fear,I Could Live in Hope,Indie Rock,1994,USA,763k,flac,2:16,Studio,LP
Low,Cut,I Could Live in Hope,Indie Rock,1994,USA,796k,flac,5:48,Studio,LP
Low,Slide,I Could Live in Hope,Indie Rock,1994,USA,733k,flac,3:51,Studio,LP
Low,Lazy,I Could Live in Hope,Indie Rock,1994,USA,757k,flac,5:39,Studio,LP
Low,Lullaby,I Could Live in Hope,Indie Rock,1994,USA,664k,flac,9:50,Studio,LP
Low,Sea,I Could Live in Hope,Indie Rock,1994,USA,797k,flac,1:50,Studio,LP
Low,Down,I Could Live in Hope,Indie Rock,1994,USA,687k,flac,7:29,Studio,LP
Low,Drag,I Could Live in Hope,Indie Rock,1994,USA,786k,flac,5:16,Studio,LP
Low,Rope,I Could Live in Hope,Indie Rock,1994,USA,717k,flac,6:17,Studio,LP
Low,Sunshine,I Could Live in Hope,Indie Rock,1994,USA,787k,flac,2:59,Studio,LP
Current 93,I Have a Special Plan for This World,I Have a Special Plan for This World,Electronic,2000,UK; England,222k VBR,mp3,22:01,Studio,EP
Radiohead,The National Anthem,I Might Be Wrong: Live Recordings,Alternative Rock; Electronic; Art Rock,2001,UK; England,167k VBR,mp3,4:57,Live,EP
Radiohead,I Might Be Wrong,I Might Be Wrong: Live Recordings,Alternative Rock; Electronic; Art Rock,2001,UK; England,189k VBR,mp3,4:52,Live,EP
Radiohead,Morning Bell,I Might Be Wrong: Live Recordings,Alternative Rock; Electronic; Art Rock,2001,UK; England,186k VBR,mp3,4:14,Live,EP
Radiohead,Like Spinning Plates,I Might Be Wrong: Live Recordings,Alternative Rock; Electronic; Art Rock,2001,UK; England,167k VBR,mp3,3:47,Live,EP
Radiohead,Idioteque,I Might Be Wrong: Live Recordings,Alternative Rock; Electronic; Art Rock,2001,UK; England,161k VBR,mp3,4:24,Live,EP
Radiohead,Everything in Its Right Place,I Might Be Wrong: Live Recordings,Alternative Rock; Electronic; Art Rock,2001,UK; England,183k VBR,mp3,7:42,Live,EP
Radiohead,Dollars & Cents,I Might Be Wrong: Live Recordings,Alternative Rock; Electronic; Art Rock,2001,UK; England,184k VBR,mp3,5:13,Live,EP
Radiohead,True Love Waits [#],I Might Be Wrong: Live Recordings,Alternative Rock; Electronic; Art Rock,2001,UK; England,135k VBR,mp3,5:02,Live,EP
Slowdive,Summer Day,I Saw The Sun,Shoegaze; Dream Pop; Ambient Pop,1996,UK; England,832k,flac,3:23,Studio,LP
Slowdive,Bleed,I Saw The Sun,Shoegaze; Dream Pop; Ambient Pop,1996,UK; England,889k,flac,3:28,Studio,LP
Slowdive,Sleep,I Saw The Sun,Shoegaze; Dream Pop; Ambient Pop,1996,UK; England,922k,flac,4:12,Studio,LP
Slowdive,Silver Screen (Demo),I Saw The Sun,Shoegaze; Dream Pop; Ambient Pop,1996,UK; England,874k,flac,5:29,Studio,LP
Slowdive,Dagger (Electric),I Saw The Sun,Shoegaze; Dream Pop; Ambient Pop,1996,UK; England,816k,flac,3:34,Studio,LP
Slowdive,Untitled No. 3 (Stars That Shine),I Saw The Sun,Shoegaze; Dream Pop; Ambient Pop,1996,UK; England,841k,flac,3:47,Studio,LP
Slowdive,Untitled No. 2 (I Thought I Saw),I Saw The Sun,Shoegaze; Dream Pop; Ambient Pop,1996,UK; England,881k,flac,4:19,Studio,LP
Slowdive,Joy,I Saw The Sun,Shoegaze; Dream Pop; Ambient Pop,1996,UK; England,864k,flac,4:32,Studio,LP
Slowdive,Instrumental (Take One),I Saw The Sun,Shoegaze; Dream Pop; Ambient Pop,1996,UK; England,865k,flac,3:43,Studio,LP
Slowdive,Silver Screen (Version 2),I Saw The Sun,Shoegaze; Dream Pop; Ambient Pop,1996,UK; England,880k,flac,4:01,Studio,LP
Slowdive,AB,I Saw The Sun,Shoegaze; Dream Pop; Ambient Pop,1996,UK; England,934k,flac,2:53,Studio,LP
Slowdive,Hide Yer Eyes,I Saw The Sun,Shoegaze; Dream Pop; Ambient Pop,1996,UK; England,921k,flac,3:19,Studio,LP
Slowdive,I Believe,I Saw The Sun,Shoegaze; Dream Pop; Ambient Pop,1996,UK; England,892k,flac,3:43,Studio,LP
Slowdive,Money,I Saw The Sun,Shoegaze; Dream Pop; Ambient Pop,1996,UK; England,672k,flac,1:15,Studio,LP
Slowdive,Painting,I Saw The Sun,Shoegaze; Dream Pop; Ambient Pop,1996,UK; England,613k,flac,1:18,Studio,LP
Slowdive,Like Up,I Saw The Sun,Shoegaze; Dream Pop; Ambient Pop,1996,UK; England,828k,flac,5:44,Studio,LP
Slowdive,Nightmare / Ambient Guitar,I Saw The Sun,Shoegaze; Dream Pop; Ambient Pop,1996,UK; England,733k,flac,5:50,Studio,LP
Slowdive,I Saw The Sun,I Saw The Sun,Shoegaze; Dream Pop; Ambient Pop,1996,UK; England,925k,flac,3:11,Studio,LP
Slowdive,Richard,I Saw The Sun,Shoegaze; Dream Pop; Ambient Pop,1996,UK; England,814k,flac,5:10,Studio,LP
Slowdive,Guitar Theme,I Saw The Sun,Shoegaze; Dream Pop; Ambient Pop,1996,UK; England,572k,flac,1:44,Studio,LP
Slowdive,Beginning (Part Two),I Saw The Sun,Shoegaze; Dream Pop; Ambient Pop,1996,UK; England,535k,flac,2:42,Studio,LP
Slowdive,Lonesome Fools,I Saw The Sun,Shoegaze; Dream Pop; Ambient Pop,1996,UK; England,788k,flac,3:34,Studio,LP
Slowdive,Summer Daze,I Saw The Sun,Shoegaze; Dream Pop; Ambient Pop,1996,UK; England,802k,flac,4:32,Studio,LP
Slowdive,Geisha,I Saw The Sun,Shoegaze; Dream Pop; Ambient Pop,1996,UK; England,797k,flac,4:26,Studio,LP
Slowdive,Take Me Down,I Saw The Sun,Shoegaze; Dream Pop; Ambient Pop,1996,UK; England,1003k,flac,3:15,Studio,LP
Slowdive,Untitled No. 1,I Saw The Sun,Shoegaze; Dream Pop; Ambient Pop,1996,UK; England,865k,flac,3:43,Studio,LP
Slowdive,Bleed (Live In Studio),I Saw The Sun,Shoegaze; Dream Pop; Ambient Pop,1996,UK; England,945k,flac,2:51,Studio,LP
Slowdive,Watch Me (Original Mix),I Saw The Sun,Shoegaze; Dream Pop; Ambient Pop,1996,UK; England,843k,flac,3:47,Studio,LP
Slowdive,Drunken Nonsense,I Saw The Sun,Shoegaze; Dream Pop; Ambient Pop,1996,UK; England,768k,flac,1:02,Studio,LP
Slowdive,One Hundred Times,I Saw The Sun,Shoegaze; Dream Pop; Ambient Pop,1996,UK; England,788k,flac,4:25,Studio,LP
Slowdive,Stars,I Saw The Sun,Shoegaze; Dream Pop; Ambient Pop,1996,UK; England,789k,flac,4:01,Studio,LP
Slowdive,Like Up,I Saw The Sun,Shoegaze; Dream Pop; Ambient Pop,1996,UK; England,659k,flac,5:32,Studio,LP
Slowdive,Ambient Theme,I Saw The Sun,Shoegaze; Dream Pop; Ambient Pop,1996,UK; England,904k,flac,5:21,Studio,LP
Slowdive,Ambient Theme (Part One),I Saw The Sun,Shoegaze; Dream Pop; Ambient Pop,1996,UK; England,664k,flac,2:27,Studio,LP
Slowdive,Ambient Theme (Part Two),I Saw The Sun,Shoegaze; Dream Pop; Ambient Pop,1996,UK; England,776k,flac,2:41,Studio,LP
Paddy McAloon,I Trawl the Megahertz,I Trawl the Megahertz,Modern Classical; Chamber Jazz; Third Stream; Minimalism,2003,UK; England,1502k,flac,22:05,Studio,LP
Paddy McAloon,Esprit de Corps,I Trawl the Megahertz,Modern Classical; Chamber Jazz; Third Stream; Minimalism,2003,UK; England,1548k,flac,4:51,Studio,LP
Paddy McAloon,Fall from Grace,I Trawl the Megahertz,Modern Classical; Chamber Jazz; Third Stream; Minimalism,2003,UK; England,1577k,flac,3:38,Studio,LP
Paddy McAloon,We Were Poor...,I Trawl the Megahertz,Modern Classical; Chamber Jazz; Third Stream; Minimalism,2003,UK; England,1676k,flac,4:49,Studio,LP
Paddy McAloon,Orchid 7,I Trawl the Megahertz,Modern Classical; Chamber Jazz; Third Stream; Minimalism,2003,UK; England,1518k,flac,4:20,Studio,LP
Paddy McAloon,I'm 49,I Trawl the Megahertz,Modern Classical; Chamber Jazz; Third Stream; Minimalism,2003,UK; England,1663k,flac,3:48,Studio,LP
Paddy McAloon,Sleeping Rough,I Trawl the Megahertz,Modern Classical; Chamber Jazz; Third Stream; Minimalism,2003,UK; England,1627k,flac,3:34,Studio,LP
Paddy McAloon,Ineffable,I Trawl the Megahertz,Modern Classical; Chamber Jazz; Third Stream; Minimalism,2003,UK; England,1646k,flac,2:42,Studio,LP
Paddy McAloon,...But We Were Happy,I Trawl the Megahertz,Modern Classical; Chamber Jazz; Third Stream; Minimalism,2003,UK; England,1612k,flac,3:48,Studio,LP
King Gizzard & The Lizard Wizard,I'm in Your Mind,I'm In Your Mind Fuzz,Psychedelic Rock; Garage Rock,2014,Australia,320k,mp3,3:33,Studio,LP
King Gizzard & The Lizard Wizard,I'm Not In Your Mind,I'm In Your Mind Fuzz,Psychedelic Rock; Garage Rock,2014,Australia,320k,mp3,2:58,Studio,LP
King Gizzard & The Lizard Wizard,Cellophane,I'm In Your Mind Fuzz,Psychedelic Rock; Garage Rock,2014,Australia,320k,mp3,3:10,Studio,LP
King Gizzard & The Lizard Wizard,I'm In Your Mind Fuzz,I'm In Your Mind Fuzz,Psychedelic Rock; Garage Rock,2014,Australia,320k,mp3,2:51,Studio,LP
King Gizzard & The Lizard Wizard,Empty,I'm In Your Mind Fuzz,Psychedelic Rock; Garage Rock,2014,Australia,320k,mp3,4:10,Studio,LP
King Gizzard & The Lizard Wizard,Hot Water,I'm In Your Mind Fuzz,Psychedelic Rock; Garage Rock,2014,Australia,320k,mp3,3:23,Studio,LP
King Gizzard & The Lizard Wizard,Am I In Heaven,I'm In Your Mind Fuzz,Psychedelic Rock; Garage Rock,2014,Australia,320k,mp3,7:05,Studio,LP
King Gizzard & The Lizard Wizard,Slow Jam 1,I'm In Your Mind Fuzz,Psychedelic Rock; Garage Rock,2014,Australia,320k,mp3,2:54,Studio,LP
King Gizzard & The Lizard Wizard,Satan Speeds Up,I'm In Your Mind Fuzz,Psychedelic Rock; Garage Rock,2014,Australia,320k,mp3,3:39,Studio,LP
King Gizzard & The Lizard Wizard,Her & I (Slow Jam 2),I'm In Your Mind Fuzz,Psychedelic Rock; Garage Rock,2014,Australia,320k,mp3,8:15,Studio,LP
青葉市子 [Ichiko Aoba],"帆衣 / Easter Lily (live at Milton Court, London, 2022)",Ichiko Aoba with 12 Ensemble (Live at Milton Court),Contemporary Folk,2023,Japan,320k,mp3,4:10,Live,LP
青葉市子 [Ichiko Aoba],"Parfum d’étoiles (live at Milton Court, London, 2022)",Ichiko Aoba with 12 Ensemble (Live at Milton Court),Contemporary Folk,2023,Japan,320k,mp3,2:31,Live,LP
青葉市子 [Ichiko Aoba],"霧鳴島 (live at Milton Court, London, 2022)",Ichiko Aoba with 12 Ensemble (Live at Milton Court),Contemporary Folk,2023,Japan,320k,mp3,1:40,Live,LP
青葉市子 [Ichiko Aoba],"Sagu Palm’s Song (live at Milton Court, London, 2022)",Ichiko Aoba with 12 Ensemble (Live at Milton Court),Contemporary Folk,2023,Japan,320k,mp3,3:51,Live,LP
青葉市子 [Ichiko Aoba],"血の風 (live at Milton Court, London, 2022)",Ichiko Aoba with 12 Ensemble (Live at Milton Court),Contemporary Folk,2023,Japan,320k,mp3,3:50,Live,LP
青葉市子 [Ichiko Aoba],"Hagupit (live at Milton Court, London, 2022)",Ichiko Aoba with 12 Ensemble (Live at Milton Court),Contemporary Folk,2023,Japan,320k,mp3,2:58,Live,LP
青葉市子 [Ichiko Aoba],"Dawn in the Adan (live at Milton Court, London, 2022)",Ichiko Aoba with 12 Ensemble (Live at Milton Court),Contemporary Folk,2023,Japan,320k,mp3,6:00,Live,LP
青葉市子 [Ichiko Aoba],"アダンの島の誕生祭 (live at Milton Court, London, 2022)",Ichiko Aoba with 12 Ensemble (Live at Milton Court),Contemporary Folk,2023,Japan,320k,mp3,4:20,Live,LP
青葉市子 [Ichiko Aoba],"守り哥 (live at Milton Court, London, 2022)",Ichiko Aoba with 12 Ensemble (Live at Milton Court),Contemporary Folk,2023,Japan,320k,mp3,4:40,Live,LP
青葉市子 [Ichiko Aoba],"海底のエデン (live at Milton Court, London, 2022)",Ichiko Aoba with 12 Ensemble (Live at Milton Court),Contemporary Folk,2023,Japan,320k,mp3,3:36,Live,LP
青葉市子 [Ichiko Aoba],"アンディーヴと眠って (live at Milton Court, London, 2022)",Ichiko Aoba with 12 Ensemble (Live at Milton Court),Contemporary Folk,2023,Japan,320k,mp3,5:01,Live,LP
青葉市子 [Ichiko Aoba],"赤とんぼ (live at Milton Court, London, 2022)",Ichiko Aoba with 12 Ensemble (Live at Milton Court),Contemporary Folk,2023,Japan,320k,mp3,3:41,Live,LP
青葉市子 [Ichiko Aoba],"もしもし (live at Milton Court, London, 2022)",Ichiko Aoba with 12 Ensemble (Live at Milton Court),Contemporary Folk,2023,Japan,320k,mp3,4:32,Live,LP
Still House Plants,M M M,"If I don't make it, I love u",Experimental Rock; Post-Rock; Math Rock,2024,UK; Scotland,1168k,flac,5:46,Studio,LP
Still House Plants,Pant,"If I don't make it, I love u",Experimental Rock; Post-Rock; Math Rock,2024,UK; Scotland,1446k,flac,2:29,Studio,LP
Still House Plants,Sticky,"If I don't make it, I love u",Experimental Rock; Post-Rock; Math Rock,2024,UK; Scotland,1224k,flac,4:20,Studio,LP
Still House Plants,MORE BOY,"If I don't make it, I love u",Experimental Rock; Post-Rock; Math Rock,2024,UK; Scotland,1355k,flac,3:47,Studio,LP
Still House Plants,Probably,"If I don't make it, I love u",Experimental Rock; Post-Rock; Math Rock,2024,UK; Scotland,1262k,flac,3:13,Studio,LP
Still House Plants,3scr3w3,"If I don't make it, I love u",Experimental Rock; Post-Rock; Math Rock,2024,UK; Scotland,1304k,flac,3:47,Studio,LP
Still House Plants,Silver grit passes thru my teeth,"If I don't make it, I love u",Experimental Rock; Post-Rock; Math Rock,2024,UK; Scotland,1172k,flac,5:22,Studio,LP
Still House Plants,Headlight,"If I don't make it, I love u",Experimental Rock; Post-Rock; Math Rock,2024,UK; Scotland,1271k,flac,3:42,Studio,LP
Still House Plants,no sleep deep risk,"If I don't make it, I love u",Experimental Rock; Post-Rock; Math Rock,2024,UK; Scotland,1098k,flac,4:13,Studio,LP
Still House Plants,Pushed,"If I don't make it, I love u",Experimental Rock; Post-Rock; Math Rock,2024,UK; Scotland,1291k,flac,3:08,Studio,LP
Still House Plants,More More Faster,"If I don't make it, I love u",Experimental Rock; Post-Rock; Math Rock,2024,UK; Scotland,1062k,flac,6:17,Studio,LP
Radiohead,Ill Wind,Ill Wind,Art Rock; Bossa nova,2019,UK; England,320k,mp3,4:14,Studio,Single
Sufjan Stevens,"Concerning the UFO Sighting Near Highland, Illinois",Illinois,Baroque Pop,2005,USA,320k,mp3,2:09,Studio,LP
Sufjan Stevens,"The Black Hawk War, or, How to Demolish an Entire Civilization and Still Feel Good About Yourself in the Morning, or, We Apologize for the Inconvenience but You're Going to Have to Leave Now, or, ""I Have Fought the Big Knives and Will Continue to Fight Them Until They Are Off Our Lands!""",Illinois,Baroque Pop,2005,USA,320k,mp3,2:14,Studio,LP
Sufjan Stevens,"Come On! Feel the Illinoise! Part I: The World's Columbian Exposition, Part II: Carl Sandburg Visits Me in a Dream",Illinois,Baroque Pop,2005,USA,320k,mp3,6:45,Studio,LP
Sufjan Stevens,"John Wayne Gacy, Jr.",Illinois,Baroque Pop,2005,USA,320k,mp3,3:19,Studio,LP
Sufjan Stevens,Jacksonville,Illinois,Baroque Pop,2005,USA,320k,mp3,5:24,Studio,LP
Sufjan Stevens,"A Short Reprise for Mary Todd, Who Went Insane, but for Very Good Reasons",Illinois,Baroque Pop,2005,USA,320k,mp3,0:47,Studio,LP
Sufjan Stevens,"Decatur, or, Round of Applause for Your Stepmother!",Illinois,Baroque Pop,2005,USA,320k,mp3,3:03,Studio,LP
Sufjan Stevens,"One Last ""Whoo-Hoo!"" for the Pullman",Illinois,Baroque Pop,2005,USA,320k,mp3,0:06,Studio,LP
Sufjan Stevens,Chicago,Illinois,Baroque Pop,2005,USA,320k,mp3,6:04,Studio,LP
Sufjan Stevens,Casimir Pulaski Day,Illinois,Baroque Pop,2005,USA,320k,mp3,5:54,Studio,LP
Sufjan Stevens,"To the Workers of the Rockford River Valley Region, I Have an Idea Concerning Your Predicament",Illinois,Baroque Pop,2005,USA,320k,mp3,1:40,Studio,LP
Sufjan Stevens,The Man of Metropolis Steals Our Hearts,Illinois,Baroque Pop,2005,USA,320k,mp3,6:17,Studio,LP
Sufjan Stevens,Prairie Fire That Wanders About,Illinois,Baroque Pop,2005,USA,320k,mp3,2:11,Studio,LP
Sufjan Stevens,A Conjunction of Drones Simulating the Way in Which Sufjan Stevens Has an Existential Crisis in the Great Godfrey Maze,Illinois,Baroque Pop,2005,USA,320k,mp3,0:19,Studio,LP
Sufjan Stevens,The Predatory Wasp of the Palisades Is Out to Get Us!,Illinois,Baroque Pop,2005,USA,320k,mp3,5:23,Studio,LP
Sufjan Stevens,They Are Night Zombies!! They Are Neighbors!! They Have Come Back From the Dead!! Ahhhh!,Illinois,Baroque Pop,2005,USA,320k,mp3,5:09,Studio,LP
Sufjan Stevens,"Let's Hear That String Part Again, Because I Don't Think They Heard It All the Way Out in Bushnell",Illinois,Baroque Pop,2005,USA,320k,mp3,0:40,Studio,LP
Sufjan Stevens,In This Temple as in the Hearts of Man for Whom He Saved the Earth,Illinois,Baroque Pop,2005,USA,320k,mp3,0:35,Studio,LP
Sufjan Stevens,The Seer's Tower,Illinois,Baroque Pop,2005,USA,320k,mp3,3:54,Studio,LP
Sufjan Stevens,"The Tallest Man, the Broadest Shoulders, Part I: The Great Frontier, Part II: Come to Me Only With Playthings Now",Illinois,Baroque Pop,2005,USA,320k,mp3,7:03,Studio,LP
Sufjan Stevens,"Riffs and Variations on a Single Note for Jelly Roll, Earl Hines, Louis Armstrong, Baby Dodds, and the King of Swing, to Name a Few",Illinois,Baroque Pop,2005,USA,320k,mp3,0:46,Studio,LP
Sufjan Stevens,"Out of Egypt, Into the Great Laugh of Mankind, and I Shake the Dirt From My Sandals as I Run",Illinois,Baroque Pop,2005,USA,320k,mp3,4:21,Studio,LP
John Coltrane,India,Impressions,Avant-Garde Jazz,1963,USA,320k,mp3,14:10,Studio,LP
John Coltrane,Up 'Gainst The Wall,Impressions,Avant-Garde Jazz,1963,USA,320k,mp3,3:17,Studio,LP
John Coltrane,Impressions,Impressions,Avant-Garde Jazz,1963,USA,320k,mp3,15:06,Studio,LP
John Coltrane,After The Rain,Impressions,Avant-Garde Jazz,1963,USA,320k,mp3,4:27,Studio,LP
John Coltrane,Dear Old Stockholm (Bonus Track),Impressions,Avant-Garde Jazz,1963,USA,320k,mp3,10:37,Studio,LP
Miles Davis,Shhh/Peaceful,In A Silent Way,Jazz Fusion; Modal Jazz,1969,USA,852k,flac,18:16,Studio,LP
Miles Davis,In a Silent Way/It's About that Time,In A Silent Way,Jazz Fusion; Modal Jazz,1969,USA,768k,flac,19:52,Studio,LP
Henry Cow,War,In Praise of Learning,Rock In Opposition; Canterbury Scene,1975,UK; England,195k VBR,mp3,2:25,Studio,LP
Henry Cow,Living in the Heart of the Beast,In Praise of Learning,Rock In Opposition; Canterbury Scene,1975,UK; England,197k VBR,mp3,15:30,Studio,LP
Henry Cow,Beginning: The Long March,In Praise of Learning,Rock In Opposition; Canterbury Scene,1975,UK; England,208k VBR,mp3,6:26,Studio,LP
Henry Cow,Beautiful as the Moon - Terrible as an Army with Banners,In Praise of Learning,Rock In Opposition; Canterbury Scene,1975,UK; England,197k VBR,mp3,7:02,Studio,LP
Henry Cow,Morning Star,In Praise of Learning,Rock In Opposition; Canterbury Scene,1975,UK; England,215k VBR,mp3,6:05,Studio,LP
Henry Cow,Lovers of Gold,In Praise of Learning,Rock In Opposition; Canterbury Scene,1975,UK; England,197k VBR,mp3,6:28,Studio,LP
Radiohead,15 Step,In Rainbows,Art Rock,2007,UK; England,320k,mp3,3:58,Studio,LP
Radiohead,Bodysnatchers,In Rainbows,Art Rock,2007,UK; England,320k,mp3,4:02,Studio,LP
Radiohead,Nude,In Rainbows,Art Rock,2007,UK; England,320k,mp3,4:15,Studio,LP
Radiohead,Weird Fishes/Arpeggi,In Rainbows,Art Rock,2007,UK; England,320k,mp3,5:18,Studio,LP
Radiohead,All I Need,In Rainbows,Art Rock,2007,UK; England,320k,mp3,3:48,Studio,LP
Radiohead,Faust Arp,In Rainbows,Art Rock,2007,UK; England,320k,mp3,2:09,Studio,LP
Radiohead,Reckoner,In Rainbows,Art Rock,2007,UK; England,320k,mp3,4:50,Studio,LP
Radiohead,House of Cards,In Rainbows,Art Rock,2007,UK; England,320k,mp3,5:28,Studio,LP
Radiohead,Jigsaw Falling Into Place,In Rainbows,Art Rock,2007,UK; England,320k,mp3,4:08,Studio,LP
Radiohead,Videotape,In Rainbows,Art Rock,2007,UK; England,320k,mp3,4:41,Studio,LP
Radiohead,Weird Fishes/Arpeggi,In Rainbows - From the Basement,Art Rock,2008,UK; England,726k,flac,5:40,Live,LP
Radiohead,15 Step,In Rainbows - From the Basement,Art Rock,2008,UK; England,750k,flac,3:52,Live,LP
Radiohead,Bodysnatchers,In Rainbows - From the Basement,Art Rock,2008,UK; England,751k,flac,4:22,Live,LP
Radiohead,Nude,In Rainbows - From the Basement,Art Rock,2008,UK; England,621k,flac,4:29,Live,LP
Radiohead,The Gloaming,In Rainbows - From the Basement,Art Rock,2008,UK; England,735k,flac,3:16,Live,LP
Radiohead,Myxomatosis,In Rainbows - From the Basement,Art Rock,2008,UK; England,819k,flac,3:56,Live,LP
Radiohead,House of Cards,In Rainbows - From the Basement,Art Rock,2008,UK; England,637k,flac,5:30,Live,LP
Radiohead,Bangers & Mash,In Rainbows - From the Basement,Art Rock,2008,UK; England,795k,flac,3:45,Live,LP
Radiohead,Optimistic,In Rainbows - From the Basement,Art Rock,2008,UK; England,699k,flac,4:41,Live,LP
Radiohead,Reckoner,In Rainbows - From the Basement,Art Rock,2008,UK; England,795k,flac,5:12,Live,LP
Radiohead,Videotape,In Rainbows - From the Basement,Art Rock,2008,UK; England,620k,flac,4:45,Live,LP
Radiohead,Where I End and You Begin,In Rainbows - From the Basement,Art Rock,2008,UK; England,635k,flac,5:19,Live,LP
Radiohead,All I Need,In Rainbows - From the Basement,Art Rock,2008,UK; England,639k,flac,4:18,Live,LP
Radiohead,Go Slowly,In Rainbows - From the Basement,Art Rock,2008,UK; England,664k,flac,3:52,Live,LP
Radiohead,MK 1,In Rainbows Disk 2,Alternative Rock,2007,UK; England,320k,mp3,1:04,Studio,LP
Radiohead,Down Is the New Up,In Rainbows Disk 2,Alternative Rock,2007,UK; England,320k,mp3,4:59,Studio,LP
Radiohead,Go Slowly,In Rainbows Disk 2,Alternative Rock,2007,UK; England,320k,mp3,3:48,Studio,LP
Radiohead,MK 2,In Rainbows Disk 2,Alternative Rock,2007,UK; England,320k,mp3,0:53,Studio,LP
Radiohead,Last Flowers,In Rainbows Disk 2,Alternative Rock,2007,UK; England,320k,mp3,4:26,Studio,LP
Radiohead,Up on the Ladder,In Rainbows Disk 2,Alternative Rock,2007,UK; England,320k,mp3,4:17,Studio,LP
Radiohead,Bangers + Mash,In Rainbows Disk 2,Alternative Rock,2007,UK; England,320k,mp3,3:19,Studio,LP
Radiohead,4 Minute Warning,In Rainbows Disk 2,Alternative Rock,2007,UK; England,320k,mp3,4:06,Studio,LP
Neutral Milk Hotel,King Of Carrot Flowers Part 1,In The Aeroplane Over The Sea,Indie Rock,1998,USA,253k VBR,mp3,2:00,Studio,LP
Neutral Milk Hotel,King Of Carrot Flowers Part 2 & 3,In The Aeroplane Over The Sea,Indie Rock,1998,USA,257k VBR,mp3,3:06,Studio,LP
Neutral Milk Hotel,In The Aeroplane Over The Sea,In The Aeroplane Over The Sea,Indie Rock,1998,USA,283k VBR,mp3,3:22,Studio,LP
Neutral Milk Hotel,Two-Headed Boy,In The Aeroplane Over The Sea,Indie Rock,1998,USA,224k VBR,mp3,4:26,Studio,LP
Neutral Milk Hotel,The Fool,In The Aeroplane Over The Sea,Indie Rock,1998,USA,243k VBR,mp3,1:53,Studio,LP
Neutral Milk Hotel,"Holland, 1945",In The Aeroplane Over The Sea,Indie Rock,1998,USA,282k VBR,mp3,3:12,Studio,LP
Neutral Milk Hotel,Communist Daughter,In The Aeroplane Over The Sea,Indie Rock,1998,USA,251k VBR,mp3,1:57,Studio,LP
Neutral Milk Hotel,Oh Comely,In The Aeroplane Over The Sea,Indie Rock,1998,USA,225k VBR,mp3,8:18,Studio,LP
Neutral Milk Hotel,Ghost,In The Aeroplane Over The Sea,Indie Rock,1998,USA,274k VBR,mp3,4:08,Studio,LP
Neutral Milk Hotel,Untitled,In The Aeroplane Over The Sea,Indie Rock,1998,USA,266k VBR,mp3,2:16,Studio,LP
Neutral Milk Hotel,Two-Headed Boy Part 2,In The Aeroplane Over The Sea,Indie Rock,1998,USA,224k VBR,mp3,5:14,Studio,LP
King Crimson,21st Century Schizoid Man,In the Court of the Crimson King,Progressive Rock; Art Rock,1969,UK; England,938k,flac,7:21,Studio,LP
King Crimson,I Talk to the Wind,In the Court of the Crimson King,Progressive Rock; Art Rock,1969,UK; England,756k,flac,6:03,Studio,LP
King Crimson,Epitaph,In the Court of the Crimson King,Progressive Rock; Art Rock,1969,UK; England,824k,flac,8:46,Studio,LP
King Crimson,Moonchild,In the Court of the Crimson King,Progressive Rock; Art Rock,1969,UK; England,517k,flac,12:11,Studio,LP
King Crimson,The Court of the Crimson King,In the Court of the Crimson King,Progressive Rock; Art Rock,1969,UK; England,793k,flac,9:23,Studio,LP
Nirvana,Serve The Servants,In Utero,Grunge; Noise Rock,1993,USA,320k,mp3,3:36,Studio,LP
Nirvana,Scentless Apprentice,In Utero,Grunge; Noise Rock,1993,USA,320k,mp3,3:47,Studio,LP
Nirvana,Heart-Shaped Box,In Utero,Grunge; Noise Rock,1993,USA,320k,mp3,4:41,Studio,LP
Nirvana,Rape Me,In Utero,Grunge; Noise Rock,1993,USA,320k,mp3,2:49,Studio,LP
Nirvana,Frances Farmer Will Have Her Revenge On Seattle,In Utero,Grunge; Noise Rock,1993,USA,320k,mp3,4:09,Studio,LP
Nirvana,Dumb,In Utero,Grunge; Noise Rock,1993,USA,320k,mp3,2:32,Studio,LP
Nirvana,Very Ape,In Utero,Grunge; Noise Rock,1993,USA,320k,mp3,1:55,Studio,LP
Nirvana,Milk It,In Utero,Grunge; Noise Rock,1993,USA,320k,mp3,3:54,Studio,LP
Nirvana,Pennyroyal Tea,In Utero,Grunge; Noise Rock,1993,USA,320k,mp3,3:37,Studio,LP
Nirvana,Radio Friendly Unit Shifter,In Utero,Grunge; Noise Rock,1993,USA,320k,mp3,4:51,Studio,LP
Nirvana,Tourette's,In Utero,Grunge; Noise Rock,1993,USA,320k,mp3,1:35,Studio,LP
Nirvana,All Apologies,In Utero,Grunge; Noise Rock,1993,USA,320k,mp3,3:50,Studio,LP
Autechre,Kalpol Introl,Incunabula,IDM; Ambient Techno,1993,UK; England,873k,flac,3:18,Studio,LP
Autechre,Bike,Incunabula,IDM; Ambient Techno,1993,UK; England,767k,flac,8:00,Studio,LP
Autechre,Autriche,Incunabula,IDM; Ambient Techno,1993,UK; England,823k,flac,6:55,Studio,LP
Autechre,Bronchus 2,Incunabula,IDM; Ambient Techno,1993,UK; England,720k,flac,3:33,Studio,LP
Autechre,Basscadet,Incunabula,IDM; Ambient Techno,1993,UK; England,957k,flac,5:23,Studio,LP
Autechre,Eggshell,Incunabula,IDM; Ambient Techno,1993,UK; England,906k,flac,9:02,Studio,LP
Autechre,Doctrine,Incunabula,IDM; Ambient Techno,1993,UK; England,876k,flac,7:48,Studio,LP
Autechre,Maetl,Incunabula,IDM; Ambient Techno,1993,UK; England,831k,flac,6:32,Studio,LP
Autechre,Windwind,Incunabula,IDM; Ambient Techno,1993,UK; England,892k,flac,11:17,Studio,LP
Autechre,Lowride,Incunabula,IDM; Ambient Techno,1993,UK; England,739k,flac,7:16,Studio,LP
Autechre,444,Incunabula,IDM; Ambient Techno,1993,UK; England,938k,flac,8:55,Studio,LP
Bark Psychosis,I Know,Independency,Post-Rock,1994,UK; England,320k,mp3,4:11,Studio,LP
Bark Psychosis,Nothing Feels,Independency,Post-Rock,1994,UK; England,320k,mp3,3:43,Studio,LP
Bark Psychosis,All Different Things,Independency,Post-Rock,1994,UK; England,320k,mp3,8:09,Studio,LP
Bark Psychosis,By Blow,Independency,Post-Rock,1994,UK; England,320k,mp3,5:07,Studio,LP
Bark Psychosis,Manman,Independency,Post-Rock,1994,UK; England,320k,mp3,5:02,Studio,LP
Bark Psychosis,Blood Rush,Independency,Post-Rock,1994,UK; England,320k,mp3,7:14,Studio,LP
Bark Psychosis,Tooled Up,Independency,Post-Rock,1994,UK; England,320k,mp3,7:36,Studio,LP
Bark Psychosis,Scum,Independency,Post-Rock,1994,UK; England,320k,mp3,21:15,Studio,LP
Tame Impala,It Isn't Meant To Be,Innerspeaker,Psychedelic Rock; Neo-Psychedelia,2011,Australia,320k,mp3,5:21,Studio,LP
Tame Impala,Desire Be Desire Go,Innerspeaker,Psychedelic Rock; Neo-Psychedelia,2011,Australia,320k,mp3,4:26,Studio,LP
Tame Impala,Alter Ego,Innerspeaker,Psychedelic Rock; Neo-Psychedelia,2011,Australia,320k,mp3,4:47,Studio,LP
Tame Impala,Lucidity,Innerspeaker,Psychedelic Rock; Neo-Psychedelia,2011,Australia,320k,mp3,4:31,Studio,LP
Tame Impala,Why Won't You Make Up Your Mind?,Innerspeaker,Psychedelic Rock; Neo-Psychedelia,2011,Australia,320k,mp3,3:19,Studio,LP
Tame Impala,Solitude Is Bliss,Innerspeaker,Psychedelic Rock; Neo-Psychedelia,2011,Australia,320k,mp3,3:55,Studio,LP
Tame Impala,Jeremy's Storm,Innerspeaker,Psychedelic Rock; Neo-Psychedelia,2011,Australia,320k,mp3,5:28,Studio,LP
Tame Impala,Expectation,Innerspeaker,Psychedelic Rock; Neo-Psychedelia,2011,Australia,320k,mp3,6:02,Studio,LP
Tame Impala,The Bold Arrow Of Time,Innerspeaker,Psychedelic Rock; Neo-Psychedelia,2011,Australia,320k,mp3,4:25,Studio,LP
Tame Impala,"Runway, Houses, City, Clouds",Innerspeaker,Psychedelic Rock; Neo-Psychedelia,2011,Australia,320k,mp3,7:15,Studio,LP
Tame Impala,I Don't Really Mind,Innerspeaker,Psychedelic Rock; Neo-Psychedelia,2011,Australia,320k,mp3,3:45,Studio,LP
Tame Impala,Sundown Syndrome,Innerspeaker,Psychedelic Rock; Neo-Psychedelia,2011,Australia,320k,mp3,5:50,Studio,LP
Tame Impala,Remember Me,Innerspeaker,Psychedelic Rock; Neo-Psychedelia,2011,Australia,320k,mp3,4:22,Studio,LP
Tame Impala,Half Full Glass of Wine,Innerspeaker,Psychedelic Rock; Neo-Psychedelia,2011,Australia,320k,mp3,4:26,Studio,LP
Tame Impala,Wander,Innerspeaker,Psychedelic Rock; Neo-Psychedelia,2011,Australia,320k,mp3,5:14,Studio,LP
Tame Impala,Why Won't You Make Up Your Mind? (Erol Alkan Rework),Innerspeaker,Psychedelic Rock; Neo-Psychedelia,2011,Australia,320k,mp3,8:14,Studio,LP
Tame Impala,Lucidity (Pilooski Remix),Innerspeaker,Psychedelic Rock; Neo-Psychedelia,2011,Australia,320k,mp3,5:30,Studio,LP
Tame Impala,Solitude Is Bliss (Mickey Moonlight T.A.M Remix),Innerspeaker,Psychedelic Rock; Neo-Psychedelia,2011,Australia,320k,mp3,3:59,Studio,LP
Tame Impala,41 Mojitos (Canyons Poolside Dub),Innerspeaker,Psychedelic Rock; Neo-Psychedelia,2011,Australia,320k,mp3,6:19,Studio,LP
Tame Impala,Canyons Sunrise Reprise,Innerspeaker,Psychedelic Rock; Neo-Psychedelia,2011,Australia,320k,mp3,7:45,Studio,LP
Sigur Rós,Svefn-G-Englar,Inní,Post-Rock,2011,Iceland,320k,mp3,10:12,Live,LP
Sigur Rós,Glósóli,Inní,Post-Rock,2011,Iceland,320k,mp3,6:52,Live,LP
Sigur Rós,Ny Batterí,Inní,Post-Rock,2011,Iceland,320k,mp3,8:38,Live,LP
Sigur Rós,Fljótavík,Inní,Post-Rock,2011,Iceland,320k,mp3,3:38,Live,LP
Sigur Rós,Vid Spilum Endalaust,Inní,Post-Rock,2011,Iceland,320k,mp3,3:58,Live,LP
Sigur Rós,Med Blódnasir,Inní,Post-Rock,2011,Iceland,320k,mp3,2:22,Live,LP
Sigur Rós,Inní Mér Syngur Vitleysingur,Inní,Post-Rock,2011,Iceland,320k,mp3,4:08,Live,LP
Sigur Rós,E-Bow,Inní,Post-Rock,2011,Iceland,320k,mp3,9:09,Live,LP
Sigur Rós,Hoppípolla,Inní,Post-Rock,2011,Iceland,320k,mp3,4:13,Live,LP
Sigur Rós,Sæglópur,Inní,Post-Rock,2011,Iceland,320k,mp3,7:40,Live,LP
Sigur Rós,Festival,Inní,Post-Rock,2011,Iceland,320k,mp3,7:35,Live,LP
Sigur Rós,Hafsól,Inní,Post-Rock,2011,Iceland,320k,mp3,8:28,Live,LP
Sigur Rós,All Alright,Inní,Post-Rock,2011,Iceland,320k,mp3,5:41,Live,LP
Sigur Rós,Popplagid,Inní,Post-Rock,2011,Iceland,320k,mp3,15:23,Live,LP
Sigur Rós,Lúppulagid,Inní,Post-Rock,2011,Iceland,320k,mp3,5:59,Live,LP
John Coltrane,Mars,Interstellar Space,Free Jazz,1967,USA,320k,mp3,10:43,Studio,LP
John Coltrane,Venus,Interstellar Space,Free Jazz,1967,USA,320k,mp3,8:36,Studio,LP
John Coltrane,Jupiter,Interstellar Space,Free Jazz,1967,USA,320k,mp3,5:25,Studio,LP
John Coltrane,Saturn,Interstellar Space,Free Jazz,1967,USA,320k,mp3,11:43,Studio,LP
John Coltrane,Leo [*],Interstellar Space,Free Jazz,1967,USA,320k,mp3,10:55,Studio,LP
John Coltrane,Jupiter Variation [#][*],Interstellar Space,Free Jazz,1967,USA,320k,mp3,6:45,Studio,LP
The Strokes,Is This It,Is This It,Garage Rock Revival; Indie Rock,2001,USA,320k,mp3,2:32,Studio,LP
The Strokes,The Modern Age,Is This It,Garage Rock Revival; Indie Rock,2001,USA,320k,mp3,3:32,Studio,LP
The Strokes,Soma,Is This It,Garage Rock Revival; Indie Rock,2001,USA,320k,mp3,2:37,Studio,LP
The Strokes,Barely Legal,Is This It,Garage Rock Revival; Indie Rock,2001,USA,320k,mp3,3:58,Studio,LP
The Strokes,Someday,Is This It,Garage Rock Revival; Indie Rock,2001,USA,320k,mp3,3:07,Studio,LP
The Strokes,"Alone, Together",Is This It,Garage Rock Revival; Indie Rock,2001,USA,320k,mp3,3:12,Studio,LP
The Strokes,Last Nite,Is This It,Garage Rock Revival; Indie Rock,2001,USA,320k,mp3,3:17,Studio,LP
The Strokes,Hard to Explain,Is This It,Garage Rock Revival; Indie Rock,2001,USA,320k,mp3,3:47,Studio,LP
The Strokes,New York City Cops,Is This It,Garage Rock Revival; Indie Rock,2001,USA,320k,mp3,3:36,Studio,LP
The Strokes,Trying Your Luck,Is This It,Garage Rock Revival; Indie Rock,2001,USA,320k,mp3,3:27,Studio,LP
The Strokes,Take It or Leave It,Is This It,Garage Rock Revival; Indie Rock,2001,USA,320k,mp3,3:17,Studio,LP
My Bloody Valentine,Soft As Snow (But Warm Inside),Isn't Anything,Shoegaze,1988,UK; Ireland; England,320k,mp3,2:20,Studio,LP
My Bloody Valentine,Lose My Breath,Isn't Anything,Shoegaze,1988,UK; Ireland; England,320k,mp3,3:37,Studio,LP
My Bloody Valentine,Cupid Come,Isn't Anything,Shoegaze,1988,UK; Ireland; England,320k,mp3,4:29,Studio,LP
My Bloody Valentine,(When You Wake) You're Still In A Dream,Isn't Anything,Shoegaze,1988,UK; Ireland; England,320k,mp3,3:18,Studio,LP
My Bloody Valentine,No More Sorry,Isn't Anything,Shoegaze,1988,UK; Ireland; England,320k,mp3,2:47,Studio,LP
My Bloody Valentine,All I Need,Isn't Anything,Shoegaze,1988,UK; Ireland; England,320k,mp3,3:03,Studio,LP
My Bloody Valentine,Feed Me With Your Kiss,Isn't Anything,Shoegaze,1988,UK; Ireland; England,320k,mp3,3:54,Studio,LP
My Bloody Valentine,Sueisfine,Isn't Anything,Shoegaze,1988,UK; Ireland; England,320k,mp3,2:12,Studio,LP
My Bloody Valentine,Several Girls Galore,Isn't Anything,Shoegaze,1988,UK; Ireland; England,320k,mp3,2:20,Studio,LP
My Bloody Valentine,You Never Should,Isn't Anything,Shoegaze,1988,UK; Ireland; England,320k,mp3,3:22,Studio,LP
My Bloody Valentine,Nothing Much To Lose,Isn't Anything,Shoegaze,1988,UK; Ireland; England,320k,mp3,3:17,Studio,LP
My Bloody Valentine,I Can See It (But I Can't Feel It),Isn't Anything,Shoegaze,1988,UK; Ireland; England,320k,mp3,3:11,Studio,LP
The Microphones,The Pull,"It Was Hot, We Stayed In The Water",Psychedelic Folk; Indie Folk; Slacker Rock,2000,USA,242k VBR,mp3,4:53,Studio,LP
The Microphones,Ice,"It Was Hot, We Stayed In The Water",Psychedelic Folk; Indie Folk; Slacker Rock,2000,USA,225k VBR,mp3,2:19,Studio,LP
The Microphones,Sand (Eric's Trip),"It Was Hot, We Stayed In The Water",Psychedelic Folk; Indie Folk; Slacker Rock,2000,USA,211k VBR,mp3,1:53,Studio,LP
The Microphones,The Glow,"It Was Hot, We Stayed In The Water",Psychedelic Folk; Indie Folk; Slacker Rock,2000,USA,241k VBR,mp3,11:06,Studio,LP
The Microphones,Karl Blau,"It Was Hot, We Stayed In The Water",Psychedelic Folk; Indie Folk; Slacker Rock,2000,USA,224k VBR,mp3,1:43,Studio,LP
The Microphones,Drums,"It Was Hot, We Stayed In The Water",Psychedelic Folk; Indie Folk; Slacker Rock,2000,USA,251k VBR,mp3,3:18,Studio,LP
The Microphones,The Gleam,"It Was Hot, We Stayed In The Water",Psychedelic Folk; Indie Folk; Slacker Rock,2000,USA,235k VBR,mp3,2:52,Studio,LP
The Microphones,The Breeze,"It Was Hot, We Stayed In The Water",Psychedelic Folk; Indie Folk; Slacker Rock,2000,USA,238k VBR,mp3,2:00,Studio,LP
The Microphones,(Something) Ver.2,"It Was Hot, We Stayed In The Water",Psychedelic Folk; Indie Folk; Slacker Rock,2000,USA,252k VBR,mp3,4:34,Studio,LP
The Microphones,Between Your Ear and the Other Ear,"It Was Hot, We Stayed In The Water",Psychedelic Folk; Indie Folk; Slacker Rock,2000,USA,262k VBR,mp3,3:13,Studio,LP
The Microphones,Organs,"It Was Hot, We Stayed In The Water",Psychedelic Folk; Indie Folk; Slacker Rock,2000,USA,205k VBR,mp3,3:30,Studio,LP
James Ferraro,Jarvid 9: Gecko Disc One Part One,Jarvid 9: Gecko,Hypnagogic Pop; Tribal Ambient; Drone; Sound Collage,2009,USA,149k VBR,mp3,29:04,Studio,LP
James Ferraro,Jarvid 9: Gecko Disc One Part Two,Jarvid 9: Gecko,Hypnagogic Pop; Tribal Ambient; Drone; Sound Collage,2009,USA,155k VBR,mp3,20:01,Studio,LP
James Ferraro,Jarvid 9: Gecko Disc One Part Three,Jarvid 9: Gecko,Hypnagogic Pop; Tribal Ambient; Drone; Sound Collage,2009,USA,143k VBR,mp3,11:32,Studio,LP
James Ferraro,Jarvid 9: Gecko Disc One Part Four,Jarvid 9: Gecko,Hypnagogic Pop; Tribal Ambient; Drone; Sound Collage,2009,USA,127k VBR,mp3,18:44,Studio,LP
James Ferraro,Jarvid 9: Gecko Disc Two Part One,Jarvid 9: Gecko,Hypnagogic Pop; Tribal Ambient; Drone; Sound Collage,2009,USA,142k VBR,mp3,16:20,Studio,LP
James Ferraro,Jarvid 9: Gecko Disc Two Part Two,Jarvid 9: Gecko,Hypnagogic Pop; Tribal Ambient; Drone; Sound Collage,2009,USA,141k VBR,mp3,30:08,Studio,LP
James Ferraro,Jarvid 9: Gecko Disc Two Part Three,Jarvid 9: Gecko,Hypnagogic Pop; Tribal Ambient; Drone; Sound Collage,2009,USA,130k VBR,mp3,33:15,Studio,LP
K.R.T. Wasitodipuro,Ketawang: Puspåwårnå,"Javanese Court Gamelan From The Pura Paku Alaman, Jogyakarta",Gamelan,1971,Indonesia,189k VBR,mp3,4:48,Studio,LP
K.R.T. Wasitodipuro,Gending: Tedjånåtå; Ladrang Sembawa; Ladrang Playon,"Javanese Court Gamelan From The Pura Paku Alaman, Jogyakarta",Gamelan,1971,Indonesia,192k VBR,mp3,18:34,Studio,LP
K.R.T. Wasitodipuro,Gending: Mandalpati; Ladrang Agun-Agun,"Javanese Court Gamelan From The Pura Paku Alaman, Jogyakarta",Gamelan,1971,Indonesia,187k VBR,mp3,19:37,Studio,LP
K.R.T. Wasitodipuro,Bubaran Hudan Mas,"Javanese Court Gamelan From The Pura Paku Alaman, Jogyakarta",Gamelan,1971,Indonesia,195k VBR,mp3,2:20,Studio,LP
Sufjan Stevens,Goodbye Evergreen,Javelin,Indie,2023,USA,824k,flac,3:35,Studio,LP
Sufjan Stevens,A Running Start,Javelin,Indie,2023,USA,764k,flac,4:21,Studio,LP
Sufjan Stevens,Will Anybody Ever Love Me?,Javelin,Indie,2023,USA,820k,flac,4:09,Studio,LP
Sufjan Stevens,Everything That Rises,Javelin,Indie,2023,USA,776k,flac,4:59,Studio,LP
Sufjan Stevens,Genuflecting Ghost,Javelin,Indie,2023,USA,849k,flac,3:32,Studio,LP
Sufjan Stevens,My Little Red Fox,Javelin,Indie,2023,USA,830k,flac,3:42,Studio,LP
Sufjan Stevens,So You Are Tired,Javelin,Indie,2023,USA,787k,flac,4:49,Studio,LP
Sufjan Stevens,Javelin (To Have and to Hold),Javelin,Indie,2023,USA,778k,flac,1:52,Studio,LP
Sufjan Stevens,Shit Talk,Javelin,Indie,2023,USA,794k,flac,8:31,Studio,LP
Sufjan Stevens,There's a World,Javelin,Indie,2023,USA,724k,flac,2:29,Studio,LP
Pharoah Sanders,Hum-Allah-Hum-Allah-Hum Allah,Jewels of Thought,Spiritual Jazz; Avant-Garde Jazz,1969,USA,320k,mp3,15:10,Studio,LP
Pharoah Sanders,Sun in Aquarius,Jewels of Thought,Spiritual Jazz; Avant-Garde Jazz,1969,USA,320k,mp3,27:51,Studio,LP
Alice Coltrane,Journey in Satchidananda,Journey in Satchidananda,Spiritual Jazz; Indo Jazz,1970,USA,320k,mp3,6:40,Studio,LP
Alice Coltrane,Shiva-Loka,Journey in Satchidananda,Spiritual Jazz; Indo Jazz,1970,USA,320k,mp3,6:37,Studio,LP
Alice Coltrane,Stopover Bombay,Journey in Satchidananda,Spiritual Jazz; Indo Jazz,1970,USA,320k,mp3,2:54,Studio,LP
Alice Coltrane,Something About John Coltrane,Journey in Satchidananda,Spiritual Jazz; Indo Jazz,1970,USA,320k,mp3,9:44,Studio,LP
Alice Coltrane,Isis & Osiris,Journey in Satchidananda,Spiritual Jazz; Indo Jazz,1970,USA,320k,mp3,11:29,Studio,LP
Vashti Bunyan,Diamond Day,Just Another Diamond Day,Folk-Rock,1970,UK; England,320k,mp3,1:47,Studio,LP
Vashti Bunyan,Glow Worms,Just Another Diamond Day,Folk Rock,1970,UK; England,320k,mp3,2:16,Studio,LP
Vashti Bunyan,Lily Pond,Just Another Diamond Day,Folk Rock,1970,UK; England,320k,mp3,1:24,Studio,LP
Vashti Bunyan,Timothy Grub,Just Another Diamond Day,Folk-Rock,1970,UK; England,320k,mp3,3:15,Studio,LP
Vashti Bunyan,Where I Like To Stand,Just Another Diamond Day,Folk-Rock,1970,UK; England,320k,mp3,2:21,Studio,LP
Vashti Bunyan,Swallow Song,Just Another Diamond Day,Folk-Rock,1970,UK; England,320k,mp3,2:16,Studio,LP
Vashti Bunyan,Window Over The Bay,Just Another Diamond Day,Folk-Rock,1970,UK; England,320k,mp3,1:47,Studio,LP
Vashti Bunyan,Rose Hip November,Just Another Diamond Day,Folk-Rock,1970,UK; England,320k,mp3,2:27,Studio,LP
Vashti Bunyan,Come Wind Come Rain,Just Another Diamond Day,Folk-Rock,1970,UK; England,320k,mp3,2:07,Studio,LP
Vashti Bunyan,Hebridean Sun,Just Another Diamond Day,Folk-Rock,1970,UK; England,320k,mp3,1:13,Studio,LP
Vashti Bunyan,Rainbow River,Just Another Diamond Day,Folk-Rock,1970,UK; England,320k,mp3,3:22,Studio,LP
Vashti Bunyan,Trawlerman's Song,Just Another Diamond Day,Folk-Rock,1970,UK; England,320k,mp3,1:56,Studio,LP
Vashti Bunyan,Jog Along Bess,Just Another Diamond Day,Folk-Rock,1970,UK; England,320k,mp3,3:36,Studio,LP
Vashti Bunyan,Iris's Song For Us,Just Another Diamond Day,Folk-Rock,1970,UK; England,320k,mp3,1:33,Studio,LP
Vashti Bunyan,Love Song (extra track),Just Another Diamond Day,Folk-Rock,1970,UK; England,320k,mp3,1:58,Studio,LP
Vashti Bunyan,I'd Like To Walk Around In Your Mind (extra track),Just Another Diamond Day,Folk-Rock,1970,UK; England,320k,mp3,2:15,Studio,LP
Vashti Bunyan,Winter Is Blues (extra track),Just Another Diamond Day,Folk-Rock,1970,UK; England,320k,mp3,1:48,Studio,LP
Vashti Bunyan,Iris's Song Version Two (extra track),Just Another Diamond Day,Folk-Rock,1970,UK; England,320k,mp3,2:31,Studio,LP
Slowdive,Spanish Air,Just for a Day,Dream Pop,1991,UK; England,192k,MP3,6:05,Studio,LP
Slowdive,Celia’s Dream,Just for a Day,Dream Pop,1991,UK; England,192k,MP3,4:12,Studio,LP
Slowdive,Catch the Breeze,Just for a Day,Dream Pop,1991,UK; England,192k,MP3,4:21,Studio,LP
Slowdive,Ballad of Sister Sue,Just for a Day,Dream Pop,1991,UK; England,192k,MP3,4:34,Studio,LP
Slowdive,Erik’s Song,Just for a Day,Dream Pop,1991,UK; England,192k,MP3,4:26,Studio,LP
Slowdive,Waves,Just for a Day,Dream Pop,1991,UK; England,192k,MP3,5:53,Studio,LP
Slowdive,Brighter,Just for a Day,Dream Pop,1991,UK; England,192k,MP3,3:49,Studio,LP
Slowdive,The Sadman,Just for a Day,Dream Pop,1991,UK; England,192k,MP3,4:46,Studio,LP
Slowdive,Primal,Just for a Day,Dream Pop,1991,UK; England,192k,MP3,5:28,Studio,LP
Various Artists,Still Space,"Kankyō Ongaku: Japanese Ambient, Environmental & New Age Music 1980–1990",Ambient,2019,Japan,442k,flac,3:59,Studio,LP
Various Artists,Glass Chattering,"Kankyō Ongaku: Japanese Ambient, Environmental & New Age Music 1980–1990",Ambient,2019,Japan,522k,flac,5:56,Studio,LP
Various Artists,Nemureru Yoru (karaoke version),"Kankyō Ongaku: Japanese Ambient, Environmental & New Age Music 1980–1990",Ambient,2019,Japan,587k,flac,6:25,Studio,LP
Various Artists,Islander,"Kankyō Ongaku: Japanese Ambient, Environmental & New Age Music 1980–1990",Ambient,2019,Japan,552k,flac,5:12,Studio,LP
Various Artists,Ear Dreamin’,"Kankyō Ongaku: Japanese Ambient, Environmental & New Age Music 1980–1990",Ambient,2019,Japan,749k,flac,4:45,Studio,LP
Various Artists,Variation・III,"Kankyō Ongaku: Japanese Ambient, Environmental & New Age Music 1980–1990",Ambient,2019,Japan,664k,flac,3:35,Studio,LP
Various Artists,Park,"Kankyō Ongaku: Japanese Ambient, Environmental & New Age Music 1980–1990",Ambient,2019,Japan,621k,flac,4:05,Studio,LP
Various Artists,Nube,"Kankyō Ongaku: Japanese Ambient, Environmental & New Age Music 1980–1990",Ambient,2019,Japan,534k,flac,2:14,Studio,LP
Various Artists,Meet Me in the Sheep Meadow,"Kankyō Ongaku: Japanese Ambient, Environmental & New Age Music 1980–1990",Ambient,2019,Japan,436k,flac,3:25,Studio,LP
Various Artists,Ishiura (abridged),"Kankyō Ongaku: Japanese Ambient, Environmental & New Age Music 1980–1990",Ambient,2019,Japan,534k,flac,5:13,Studio,LP
Various Artists,Tomoshibi (abridged),"Kankyō Ongaku: Japanese Ambient, Environmental & New Age Music 1980–1990",Ambient,2019,Japan,563k,flac,2:36,Studio,LP
Various Artists,Chaconne,"Kankyō Ongaku: Japanese Ambient, Environmental & New Age Music 1980–1990",Ambient,2019,Japan,748k,flac,4:28,Studio,LP
Various Artists,Seiko 3,"Kankyō Ongaku: Japanese Ambient, Environmental & New Age Music 1980–1990",Ambient,2019,Japan,711k,flac,1:19,Studio,LP
Various Artists,Apple Star,"Kankyō Ongaku: Japanese Ambient, Environmental & New Age Music 1980–1990",Ambient,2019,Japan,877k,flac,6:00,Studio,LP
Various Artists,Blink,"Kankyō Ongaku: Japanese Ambient, Environmental & New Age Music 1980–1990",Ambient,2019,Japan,591k,flac,4:44,Studio,LP
Various Artists,See the Light (abridged),"Kankyō Ongaku: Japanese Ambient, Environmental & New Age Music 1980–1990",Ambient,2019,Japan,475k,flac,6:50,Studio,LP
Various Artists,"Praying for Mother / Earth, Part 1","Kankyō Ongaku: Japanese Ambient, Environmental & New Age Music 1980–1990",Ambient,2019,Japan,680k,flac,4:13,Studio,LP
Various Artists,Breathing New Life,"Kankyō Ongaku: Japanese Ambient, Environmental & New Age Music 1980–1990",Ambient,2019,Japan,760k,flac,4:56,Studio,LP
Various Artists,Snow,"Kankyō Ongaku: Japanese Ambient, Environmental & New Age Music 1980–1990",Ambient,2019,Japan,539k,flac,4:59,Studio,LP
Various Artists,Loom,"Kankyō Ongaku: Japanese Ambient, Environmental & New Age Music 1980–1990",Ambient,2019,Japan,537k,flac,5:23,Studio,LP
Various Artists,A Dream Sails Out to Sea - Scene 3,"Kankyō Ongaku: Japanese Ambient, Environmental & New Age Music 1980–1990",Ambient,2019,Japan,632k,flac,6:47,Studio,LP
Various Artists,Umi no Sunatsubu,"Kankyō Ongaku: Japanese Ambient, Environmental & New Age Music 1980–1990",Ambient,2019,Japan,513k,flac,1:12,Studio,LP
Various Artists,Original BGM,"Kankyō Ongaku: Japanese Ambient, Environmental & New Age Music 1980–1990",Ambient,2019,Japan,447k,flac,15:55,Studio,LP
Pharoah Sanders,The Creator Has a Master Plan,Karma,Spiritual Jazz; Avant-Garde Jazz,1969,USA,969k,flac,32:47,Studio,LP
Pharoah Sanders,Colors,Karma,Spiritual Jazz; Avant-Garde Jazz,1969,USA,900k,flac,5:37,Studio,LP
Preoccupations,Key,Key / Off Duty Trip,Post-Punk,2016,USA,256k,mp3,4:33,Studio,Single
Preoccupations,Off Duty Trip,Key / Off Duty Trip,Post-Punk,2016,USA,256k,mp3,3:33,Studio,Single
Zoo,Agakana,Khawagaka,Javanese Tribal Rock,2019,Indonesia,320k,mp3,0:19,Studio,LP
Zoo,Gasyila,Khawagaka,Javanese Tribal Rock,2019,Indonesia,320k,mp3,3:47,Studio,LP
Zoo,Ahr-Taba,Khawagaka,Javanese Tribal Rock,2019,Indonesia,320k,mp3,4:08,Studio,LP
Zoo,Sakhsyala,Khawagaka,Javanese Tribal Rock,2019,Indonesia,320k,mp3,2:38,Studio,LP
Zoo,Khasukila,Khawagaka,Javanese Tribal Rock,2019,Indonesia,320k,mp3,3:15,Studio,LP
Zoo,Nara,Khawagaka,Javanese Tribal Rock,2019,Indonesia,320k,mp3,0:28,Studio,LP
Zoo,Hegamila,Khawagaka,Javanese Tribal Rock,2019,Indonesia,320k,mp3,3:34,Studio,LP
Zoo,Akhsyaha,Khawagaka,Javanese Tribal Rock,2019,Indonesia,320k,mp3,1:33,Studio,LP
Zoo,Akhmaka,Khawagaka,Javanese Tribal Rock,2019,Indonesia,320k,mp3,6:37,Studio,LP
Zoo,Usadana,Khawagaka,Javanese Tribal Rock,2019,Indonesia,320k,mp3,3:12,Studio,LP
Zoo,Khawagaka,Khawagaka,Javanese Tribal Rock,2019,Indonesia,320k,mp3,5:29,Studio,LP
MKWAJU ensemble,Wood Dance,KI‐Motion,Ambient,1981,Japan,320k,mp3,7:24,Studio,LP
MKWAJU ensemble,Maximum α,KI‐Motion,Ambient,1981,Japan,320k,mp3,7:13,Studio,LP
MKWAJU ensemble,KI‐Motion,KI‐Motion,Ambient,1981,Japan,320k,mp3,6:33,Studio,LP
MKWAJU ensemble,Angwora Steps,KI‐Motion,Ambient,1981,Japan,320k,mp3,6:44,Studio,LP
MKWAJU ensemble,Hot Air,KI‐Motion,Ambient,1981,Japan,320k,mp3,8:19,Studio,LP
MKWAJU ensemble,Zindo Zindo,KI‐Motion,Ambient,1981,Japan,320k,mp3,6:56,Studio,LP
Radiohead,Everything In Its Right Place,Kid A,Art Rock; Electronic,2000,UK; England,320k,mp3,4:11,Studio,LP
Radiohead,Kid A,Kid A,Art Rock; Electronic,2000,UK; England,320k,mp3,4:44,Studio,LP
Radiohead,The National Anthem,Kid A,Art Rock; Electronic,2000,UK; England,320k,mp3,5:51,Studio,LP
Radiohead,How to Disappear Completely (And Never Be Found Again),Kid A,Art Rock; Electronic,2000,UK; England,320k,mp3,5:56,Studio,LP
Radiohead,Treefingers,Kid A,Art Rock; Electronic,2000,UK; England,320k,mp3,3:42,Studio,LP
Radiohead,Optimistic,Kid A,Art Rock; Electronic,2000,UK; England,320k,mp3,5:16,Studio,LP
Radiohead,In Limbo,Kid A,Art Rock; Electronic,2000,UK; England,320k,mp3,3:31,Studio,LP
Radiohead,Idioteque,Kid A,Art Rock; Electronic,2000,UK; England,320k,mp3,5:09,Studio,LP
Radiohead,Morning Bell,Kid A,Art Rock; Electronic,2000,UK; England,320k,mp3,4:35,Studio,LP
Radiohead,Motion Picture Soundtrack,Kid A,Art Rock; Electronic,2000,UK; England,320k,mp3,7:01,Studio,LP
Radiohead,Like Spinning Plates ('Why Us?' Version),KID A MNESIA,Art Rock; Experimental Rock; Electronic; Post-Rock,2021,UK; England,320k,mp3,5:04,Studio,LP
Radiohead,Untitled v1,KID A MNESIA,Art Rock; Experimental Rock; Electronic; Post-Rock,2021,UK; England,320k,mp3,1:48,Studio,LP
Radiohead,Fog (Again Again Version),KID A MNESIA,Art Rock; Experimental Rock; Electronic; Post-Rock,2021,UK; England,320k,mp3,2:25,Studio,LP
Radiohead,If You Say the Word,KID A MNESIA,Art Rock; Experimental Rock; Electronic; Post-Rock,2021,UK; England,320k,mp3,4:20,Studio,LP
Radiohead,Follow Me Around,KID A MNESIA,Art Rock; Experimental Rock; Electronic; Post-Rock,2021,UK; England,320k,mp3,5:19,Studio,LP
Radiohead,"Pulk, Pull (True Love Waits Version)",KID A MNESIA,Art Rock; Experimental Rock; Electronic; Post-Rock,2021,UK; England,320k,mp3,2:46,Studio,LP
Radiohead,Untitled v2,KID A MNESIA,Art Rock; Experimental Rock; Electronic; Post-Rock,2021,UK; England,320k,mp3,0:46,Studio,LP
Radiohead,The Morning Bell (In the Dark Version),KID A MNESIA,Art Rock; Experimental Rock; Electronic; Post-Rock,2021,UK; England,320k,mp3,2:00,Studio,LP
Radiohead,Pyramid Strings,KID A MNESIA,Art Rock; Experimental Rock; Electronic; Post-Rock,2021,UK; England,320k,mp3,1:18,Studio,LP
Radiohead,Alt. Fast Track,KID A MNESIA,Art Rock; Experimental Rock; Electronic; Post-Rock,2021,UK; England,320k,mp3,1:32,Studio,LP
Radiohead,Untitled v3,KID A MNESIA,Art Rock; Experimental Rock; Electronic; Post-Rock,2021,UK; England,320k,mp3,1:16,Studio,LP
Radiohead,How to Disappear into Strings,KID A MNESIA,Art Rock; Experimental Rock; Electronic; Post-Rock,2021,UK; England,320k,mp3,5:32,Studio,LP
Kikuo,学校に行った日のこと / The day I went to school,Kikuo Miku 6,Art Pop; Progressive Pop; Dark Cabaret,2019,Japan,616k,flac,0:20,Studio,LP
Kikuo,あなぐらぐらし / Hole Dwelling,Kikuo Miku 6,Art Pop; Progressive Pop; Dark Cabaret,2019,Japan,884k,flac,6:05,Studio,LP
Kikuo,猫の食卓 / Cat's Dining Table,Kikuo Miku 6,Art Pop; Progressive Pop; Dark Cabaret,2019,Japan,994k,flac,4:31,Studio,LP
Kikuo,バツ猫 / XxX Cat,Kikuo Miku 6,Art Pop; Progressive Pop; Dark Cabaret,2019,Japan,1006k,flac,3:29,Studio,LP
Kikuo,愛を探して / Searching for your love,Kikuo Miku 6,Art Pop; Progressive Pop; Dark Cabaret,2019,Japan,937k,flac,4:33,Studio,LP
Kikuo,わたあめ / Cotton Candy,Kikuo Miku 6,Art Pop; Progressive Pop; Dark Cabaret,2019,Japan,888k,flac,4:03,Studio,LP
Kikuo,闇祭 / Festival of the Dark,Kikuo Miku 6,Art Pop; Progressive Pop; Dark Cabaret,2019,Japan,929k,flac,3:42,Studio,LP
Kikuo,とんねる大冒険 / Tunnel Adventure,Kikuo Miku 6,Art Pop; Progressive Pop; Dark Cabaret,2019,Japan,936k,flac,4:03,Studio,LP
Kikuo,"昨日はすべて返される / Yesterday, Everything Returns",Kikuo Miku 6,Art Pop; Progressive Pop; Dark Cabaret,2019,Japan,935k,flac,3:31,Studio,LP
Kikuo,夏の雨の日の思い出 / Memories of the Rainy Summer Day,Kikuo Miku 6,Art Pop; Progressive Pop; Dark Cabaret,2019,Japan,812k,flac,4:20,Studio,LP
Kikuo,舞台性ナニカ (Vocaloid ver.) / Histrionic,Kikuo Miku 6,Art Pop; Progressive Pop; Dark Cabaret,2019,Japan,952k,flac,5:01,Studio,LP
Kikuo,学校を休んだ日のこと / The day I was away from school,Kikuo Miku 6,Art Pop; Progressive Pop; Dark Cabaret,2019,Japan,797k,flac,4:03,Studio,LP
Lowercase,She Takes Me,Kill the Lights,Post-Hardcore,1997,USA,320k,mp3,5:21,Studio,LP
Lowercase,Slightly Dazed,Kill the Lights,Post-Hardcore,1997,USA,320k,mp3,7:57,Studio,LP
Lowercase,Severance Denied,Kill the Lights,Post-Hardcore,1997,USA,320k,mp3,3:05,Studio,LP
Lowercase,Neurasthenia,Kill the Lights,Post-Hardcore,1997,USA,320k,mp3,6:07,Studio,LP
Lowercase,Stairways,Kill the Lights,Post-Hardcore,1997,USA,320k,mp3,1:54,Studio,LP
Lowercase,Rare Anger,Kill the Lights,Post-Hardcore,1997,USA,320k,mp3,8:45,Studio,LP
Lowercase,You're a King,Kill the Lights,Post-Hardcore,1997,USA,320k,mp3,12:03,Studio,LP
Miles Davis,So What,Kind Of Blue,Modal Jazz; Cool Jazz,1959,USA,845k,flac,9:21,Studio,LP
Miles Davis,Freddie Freeloader,Kind Of Blue,Modal Jazz; Cool Jazz,1959,USA,899k,flac,9:48,Studio,LP
Miles Davis,Blue in Green,Kind Of Blue,Modal Jazz; Cool Jazz,1959,USA,751k,flac,5:35,Studio,LP
Miles Davis,All Blues,Kind Of Blue,Modal Jazz; Cool Jazz,1959,USA,953k,flac,11:32,Studio,LP
Miles Davis,Flamenco Sketches,Kind Of Blue,Modal Jazz; Cool Jazz,1959,USA,765k,flac,9:21,Studio,LP
The Crimson Jazz Trio,21st Century Schizoid Man,"King Crimson Songbook, Volume 1",Contemporary Jazz,2005,UK; England,128k,mp3,6:53,Studio,LP
The Crimson Jazz Trio,Three of a Perfect Pair,"King Crimson Songbook, Volume 1",Contemporary Jazz,2005,UK; England,128k,mp3,6:11,Studio,LP
The Crimson Jazz Trio,Catfood,"King Crimson Songbook, Volume 1",Contemporary Jazz,2005,UK; England,128k,mp3,6:19,Studio,LP
The Crimson Jazz Trio,Starless,"King Crimson Songbook, Volume 1",Contemporary Jazz,2005,UK; England,128k,mp3,10:40,Studio,LP
The Crimson Jazz Trio,Ladies of the Road,"King Crimson Songbook, Volume 1",Contemporary Jazz,2005,UK; England,128k,mp3,6:44,Studio,LP
The Crimson Jazz Trio,I Talk to the Wind,"King Crimson Songbook, Volume 1",Contemporary Jazz,2005,UK; England,128k,mp3,9:56,Studio,LP
The Crimson Jazz Trio,Red,"King Crimson Songbook, Volume 1",Contemporary Jazz,2005,UK; England,128k,mp3,5:59,Studio,LP
The Crimson Jazz Trio,Matte Kudasai,"King Crimson Songbook, Volume 1",Contemporary Jazz,2005,UK; England,128k,mp3,9:07,Studio,LP
Radiohead,Knives Out,Knives Out,Art Rock,2001,UK; England,320k,mp3,4:14,Studio,Single
Radiohead,Cuttooth,Knives Out,Art Rock,2001,UK; England,320k,mp3,5:23,Studio,Single
Radiohead,Life In A Glasshouse (Full Length Version),Knives Out,Art Rock,2001,UK; England,320k,mp3,5:08,Studio,Single
Radiohead,Worrywort,Knives Out,Art Rock,2001,UK; England,320k,mp3,4:37,Studio,Single
Radiohead,Fog,Knives Out,Art Rock,2001,UK; England,320k,mp3,4:04,Studio,Single
Lily Chou‐Chou,Arabesque,Kokyuu,Dream Pop,2001,Japan,192k VBR,ogg,5:50,Studio,LP
Lily Chou‐Chou,Ai no jikken,Kokyuu,Dream Pop,2001,Japan,192k VBR,ogg,5:26,Studio,LP
Lily Chou‐Chou,Erotic,Kokyuu,Dream Pop,2001,Japan,192k VBR,ogg,4:47,Studio,LP
Lily Chou‐Chou,Hikousen,Kokyuu,Dream Pop,2001,Japan,192k VBR,ogg,3:06,Studio,LP
Lily Chou‐Chou,Kaifuku suru kizu,Kokyuu,Dream Pop,2001,Japan,192k VBR,ogg,3:03,Studio,LP
Lily Chou‐Chou,Houwa,Kokyuu,Dream Pop,2001,Japan,192k VBR,ogg,3:52,Studio,LP
Lily Chou‐Chou,Tobenai tsubasa,Kokyuu,Dream Pop,2001,Japan,192k VBR,ogg,4:47,Studio,LP
Lily Chou‐Chou,Kyoumei (kuukyo na ishi),Kokyuu,Dream Pop,2001,Japan,192k VBR,ogg,4:22,Studio,LP
Lily Chou‐Chou,Glide,Kokyuu,Dream Pop,2001,Japan,192k VBR,ogg,3:40,Studio,LP
Sigur Rós,Brennisteinn,Kveikur,Indie Rock,2013,Iceland,320k,mp3,7:44,Studio,LP
Sigur Rós,Hrafntinna,Kveikur,Indie Rock,2013,Iceland,320k,mp3,6:22,Studio,LP
Sigur Rós,Isjaki,Kveikur,Indie Rock,2013,Iceland,320k,mp3,5:03,Studio,LP
Sigur Rós,Yfirbord,Kveikur,Indie Rock,2013,Iceland,320k,mp3,4:19,Studio,LP
Sigur Rós,Stormur,Kveikur,Indie Rock,2013,Iceland,320k,mp3,4:55,Studio,LP
Sigur Rós,Kveikur,Kveikur,Indie Rock,2013,Iceland,320k,mp3,5:55,Studio,LP
Sigur Rós,Rafstraumur,Kveikur,Indie Rock,2013,Iceland,320k,mp3,4:57,Studio,LP
Sigur Rós,Bláprádur,Kveikur,Indie Rock,2013,Iceland,320k,mp3,5:11,Studio,LP
Sigur Rós,Var,Kveikur,Indie Rock,2013,Iceland,320k,mp3,3:43,Studio,LP
Spiritualized,Ladies and Gentlemen We Are Floating in Space,Ladies and Gentlemen We Are Floating in Space,Space Rock Revival; Neo-Psychedelia; Art Rock,1997,UK; England,878k,flac,3:54,Studio,LP
Spiritualized,Come Together,Ladies and Gentlemen We Are Floating in Space,Space Rock Revival; Neo-Psychedelia; Art Rock,1997,UK; England,1036k,flac,4:40,Studio,LP
Spiritualized,I Think I’m in Love,Ladies and Gentlemen We Are Floating in Space,Space Rock Revival; Neo-Psychedelia; Art Rock,1997,UK; England,989k,flac,8:10,Studio,LP
Spiritualized,All of My Thoughts,Ladies and Gentlemen We Are Floating in Space,Space Rock Revival; Neo-Psychedelia; Art Rock,1997,UK; England,857k,flac,4:36,Studio,LP
Spiritualized,Stay With Me,Ladies and Gentlemen We Are Floating in Space,Space Rock Revival; Neo-Psychedelia; Art Rock,1997,UK; England,821k,flac,5:08,Studio,LP
Spiritualized,Electricity,Ladies and Gentlemen We Are Floating in Space,Space Rock Revival; Neo-Psychedelia; Art Rock,1997,UK; England,1053k,flac,3:46,Studio,LP
Spiritualized,Home of the Brave,Ladies and Gentlemen We Are Floating in Space,Space Rock Revival; Neo-Psychedelia; Art Rock,1997,UK; England,849k,flac,2:36,Studio,LP
Spiritualized,The Individual,Ladies and Gentlemen We Are Floating in Space,Space Rock Revival; Neo-Psychedelia; Art Rock,1997,UK; England,843k,flac,4:02,Studio,LP
Spiritualized,Broken Heart,Ladies and Gentlemen We Are Floating in Space,Space Rock Revival; Neo-Psychedelia; Art Rock,1997,UK; England,762k,flac,6:38,Studio,LP
Spiritualized,No God Only Religion,Ladies and Gentlemen We Are Floating in Space,Space Rock Revival; Neo-Psychedelia; Art Rock,1997,UK; England,949k,flac,4:21,Studio,LP
Spiritualized,Cool Waves,Ladies and Gentlemen We Are Floating in Space,Space Rock Revival; Neo-Psychedelia; Art Rock,1997,UK; England,848k,flac,5:06,Studio,LP
Spiritualized,Cop Shoot Cop…,Ladies and Gentlemen We Are Floating in Space,Space Rock Revival; Neo-Psychedelia; Art Rock,1997,UK; England,883k,flac,17:00,Studio,LP
Sun Ra,Lanquidity,Lanquidity,Jazz Fusion; Avant-Garde Jazz,1978,USA,229k VBR,mp3,8:21,Studio,LP
Sun Ra,Where Pathways Meet,Lanquidity,Jazz Fusion; Avant-Garde Jazz,1978,USA,252k VBR,mp3,6:32,Studio,LP
Sun Ra,That's How I Feel,Lanquidity,Jazz Fusion; Avant-Garde Jazz,1978,USA,241k VBR,mp3,8:05,Studio,LP
Sun Ra,Twin Stars of Thence,Lanquidity,Jazz Fusion; Avant-Garde Jazz,1978,USA,248k VBR,mp3,9:34,Studio,LP
Sun Ra,There Are Other Worlds (They Have Not Told You Of),Lanquidity,Jazz Fusion; Avant-Garde Jazz,1978,USA,233k VBR,mp3,10:57,Studio,LP
King Crimson,Larks' Tongues in Aspic (Part One),Larks' Tongues in Aspic,Progressive Rock; Avant-Prog,1973,UK; England,320k,mp3,13:34,Studio,LP
King Crimson,Book of Saturday,Larks' Tongues in Aspic,Progressive Rock; Avant-Prog,1973,UK; England,320k,mp3,2:56,Studio,LP
King Crimson,Exiles,Larks' Tongues in Aspic,Progressive Rock; Avant-Prog,1973,UK; England,320k,mp3,7:40,Studio,LP
King Crimson,Easy Money,Larks' Tongues in Aspic,Progressive Rock; Avant-Prog,1973,UK; England,320k,mp3,7:41,Studio,LP
King Crimson,The Talking Drum,Larks' Tongues in Aspic,Progressive Rock; Avant-Prog,1973,UK; England,320k,mp3,9:29,Studio,LP
King Crimson,Lark's Tongues in Aspic (Part Two),Larks' Tongues in Aspic,Progressive Rock; Avant-Prog,1973,UK; England,320k,mp3,5:23,Studio,LP
Talk Talk,Myrrhman,Laughing Stock,Art Rock,1991,UK; England,536k,flac,5:33,Studio,LP
Talk Talk,Ascension Day,Laughing Stock,Art Rock,1991,UK; England,880k,flac,6:00,Studio,LP
Talk Talk,After The Flood,Laughing Stock,Art Rock,1991,UK; England,808k,flac,9:26,Studio,LP
Talk Talk,Taphead,Laughing Stock,Art Rock,1991,UK; England,569k,flac,7:01,Studio,LP
Talk Talk,New Grass,Laughing Stock,Art Rock,1991,UK; England,787k,flac,9:46,Studio,LP
Talk Talk,Runeii,Laughing Stock,Art Rock,1991,UK; England,472k,flac,4:58,Studio,LP
L. Subramaniam,Raga mohanam - Alâpana,Le violon de l'Inde du Sud,Carnatic Classical Music,1988,India,320k,mp3,18:58,Studio,LP
L. Subramaniam,Raga kirvani - Râgam,Le violon de l'Inde du Sud,Carnatic Classical Music,1988,India,320k,mp3,8:33,Studio,LP
L. Subramaniam,Raga kirvani - Tânam,Le violon de l'Inde du Sud,Carnatic Classical Music,1988,India,320k,mp3,7:15,Studio,LP
L. Subramaniam,Raga kirvani - Pallavî,Le violon de l'Inde du Sud,Carnatic Classical Music,1988,India,320k,mp3,11:26,Studio,LP
L. Subramaniam,"Raga kirvani - Râgamâlika - Vasanta-priyâ, khadyota-kânti",Le violon de l'Inde du Sud,Carnatic Classical Music,1988,India,320k,mp3,13:35,Studio,LP
Unwound,We Invent You,Leaves Turn Inside You,Indie Rock,2001,USA,246k VBR,mp3,5:52,Studio,LP
Unwound,Look A Ghost,Leaves Turn Inside You,Indie Rock,2001,USA,258k VBR,mp3,3:04,Studio,LP
Unwound,December,Leaves Turn Inside You,Indie Rock,2001,USA,277k VBR,mp3,4:03,Studio,LP
Unwound,Treachery,Leaves Turn Inside You,Indie Rock,2001,USA,254k VBR,mp3,4:17,Studio,LP
Unwound,Terminus,Leaves Turn Inside You,Indie Rock,2001,USA,251k VBR,mp3,9:40,Studio,LP
Unwound,Demons Sing Love Songs,Leaves Turn Inside You,Indie Rock,2001,USA,248k VBR,mp3,4:03,Studio,LP
Unwound,Off This Century,Leaves Turn Inside You,Indie Rock,2001,USA,289k VBR,mp3,5:30,Studio,LP
Unwound,One Lick Less,Leaves Turn Inside You,Indie Rock,2001,USA,247k VBR,mp3,5:41,Studio,LP
Unwound,Scarlette,Leaves Turn Inside You,Indie Rock,2001,USA,246k VBR,mp3,4:44,Studio,LP
Unwound,October All Over,Leaves Turn Inside You,Indie Rock,2001,USA,266k VBR,mp3,4:59,Studio,LP
Unwound,Summer Freeze,Leaves Turn Inside You,Indie Rock,2001,USA,271k VBR,mp3,5:36,Studio,LP
Unwound,Radio Gra,Leaves Turn Inside You,Indie Rock,2001,USA,248k VBR,mp3,5:56,Studio,LP
Unwound,Below The Salt,Leaves Turn Inside You,Indie Rock,2001,USA,248k VBR,mp3,10:39,Studio,LP
Unwound,Who Cares,Leaves Turn Inside You,Indie Rock,2001,USA,257k VBR,mp3,2:41,Studio,LP
Art Ensemble of Chicago,Thème de Yoyo,Les Stances à Sophie,Contemporary Jazz,1970,USA,320k,mp3,9:10,Studio,LP
Art Ensemble of Chicago,Thème de Céline,Les Stances à Sophie,Contemporary Jazz,1970,USA,320k,mp3,3:04,Studio,LP
Art Ensemble of Chicago,Variations sur un thème de Monteverdi (i),Les Stances à Sophie,Contemporary Jazz,1970,USA,320k,mp3,3:03,Studio,LP
Art Ensemble of Chicago,Variations sur un thème de Monteverdi (ii),Les Stances à Sophie,Contemporary Jazz,1970,USA,320k,mp3,1:50,Studio,LP
Art Ensemble of Chicago,Proverbes (i),Les Stances à Sophie,Contemporary Jazz,1970,USA,320k,mp3,2:38,Studio,LP
Art Ensemble of Chicago,Thème amour universal,Les Stances à Sophie,Contemporary Jazz,1970,USA,320k,mp3,3:51,Studio,LP
Art Ensemble of Chicago,Thème Libre,Les Stances à Sophie,Contemporary Jazz,1970,USA,320k,mp3,8:49,Studio,LP
Art Ensemble of Chicago,Proverbes (ii),Les Stances à Sophie,Contemporary Jazz,1970,USA,320k,mp3,1:22,Studio,LP
The Beatles,Two of Us,Let It Be,Pop Rock,1970,UK; England,320k,mp3,3:36,Studio,LP
The Beatles,Dig a Pony,Let It Be,Pop Rock,1970,UK; England,320k,mp3,3:54,Studio,LP
The Beatles,Across the Universe,Let It Be,Pop Rock,1970,UK; England,320k,mp3,3:48,Studio,LP
The Beatles,I Me Mine,Let It Be,Pop Rock,1970,UK; England,320k,mp3,2:25,Studio,LP
The Beatles,Dig It,Let It Be,Pop Rock,1970,UK; England,320k,mp3,0:50,Studio,LP
The Beatles,Let It Be,Let It Be,Pop Rock,1970,UK; England,320k,mp3,4:03,Studio,LP
The Beatles,Maggie Mae,Let It Be,Pop Rock,1970,UK; England,320k,mp3,0:40,Studio,LP
The Beatles,I’ve Got a Feeling,Let It Be,Pop Rock,1970,UK; England,320k,mp3,3:37,Studio,LP
The Beatles,One After 909,Let It Be,Pop Rock,1970,UK; England,320k,mp3,2:54,Studio,LP
The Beatles,The Long and Winding Road,Let It Be,Pop Rock,1970,UK; England,320k,mp3,3:37,Studio,LP
The Beatles,For You Blue,Let It Be,Pop Rock,1970,UK; England,320k,mp3,2:32,Studio,LP
The Beatles,Get Back,Let It Be,Pop Rock,1970,UK; England,320k,mp3,3:08,Studio,LP
The Beatles,Get Back,Let It Be... Naked,Pop Rock,2003,UK; England,320k,mp3,2:34,Studio,LP
The Beatles,Dig A Pony,Let It Be... Naked,Pop Rock,2003,UK; England,320k,mp3,3:38,Studio,LP
The Beatles,For You Blue,Let It Be... Naked,Pop Rock,2003,UK; England,320k,mp3,2:27,Studio,LP
The Beatles,The Long And Winding Road,Let It Be... Naked,Pop Rock,2003,UK; England,320k,mp3,3:34,Studio,LP
The Beatles,Two Of Us,Let It Be... Naked,Pop Rock,2003,UK; England,320k,mp3,3:21,Studio,LP
The Beatles,I've Got A Feeling,Let It Be... Naked,Pop Rock,2003,UK; England,320k,mp3,3:30,Studio,LP
The Beatles,One After 909,Let It Be... Naked,Pop Rock,2003,UK; England,320k,mp3,2:44,Studio,LP
The Beatles,Don't Let Me Down,Let It Be... Naked,Pop Rock,2003,UK; England,320k,mp3,3:18,Studio,LP
The Beatles,I Me Mine,Let It Be... Naked,Pop Rock,2003,UK; England,320k,mp3,2:21,Studio,LP
The Beatles,Across The Universe,Let It Be... Naked,Pop Rock,2003,UK; England,320k,mp3,3:38,Studio,LP
The Beatles,Let It Be,Let It Be... Naked,Pop Rock,2003,UK; England,320k,mp3,3:54,Studio,LP
Charles Mingus,The Shoes of the Fisherman’s Wife Are Some Jive Ass Slippers,Let My Children Hear Music,Third Stream; Experimental Big Band,1972,USA,320k,mp3,9:38,Studio,LP
Charles Mingus,Adagio ma non troppo,Let My Children Hear Music,Third Stream; Experimental Big Band,1972,USA,320k,mp3,8:27,Studio,LP
Charles Mingus,"Don’t Be Afraid, the Clown’s Afraid Too",Let My Children Hear Music,Third Stream; Experimental Big Band,1972,USA,320k,mp3,9:29,Studio,LP
Charles Mingus,Taurus in the Arena of Life,Let My Children Hear Music,Third Stream; Experimental Big Band,1972,USA,320k,mp3,4:21,Studio,LP
Charles Mingus,Hobo Ho,Let My Children Hear Music,Third Stream; Experimental Big Band,1972,USA,320k,mp3,10:11,Studio,LP
Charles Mingus,The Chill of Death,Let My Children Hear Music,Third Stream; Experimental Big Band,1972,USA,320k,mp3,7:41,Studio,LP
Charles Mingus,The I of Hurricane Sue,Let My Children Hear Music,Third Stream; Experimental Big Band,1972,USA,320k,mp3,10:09,Studio,LP
Godspeed You! Black Emperor,Storm,Lift Your Skinny Fists Like Antennas to Heaven,Post-Rock,2000,Canada,800k,flac,22:32,Studio,LP
Godspeed You! Black Emperor,Static,Lift Your Skinny Fists Like Antennas to Heaven,Post-Rock,2000,Canada,710k,flac,22:35,Studio,LP
Godspeed You! Black Emperor,Sleep,Lift Your Skinny Fists Like Antennas to Heaven,Post-Rock,2000,Canada,785k,flac,23:17,Studio,LP
Godspeed You! Black Emperor,Like Antennas To Heaven…,Lift Your Skinny Fists Like Antennas to Heaven,Post-Rock,2000,Canada,702k,flac,18:57,Studio,LP
the Microphones,I'm Like You Tree,Little Bird Flies Into A Big Black Cloud,Indie,2002,USA,731k,flac,1:42,Studio,LP
the Microphones,I Show You Myself As A Fruit Tree,Little Bird Flies Into A Big Black Cloud,Indie,2002,USA,738k,flac,3:46,Studio,LP
the Microphones,I Was Afraid All of the Day,Little Bird Flies Into A Big Black Cloud,Indie,2002,USA,738k,flac,2:45,Studio,LP
the Microphones,Underlying Tone of Threat,Little Bird Flies Into A Big Black Cloud,Indie,2002,USA,677k,flac,2:09,Studio,LP
the Microphones,the Glow pt. 2 sequel,Little Bird Flies Into A Big Black Cloud,Indie,2002,USA,725k,flac,3:26,Studio,LP
the Microphones,I'll Not Contain You (piano),Little Bird Flies Into A Big Black Cloud,Indie,2002,USA,716k,flac,2:18,Studio,LP
the Microphones,Can I Bring This Bloom Inside?,Little Bird Flies Into A Big Black Cloud,Indie,2002,USA,749k,flac,3:43,Studio,LP
the Microphones,Who Would Want To Hear What I Have To Say?,Little Bird Flies Into A Big Black Cloud,Indie,2002,USA,777k,flac,2:06,Studio,LP
the Microphones,We're Here To Listen,Little Bird Flies Into A Big Black Cloud,Indie,2002,USA,800k,flac,3:12,Studio,LP
the Microphones,I Got Stabbed,Little Bird Flies Into A Big Black Cloud,Indie,2002,USA,762k,flac,3:41,Studio,LP
the Microphones,Phil Elvrum's Will,Little Bird Flies Into A Big Black Cloud,Indie,2002,USA,695k,flac,1:14,Studio,LP
the Microphones,Three Steps,Little Bird Flies Into A Big Black Cloud,Indie,2002,USA,643k,flac,1:15,Studio,LP
the Microphones,the Water is Wide,Little Bird Flies Into A Big Black Cloud,Indie,2002,USA,800k,flac,2:38,Studio,LP
the Microphones,I Can See the Glowing Core in You,Little Bird Flies Into A Big Black Cloud,Indie,2002,USA,642k,flac,1:10,Studio,LP
the Microphones,Fist Beats Chest,Little Bird Flies Into A Big Black Cloud,Indie,2002,USA,709k,flac,0:51,Studio,LP
the Microphones,I'd Like A Truce,Little Bird Flies Into A Big Black Cloud,Indie,2002,USA,624k,flac,1:04,Studio,LP
the Microphones,When Traveling I Used To See,Little Bird Flies Into A Big Black Cloud,Indie,2002,USA,625k,flac,0:47,Studio,LP
the Microphones,There's No Invincible Disguise That Lasts All Day,Little Bird Flies Into A Big Black Cloud,Indie,2002,USA,734k,flac,1:36,Studio,LP
John Coltrane,Afro Blue,Live at Birdland,Post-Bop; Modal Jazz; Avant-Garde Jazz,1964,USA,6415k,flac,10:52,Live,LP
John Coltrane,I Want to Talk About You,Live at Birdland,Post-Bop; Modal Jazz; Avant-Garde Jazz,1964,USA,6237k,flac,8:12,Live,LP
John Coltrane,The Promise,Live at Birdland,Post-Bop; Modal Jazz; Avant-Garde Jazz,1964,USA,6338k,flac,8:11,Live,LP
John Coltrane,Alabama,Live at Birdland,Post-Bop; Modal Jazz; Avant-Garde Jazz,1964,USA,6031k,flac,5:11,Live,LP
John Coltrane,Your Lady,Live at Birdland,Post-Bop; Modal Jazz; Avant-Garde Jazz,1964,USA,6478k,flac,6:38,Live,LP
Radiohead,There There,Live At Bonnaroo,Art Rock,2006,UK; England,964k,flac,6:23,Bootleg,LP
Radiohead,2+2=5,Live At Bonnaroo,Art Rock,2006,UK; England,987k,flac,3:52,Bootleg,LP
Radiohead,15 Step,Live At Bonnaroo,Art Rock,2006,UK; England,1000k,flac,4:49,Bootleg,LP
Radiohead,Weird Fishes-Arpeggi,Live At Bonnaroo,Art Rock,2006,UK; England,994k,flac,4:26,Bootleg,LP
Radiohead,Exit Music (For A Film),Live At Bonnaroo,Art Rock,2006,UK; England,843k,flac,4:43,Bootleg,LP
Radiohead,Kid A,Live At Bonnaroo,Art Rock,2006,UK; England,888k,flac,3:47,Bootleg,LP
Radiohead,Dollars And Cents,Live At Bonnaroo,Art Rock,2006,UK; England,1071k,flac,5:17,Bootleg,LP
Radiohead,Videotape,Live At Bonnaroo,Art Rock,2006,UK; England,928k,flac,4:58,Bootleg,LP
Radiohead,No Surprises,Live At Bonnaroo,Art Rock,2006,UK; England,944k,flac,4:15,Bootleg,LP
Radiohead,Paranoid Android,Live At Bonnaroo,Art Rock,2006,UK; England,1064k,flac,6:18,Bootleg,LP
Radiohead,The Gloaming,Live At Bonnaroo,Art Rock,2006,UK; England,1032k,flac,3:42,Bootleg,LP
Radiohead,The National Anthem,Live At Bonnaroo,Art Rock,2006,UK; England,1113k,flac,4:29,Bootleg,LP
Radiohead,Climbing Up The Walls,Live At Bonnaroo,Art Rock,2006,UK; England,970k,flac,4:50,Bootleg,LP
Radiohead,Nude,Live At Bonnaroo,Art Rock,2006,UK; England,886k,flac,4:56,Bootleg,LP
Radiohead,Street Spirit (Fade Out),Live At Bonnaroo,Art Rock,2006,UK; England,996k,flac,4:22,Bootleg,LP
Radiohead,The Bends,Live At Bonnaroo,Art Rock,2006,UK; England,1027k,flac,4:54,Bootleg,LP
Radiohead,Myxomatosis,Live At Bonnaroo,Art Rock,2006,UK; England,1080k,flac,4:02,Bootleg,LP
Radiohead,How To Disappear Completely,Live At Bonnaroo,Art Rock,2006,UK; England,904k,flac,7:46,Bootleg,LP
Radiohead,(Encore Break 1),Live At Bonnaroo,Art Rock,2006,UK; England,674k,flac,0:46,Bootleg,LP
Radiohead,You And Whose Army,Live At Bonnaroo,Art Rock,2006,UK; England,757k,flac,3:30,Bootleg,LP
Radiohead,Pyramid Song,Live At Bonnaroo,Art Rock,2006,UK; England,898k,flac,4:52,Bootleg,LP
Radiohead,Like Spinning Plates,Live At Bonnaroo,Art Rock,2006,UK; England,770k,flac,3:23,Bootleg,LP
Radiohead,Fake Plastic Trees,Live At Bonnaroo,Art Rock,2006,UK; England,904k,flac,5:19,Bootleg,LP
Radiohead,Bodysnatchers,Live At Bonnaroo,Art Rock,2006,UK; England,1012k,flac,5:07,Bootleg,LP
Radiohead,Lucky,Live At Bonnaroo,Art Rock,2006,UK; England,985k,flac,4:21,Bootleg,LP
Radiohead,Idioteque,Live At Bonnaroo,Art Rock,2006,UK; England,1020k,flac,5:00,Bootleg,LP
Radiohead,Karma Police,Live At Bonnaroo,Art Rock,2006,UK; England,988k,flac,5:07,Bootleg,LP
Radiohead,(Encore Break 2),Live At Bonnaroo,Art Rock,2006,UK; England,738k,flac,1:21,Bootleg,LP
Radiohead,House Of Cards,Live At Bonnaroo,Art Rock,2006,UK; England,896k,flac,5:42,Bootleg,LP
Radiohead,Everything In It's Right Place,Live At Bonnaroo,Art Rock,2006,UK; England,950k,flac,8:43,Bootleg,LP
Radiohead,Weird Fishes/Arpeggi (early),Live at Ether Festival,Art Rock,2005,UK; England,96k,mp3,5:07,Bootleg,LP
Big Thief,[Intro],Live at Gunnersbury Park,Indie Rock; Indie Folk,2024,USA,692k,flac,0:40,Bootleg,LP
Big Thief,All Night All Day,Live at Gunnersbury Park,Indie Rock; Indie Folk,2024,USA,622k,flac,4:45,Bootleg,LP
Big Thief,Simulation Swarm,Live at Gunnersbury Park,Indie Rock; Indie Folk,2024,USA,745k,flac,4:36,Bootleg,LP
Big Thief,Flower of Blood,Live at Gunnersbury Park,Indie Rock; Indie Folk,2024,USA,786k,flac,4:59,Bootleg,LP
Big Thief,Vampire Empire,Live at Gunnersbury Park,Indie Rock; Indie Folk,2024,USA,722k,flac,5:06,Bootleg,LP
Big Thief,Not,Live at Gunnersbury Park,Indie Rock; Indie Folk,2024,USA,761k,flac,7:26,Bootleg,LP
Big Thief,Dragon New Warm Mountain I Believe in You,Live at Gunnersbury Park,Indie Rock; Indie Folk,2024,USA,807k,flac,4:53,Bootleg,LP
Big Thief,No Fear,Live at Gunnersbury Park,Indie Rock; Indie Folk,2024,USA,683k,flac,7:47,Bootleg,LP
Big Thief,Words,Live at Gunnersbury Park,Indie Rock; Indie Folk,2024,USA,738k,flac,6:48,Bootleg,LP
Big Thief,Grandmother,Live at Gunnersbury Park,Indie Rock; Indie Folk,2024,USA,792k,flac,10:24,Bootleg,LP
Big Thief,Incomprehensible,Live at Gunnersbury Park,Indie Rock; Indie Folk,2024,USA,664k,flac,4:13,Bootleg,LP
Adrianne Lenker,"hello, i love you & blue lightning",Live at Revolution Hall,Indie Folk,2025,USA,1027k,flac,2:12,Live,LP
Adrianne Lenker,- door & how are you? -,Live at Revolution Hall,Indie Folk,2025,USA,1299k,flac,1:34,Live,LP
Adrianne Lenker,little things (live),Live at Revolution Hall,Indie Folk,2025,USA,986k,flac,4:28,Live,LP
Adrianne Lenker,happiness (live),Live at Revolution Hall,Indie Folk,2025,USA,1027k,flac,3:28,Live,LP
Adrianne Lenker,cut my hair (live),Live at Revolution Hall,Indie Folk,2025,USA,959k,flac,4:01,Live,LP
Adrianne Lenker,time escaping & wild whistling (live),Live at Revolution Hall,Indie Folk,2025,USA,1018k,flac,4:32,Live,LP
Adrianne Lenker,cattails & soundcheck,Live at Revolution Hall,Indie Folk,2025,USA,1079k,flac,3:16,Live,LP
Adrianne Lenker,ruined (check),Live at Revolution Hall,Indie Folk,2025,USA,1131k,flac,3:05,Live,LP
Adrianne Lenker,- nick & josefin -,Live at Revolution Hall,Indie Folk,2025,USA,1367k,flac,1:28,Live,LP
Adrianne Lenker,symbol (live),Live at Revolution Hall,Indie Folk,2025,USA,1154k,flac,3:48,Live,LP
Adrianne Lenker,real house (live),Live at Revolution Hall,Indie Folk,2025,USA,891k,flac,6:52,Live,LP
Adrianne Lenker,indiana & sneezing,Live at Revolution Hall,Indie Folk,2025,USA,1441k,flac,1:32,Live,LP
Adrianne Lenker,- now westlin winds -,Live at Revolution Hall,Indie Folk,2025,USA,1106k,flac,1:52,Live,LP
Adrianne Lenker,i do love you (live),Live at Revolution Hall,Indie Folk,2025,USA,958k,flac,5:08,Live,LP
Adrianne Lenker,- brief message for adrianne -,Live at Revolution Hall,Indie Folk,2025,USA,2239k,flac,0:41,Live,LP
Adrianne Lenker,heavy focus (live),Live at Revolution Hall,Indie Folk,2025,USA,1044k,flac,2:18,Live,LP
Adrianne Lenker,vampire empire (live),Live at Revolution Hall,Indie Folk,2025,USA,1016k,flac,4:41,Live,LP
Adrianne Lenker,"- lady midnight, I'll tape you back together -",Live at Revolution Hall,Indie Folk,2025,USA,1373k,flac,1:15,Live,LP
Adrianne Lenker,born for loving you (live),Live at Revolution Hall,Indie Folk,2025,USA,1014k,flac,4:10,Live,LP
Adrianne Lenker,I will always love you (live),Live at Revolution Hall,Indie Folk,2025,USA,2065k,flac,0:49,Live,LP
Adrianne Lenker,- noah -,Live at Revolution Hall,Indie Folk,2025,USA,3964k,flac,0:17,Live,LP
Adrianne Lenker,spud infinity (live),Live at Revolution Hall,Indie Folk,2025,USA,1081k,flac,4:19,Live,LP
Adrianne Lenker,- oso -,Live at Revolution Hall,Indie Folk,2025,USA,3547k,flac,0:20,Live,LP
Adrianne Lenker,promise is a pendulum (live),Live at Revolution Hall,Indie Folk,2025,USA,905k,flac,4:58,Live,LP
Adrianne Lenker,- backwards intermission -,Live at Revolution Hall,Indie Folk,2025,USA,1840k,flac,0:50,Live,LP
Adrianne Lenker,evol (kcehc),Live at Revolution Hall,Indie Folk,2025,USA,913k,flac,4:22,Live,LP
Adrianne Lenker,fangs,Live at Revolution Hall,Indie Folk,2025,USA,931k,flac,2:52,Live,LP
Adrianne Lenker,oldest (live),Live at Revolution Hall,Indie Folk,2025,USA,994k,flac,3:32,Live,LP
Adrianne Lenker,sadness as a gift (live),Live at Revolution Hall,Indie Folk,2025,USA,1059k,flac,3:44,Live,LP
Adrianne Lenker,- drawing a star -,Live at Revolution Hall,Indie Folk,2025,USA,1939k,flac,0:42,Live,LP
Adrianne Lenker,orange (live),Live at Revolution Hall,Indie Folk,2025,USA,1313k,flac,1:57,Live,LP
Adrianne Lenker,two reverse (live),Live at Revolution Hall,Indie Folk,2025,USA,1056k,flac,3:24,Live,LP
Adrianne Lenker,free treasure & fire trucks,Live at Revolution Hall,Indie Folk,2025,USA,1256k,flac,1:29,Live,LP
Adrianne Lenker,ripples & happy birthday alice,Live at Revolution Hall,Indie Folk,2025,USA,1137k,flac,1:50,Live,LP
Adrianne Lenker,fool (live),Live at Revolution Hall,Indie Folk,2025,USA,1071k,flac,3:43,Live,LP
Adrianne Lenker,"not a lot, just forever (live)",Live at Revolution Hall,Indie Folk,2025,USA,988k,flac,5:37,Live,LP
Adrianne Lenker,- naljf & crowd-,Live at Revolution Hall,Indie Folk,2025,USA,1772k,flac,0:55,Live,LP
Adrianne Lenker,no limit (live),Live at Revolution Hall,Indie Folk,2025,USA,1067k,flac,3:59,Live,LP
Adrianne Lenker,donut seam (live),Live at Revolution Hall,Indie Folk,2025,USA,1178k,flac,2:35,Live,LP
Adrianne Lenker,zombie girl (live),Live at Revolution Hall,Indie Folk,2025,USA,1103k,flac,2:55,Live,LP
Adrianne Lenker,- happy birthday everyone -,Live at Revolution Hall,Indie Folk,2025,USA,1138k,flac,2:29,Live,LP
Adrianne Lenker,anything (live),Live at Revolution Hall,Indie Folk,2025,USA,1027k,flac,4:30,Live,LP
Adrianne Lenker,wake me up to drive (outside),Live at Revolution Hall,Indie Folk,2025,USA,877k,flac,3:38,Live,LP
Alice Coltrane,Journey in Satchidananda,Live at the Berkeley Community Theater 1972,Spiritual Jazz; Avant-Garde Jazz,1972,USA,320k,mp3,21:24,Live,LP
Alice Coltrane,A Love Supreme,Live at the Berkeley Community Theater 1972,Spiritual Jazz; Avant-Garde Jazz,1972,USA,320k,mp3,18:47,Live,LP
Alice Coltrane,My Favorite Things,Live at the Berkeley Community Theater 1972,Spiritual Jazz; Avant-Garde Jazz,1972,USA,320k,mp3,15:56,Live,LP
Alice Coltrane,Leo,Live at the Berkeley Community Theater 1972,Spiritual Jazz; Avant-Garde Jazz,1972,USA,320k,mp3,21:53,Live,LP
Big Thief,Not (Live at The Bunker Studio),Live at The Bunker Studio,Indie Folk; Indie Rock; Folk Rock,2021,USA,869k,flac,5:20,Live,EP
Big Thief,Forgotten Eyes (Live at The Bunker Studio),Live at The Bunker Studio,Indie Folk; Indie Rock; Folk Rock,2021,USA,883k,flac,3:48,Live,EP
Big Thief,Terminal Paradise (Live at The Bunker Studio),Live at The Bunker Studio,Indie Folk; Indie Rock; Folk Rock,2021,USA,805k,flac,3:54,Live,EP
Big Thief,Cattails (Live at The Bunker Studio),Live at The Bunker Studio,Indie Folk; Indie Rock; Folk Rock,2021,USA,843k,flac,4:20,Live,EP
Big Thief,Shoulders (Live at The Bunker Studio),Live at The Bunker Studio,Indie Folk; Indie Rock; Folk Rock,2021,USA,842k,flac,3:25,Live,EP
Big Thief,Black Diamonds (Live at The Bunker Studio),Live at The Bunker Studio,Indie Folk; Indie Rock; Folk Rock,2021,USA,792k,flac,6:17,Live,EP
John Coltrane,Naima,Live at the Village Vanguard Again!,Avant-Garde Jazz; Free Jazz; Spiritual Jazz,1966,USA,6158k,flac,15:08,Live,LP
John Coltrane,My Favorite Things (Introduction),Live at the Village Vanguard Again!,Avant-Garde Jazz; Free Jazz; Spiritual Jazz,1966,USA,5982k,flac,6:09,Live,LP
John Coltrane,My Favorite Things,Live at the Village Vanguard Again!,Avant-Garde Jazz; Free Jazz; Spiritual Jazz,1966,USA,6352k,flac,20:21,Live,LP
Radiohead,Optimistic,Live In Berlin,Art Rock; Alternative Rock,2000,UK; England,767k,flac,5:39,Bootleg,LP
Radiohead,Morning Bell,Live In Berlin,Art Rock; Alternative Rock,2000,UK; England,776k,flac,4:34,Bootleg,LP
Radiohead,Karma Police,Live In Berlin,Art Rock; Alternative Rock,2000,UK; England,776k,flac,4:27,Bootleg,LP
Radiohead,The National Anthem,Live In Berlin,Art Rock; Alternative Rock,2000,UK; England,823k,flac,5:43,Bootleg,LP
Radiohead,In Limbo,Live In Berlin,Art Rock; Alternative Rock,2000,UK; England,812k,flac,4:41,Bootleg,LP
Radiohead,No Surprises,Live In Berlin,Art Rock; Alternative Rock,2000,UK; England,735k,flac,3:57,Bootleg,LP
Radiohead,My Iron Lung,Live In Berlin,Art Rock; Alternative Rock,2000,UK; England,839k,flac,5:21,Bootleg,LP
Radiohead,Dollars And Cents,Live In Berlin,Art Rock; Alternative Rock,2000,UK; England,863k,flac,5:51,Bootleg,LP
Radiohead,Bishop's Robes,Live In Berlin,Art Rock; Alternative Rock,2000,UK; England,746k,flac,3:41,Bootleg,LP
Radiohead,Talk Show Host,Live In Berlin,Art Rock; Alternative Rock,2000,UK; England,811k,flac,5:28,Bootleg,LP
Radiohead,Kid A,Live In Berlin,Art Rock; Alternative Rock,2000,UK; England,812k,flac,4:39,Bootleg,LP
Radiohead,You And Whose Army?,Live In Berlin,Art Rock; Alternative Rock,2000,UK; England,741k,flac,3:43,Bootleg,LP
Radiohead,Airbag,Live In Berlin,Art Rock; Alternative Rock,2000,UK; England,885k,flac,4:47,Bootleg,LP
Radiohead,Lucky,Live In Berlin,Art Rock; Alternative Rock,2000,UK; England,820k,flac,4:38,Bootleg,LP
Radiohead,How To Disappear Completely,Live In Berlin,Art Rock; Alternative Rock,2000,UK; England,786k,flac,6:39,Bootleg,LP
Radiohead,Paranoid Android,Live In Berlin,Art Rock; Alternative Rock,2000,UK; England,770k,flac,6:24,Bootleg,LP
Radiohead,Everything In Its Right Place,Live In Berlin,Art Rock; Alternative Rock,2000,UK; England,698k,flac,9:43,Bootleg,LP
Radiohead,Pyramid Song,Live In Berlin,Art Rock; Alternative Rock,2000,UK; England,651k,flac,5:25,Bootleg,LP
Radiohead,Exit Music (For A Film),Live In Berlin,Art Rock; Alternative Rock,2000,UK; England,599k,flac,5:20,Bootleg,LP
Radiohead,Knives Out,Live In Berlin,Art Rock; Alternative Rock,2000,UK; England,774k,flac,4:58,Bootleg,LP
Radiohead,Nude (tease),Live In Berlin,Art Rock; Alternative Rock,2000,UK; England,635k,flac,0:51,Bootleg,LP
Radiohead,(Nice Dream),Live In Berlin,Art Rock; Alternative Rock,2000,UK; England,817k,flac,5:30,Bootleg,LP
John Coltrane,Afro Blue,Live In Japan,Free Jazz; Spiritual Jazz,1966,USA,719k,flac,38:47,Live,LP
John Coltrane,Peace On Earth,Live In Japan,Free Jazz; Spiritual Jazz,1966,USA,669k,flac,26:25,Live,LP
John Coltrane,Crescent,Live In Japan,Free Jazz; Spiritual Jazz,1966,USA,650k,flac,54:33,Live,LP
John Coltrane,Peace On Earth,Live In Japan,Free Jazz; Spiritual Jazz,1966,USA,673k,flac,25:05,Live,LP
John Coltrane,Leo,Live In Japan,Free Jazz; Spiritual Jazz,1966,USA,739k,flac,44:49,Live,LP
John Coltrane,My Favorite Things,Live In Japan,Free Jazz; Spiritual Jazz,1966,USA,644k,flac,57:19,Live,LP
Duster,The Twins / Romantica,Live in San Francisco,Slowcore,1999,USA,320k,mp3,3:26,Live,EP
Duster,August Relativity,Live in San Francisco,Slowcore,1999,USA,320k,mp3,2:30,Live,EP
Duster,Diamond,Live in San Francisco,Slowcore,1999,USA,320k,mp3,2:36,Live,EP
Duster,Gold Dust,Live in San Francisco,Slowcore,1999,USA,320k,mp3,2:34,Live,EP
Duster,Untitled,Live in San Francisco,Slowcore,1999,USA,320k,mp3,4:25,Live,EP
Duster,Unrecovery,Live in San Francisco,Slowcore,1999,USA,320k,mp3,2:56,Live,EP
Duster,Untitled (60),Live in San Francisco,Slowcore,1999,USA,320k,mp3,2:43,Live,EP
Duster,1,Live In Seattle,Slowcore,1998,USA,320k,mp3,3:32,Live,EP
Duster,Untitled (60),Live In Seattle,Slowcore,1998,USA,320k,mp3,6:10,Live,EP
Duster,Heading for the Door,Live In Seattle,Slowcore,1998,USA,320k,mp3,5:57,Live,EP
Duster,Gold Dust,Live In Seattle,Slowcore,1998,USA,320k,mp3,3:54,Live,EP
Duster,Inside Out,Live In Seattle,Slowcore,1998,USA,320k,mp3,5:36,Live,EP
Duster,6,Live In Seattle,Slowcore,1998,USA,320k,mp3,8:17,Live,EP
The Coma Lillies,Die Pest / What Do I Have To Do To Check My Email?,Live on KAXL,Noise Rock,2020,USA,128k,mp3,4:03,Live,LP
The Coma Lillies,Memento Mori,Live on KAXL,Noise Rock,2020,USA,128k,mp3,8:27,Live,LP
The Coma Lillies,Glory Daze (Vandals),Live on KAXL,Noise Rock,2020,USA,128k,mp3,1:21,Live,LP
The Coma Lillies,4 (Aphex Twin),Live on KAXL,Noise Rock,2020,USA,128k,mp3,4:10,Live,LP
The Coma Lillies,Penis Envy,Live on KAXL,Noise Rock,2020,USA,128k,mp3,9:06,Live,LP
The Coma Lillies,High Noon (DJ Shadow),Live on KAXL,Noise Rock,2020,USA,128k,mp3,3:28,Live,LP
The Coma Lillies,The Red Phone,Live on KAXL,Noise Rock,2020,USA,128k,mp3,1:19,Live,LP
The Coma Lillies,The Hemoclysm,Live on KAXL,Noise Rock,2020,USA,128k,mp3,18:09,Live,LP
Swans,Rope/Beggar,Live Rope,Experimental Rock; Post-Rock; Drone,2024,USA,193k VBR,mp3,86:09,Live,LP
Swans,The Hanging Man,Live Rope,Experimental Rock; Post-Rock; Drone,2024,USA,320k,mp3,12:48,Live,LP
Swans,Away,Live Rope,Experimental Rock; Post-Rock; Drone,2024,USA,320k,mp3,7:51,Live,LP
Swans,Birthing,Live Rope,Experimental Rock; Post-Rock; Drone,2024,USA,320k,mp3,37:07,Live,LP
Swans,The Memorious,Live Rope,Experimental Rock; Post-Rock; Drone,2024,USA,320k,mp3,14:06,Live,LP
Swans,Cathedrals of Heaven,Live Rope,Experimental Rock; Post-Rock; Drone,2024,USA,320k,mp3,11:14,Live,LP
Swans,Leaving Meaning,Live Rope,Experimental Rock; Post-Rock; Drone,2024,USA,320k,mp3,13:33,Live,LP
Beth Gibbons,Tell Me Who You Are Today,Lives Outgrown,Chamber Folk; Psychedelic Folk,2024,UK; England,2916k,flac,3:55,Studio,LP
Beth Gibbons,Floating On A Moment,Lives Outgrown,Chamber Folk; Psychedelic Folk,2024,UK; England,3133k,flac,5:26,Studio,LP
Beth Gibbons,Burden Of Life,Lives Outgrown,Chamber Folk; Psychedelic Folk,2024,UK; England,2722k,flac,3:35,Studio,LP
Beth Gibbons,Lost Changes,Lives Outgrown,Chamber Folk; Psychedelic Folk,2024,UK; England,2986k,flac,5:41,Studio,LP
Beth Gibbons,Rewind,Lives Outgrown,Chamber Folk; Psychedelic Folk,2024,UK; England,2942k,flac,4:47,Studio,LP
Beth Gibbons,Reaching Out,Lives Outgrown,Chamber Folk; Psychedelic Folk,2024,UK; England,3066k,flac,4:15,Studio,LP
Beth Gibbons,Oceans,Lives Outgrown,Chamber Folk; Psychedelic Folk,2024,UK; England,2953k,flac,3:43,Studio,LP
Beth Gibbons,For Sale,Lives Outgrown,Chamber Folk; Psychedelic Folk,2024,UK; England,2717k,flac,4:25,Studio,LP
Beth Gibbons,Beyond The Sun,Lives Outgrown,Chamber Folk; Psychedelic Folk,2024,UK; England,2630k,flac,3:54,Studio,LP
Beth Gibbons,Whispering Love,Lives Outgrown,Chamber Folk; Psychedelic Folk,2024,UK; England,2995k,flac,6:10,Studio,LP
The Velvet Underground,Who Loves The Sun,Loaded,Pop Rock,1970,USA,3002k,flac,2:43,Studio,LP
The Velvet Underground,Sweet Jane,Loaded,Pop Rock,1970,USA,2943k,flac,3:17,Studio,LP
The Velvet Underground,Rock & Roll,Loaded,Pop Rock,1970,USA,2921k,flac,4:40,Studio,LP
The Velvet Underground,Cool It Down,Loaded,Pop Rock,1970,USA,2864k,flac,3:06,Studio,LP
The Velvet Underground,New Age,Loaded,Pop Rock,1970,USA,2710k,flac,4:40,Studio,LP
The Velvet Underground,Head Held High,Loaded,Pop Rock,1970,USA,2924k,flac,2:58,Studio,LP
The Velvet Underground,Lonesome Cowboy Bill,Loaded,Pop Rock,1970,USA,2940k,flac,2:44,Studio,LP
The Velvet Underground,I Found A Reason,Loaded,Pop Rock,1970,USA,2819k,flac,4:19,Studio,LP
The Velvet Underground,Train round The Bend,Loaded,Pop Rock,1970,USA,2862k,flac,3:16,Studio,LP
The Velvet Underground,Oh! Sweet Nuthin',Loaded,Pop Rock,1970,USA,2741k,flac,7:27,Studio,LP
Crumb,Plants,Locket,Psychedelic Pop; Indie Pop; Neo-Psychedelia,2017,USA,320k,mp3,3:11,Studio,EP
Crumb,Recently Played,Locket,Psychedelic Pop; Indie Pop; Neo-Psychedelia,2017,USA,320k,mp3,2:00,Studio,EP
Crumb,Thirty-Nine,Locket,Psychedelic Pop; Indie Pop; Neo-Psychedelia,2017,USA,320k,mp3,4:39,Studio,EP
Crumb,Locket,Locket,Psychedelic Pop; Indie Pop; Neo-Psychedelia,2017,USA,320k,mp3,5:18,Studio,EP
Tame Impala,Be Above It,Lonerism,Neo-Psychedelia; Psychedelic Rock,2012,Australia,2795k,flac,3:20,Studio,LP
Tame Impala,Endors Toi,Lonerism,Neo-Psychedelia; Psychedelic Rock,2012,Australia,3050k,flac,3:06,Studio,LP
Tame Impala,Apocalypse Dreams,Lonerism,Neo-Psychedelia; Psychedelic Rock,2012,Australia,3184k,flac,5:57,Studio,LP
Tame Impala,Mind Mischief,Lonerism,Neo-Psychedelia; Psychedelic Rock,2012,Australia,3023k,flac,4:32,Studio,LP
Tame Impala,Music To Walk Home By,Lonerism,Neo-Psychedelia; Psychedelic Rock,2012,Australia,2974k,flac,5:11,Studio,LP
Tame Impala,Why Won't They Talk To Me?,Lonerism,Neo-Psychedelia; Psychedelic Rock,2012,Australia,2846k,flac,4:50,Studio,LP
Tame Impala,Feels Like We Only Go Backwards,Lonerism,Neo-Psychedelia; Psychedelic Rock,2012,Australia,3066k,flac,3:14,Studio,LP
Tame Impala,Keep On Lying,Lonerism,Neo-Psychedelia; Psychedelic Rock,2012,Australia,2905k,flac,5:54,Studio,LP
Tame Impala,Elephant,Lonerism,Neo-Psychedelia; Psychedelic Rock,2012,Australia,2878k,flac,3:32,Studio,LP
Tame Impala,She Just Won't Believe Me,Lonerism,Neo-Psychedelia; Psychedelic Rock,2012,Australia,2855k,flac,0:58,Studio,LP
Tame Impala,Nothing That Has Happened So Far Has Been Anything We Could Control,Lonerism,Neo-Psychedelia; Psychedelic Rock,2012,Australia,3007k,flac,6:00,Studio,LP
Tame Impala,Sun's Coming Up,Lonerism,Neo-Psychedelia; Psychedelic Rock,2012,Australia,2760k,flac,5:20,Studio,LP
Tame Impala,Led Zeppelin,Lonerism,Neo-Psychedelia; Psychedelic Rock,2012,Australia,3012k,flac,3:08,Studio,LP
Tame Impala,Beverly Laurel,Lonerism,Neo-Psychedelia; Psychedelic Rock,2012,Australia,3016k,flac,3:08,Studio,LP
Still House Plants,You OK,Long Play,Experimental Rock,2018,UK; Scotland,128k,mp3,6:28,Studio,LP
Still House Plants,Chicane,Long Play,Experimental Rock,2018,UK; Scotland,128k,mp3,1:21,Studio,LP
Still House Plants,Spit,Long Play,Experimental Rock,2018,UK; Scotland,128k,mp3,2:35,Studio,LP
Still House Plants,Long Pass,Long Play,Experimental Rock,2018,UK; Scotland,128k,mp3,7:01,Studio,LP
Still House Plants,Strap‐On,Long Play,Experimental Rock,2018,UK; Scotland,128k,mp3,1:23,Studio,LP
Still House Plants,Is It (live at Cafe OTO),Long Play,Experimental Rock,2018,UK; Scotland,128k,mp3,6:54,Studio,LP
Still House Plants,Shoulder Blade,Long Play,Experimental Rock,2018,UK; Scotland,128k,mp3,5:24,Studio,LP
Still House Plants,Tending Garden,Long Play,Experimental Rock,2018,UK; Scotland,128k,mp3,0:59,Studio,LP
Still House Plants,Left Brake,Long Play,Experimental Rock,2018,UK; Scotland,128k,mp3,6:35,Studio,LP
Still House Plants,Coy,Long Play,Experimental Rock,2018,UK; Scotland,128k,mp3,0:50,Studio,LP
Still House Plants,Punchbag,Long Play,Experimental Rock,2018,UK; Scotland,128k,mp3,2:01,Studio,LP
Still House Plants,Fist Fight,Long Play,Experimental Rock,2018,UK; Scotland,128k,mp3,5:37,Studio,LP
Fishmans,LONG SEASON (Part 1),LONG SEASON,Neo-Psychedelia; Dream Pop; Progressive Pop,1996,Japan,320k,mp3,8:42,Studio,LP
Fishmans,LONG SEASON (Part 2),LONG SEASON,Neo-Psychedelia; Dream Pop; Progressive Pop,1996,Japan,320k,mp3,5:23,Studio,LP
Fishmans,LONG SEASON (Part 3),LONG SEASON,Neo-Psychedelia; Dream Pop; Progressive Pop,1996,Japan,320k,mp3,6:33,Studio,LP
Fishmans,LONG SEASON (Part 4),LONG SEASON,Neo-Psychedelia; Dream Pop; Progressive Pop,1996,Japan,320k,mp3,4:46,Studio,LP
Fishmans,LONG SEASON (Part 5),LONG SEASON,Neo-Psychedelia; Dream Pop; Progressive Pop,1996,Japan,320k,mp3,9:48,Studio,LP
Vashti Bunyan,Lately,Lookaftering,Chamber Folk,2005,UK; England,747k,flac,2:21,Studio,LP
Vashti Bunyan,Here Before,Lookaftering,Chamber Folk,2005,UK; England,789k,flac,2:05,Studio,LP
Vashti Bunyan,Wayward,Lookaftering,Chamber Folk,2005,UK; England,761k,flac,3:06,Studio,LP
Vashti Bunyan,Hidden,Lookaftering,Chamber Folk,2005,UK; England,694k,flac,3:23,Studio,LP
Vashti Bunyan,Against The Sky,Lookaftering,Chamber Folk,2005,UK; England,774k,flac,3:10,Studio,LP
Vashti Bunyan,Turning Backs,Lookaftering,Chamber Folk,2005,UK; England,773k,flac,4:28,Studio,LP
Vashti Bunyan,If I Were,Lookaftering,Chamber Folk,2005,UK; England,697k,flac,2:15,Studio,LP
Vashti Bunyan,Same But Different,Lookaftering,Chamber Folk,2005,UK; England,769k,flac,3:38,Studio,LP
Vashti Bunyan,Brother,Lookaftering,Chamber Folk,2005,UK; England,650k,flac,2:10,Studio,LP
Vashti Bunyan,Feet Of Clay,Lookaftering,Chamber Folk,2005,UK; England,755k,flac,4:29,Studio,LP
Vashti Bunyan,Wayward Hum,Lookaftering,Chamber Folk,2005,UK; England,542k,flac,4:26,Studio,LP
Jan Jelinek,Moiré (Piano & Organ),Loop-Finding-Jazz-Records,Glitch; Ambient Techno; Microhouse,2001,Germany,192k,mp3,6:54,Studio,LP
Jan Jelinek,Rock In The Video Age,Loop-Finding-Jazz-Records,Glitch; Ambient Techno; Microhouse,2001,Germany,192k,mp3,8:03,Studio,LP
Jan Jelinek,"They, Them",Loop-Finding-Jazz-Records,Glitch; Ambient Techno; Microhouse,2001,Germany,192k,mp3,7:19,Studio,LP
Jan Jelinek,"Them, Their",Loop-Finding-Jazz-Records,Glitch; Ambient Techno; Microhouse,2001,Germany,192k,mp3,5:06,Studio,LP
Jan Jelinek,Tendency,Loop-Finding-Jazz-Records,Glitch; Ambient Techno; Microhouse,2001,Germany,192k,mp3,7:21,Studio,LP
Jan Jelinek,Moiré (Strings),Loop-Finding-Jazz-Records,Glitch; Ambient Techno; Microhouse,2001,Germany,193k VBR,mp3,6:25,Studio,LP
Jan Jelinek,Do Dekor,Loop-Finding-Jazz-Records,Glitch; Ambient Techno; Microhouse,2001,Germany,192k,mp3,5:34,Studio,LP
Jan Jelinek,Drift,Loop-Finding-Jazz-Records,Glitch; Ambient Techno; Microhouse,2001,Germany,192k,mp3,5:08,Studio,LP
Tim Buckley,Lorca,Lorca,Avant-Folk; Psychedelic Folk,1970,USA,732k,flac,9:59,Studio,LP
Tim Buckley,Anonymous Proposition,Lorca,Avant-Folk; Psychedelic Folk,1970,USA,664k,flac,7:48,Studio,LP
Tim Buckley,I Had a Talk With My Woman,Lorca,Avant-Folk; Psychedelic Folk,1970,USA,698k,flac,6:01,Studio,LP
Tim Buckley,Driftin',Lorca,Avant-Folk; Psychedelic Folk,1970,USA,654k,flac,8:12,Studio,LP
Tim Buckley,Nobody Walkin',Lorca,Avant-Folk; Psychedelic Folk,1970,USA,771k,flac,7:36,Studio,LP
The Books,A Little Longing Goes Away,Lost and Safe,Ambient,2005,USA; Netherlands,205k VBR,mp3,3:30,Studio,LP
The Books,Be Good to Them Always,Lost and Safe,Ambient,2005,USA; Netherlands,247k VBR,mp3,4:51,Studio,LP
The Books,Vogt Dig for Kloppervok,Lost and Safe,Ambient,2005,USA; Netherlands,254k VBR,mp3,3:54,Studio,LP
The Books,Smells Like Content,Lost and Safe,Ambient,2005,USA; Netherlands,261k VBR,mp3,3:41,Studio,LP
The Books,It Never Changes to Stop,Lost and Safe,Ambient,2005,USA; Netherlands,216k VBR,mp3,4:01,Studio,LP
The Books,An Animated Description of Mr. Maps.,Lost and Safe,Ambient,2005,USA; Netherlands,264k VBR,mp3,4:38,Studio,LP
The Books,Venice,Lost and Safe,Ambient,2005,USA; Netherlands,220k VBR,mp3,1:42,Studio,LP
The Books,None but Shining Hours,Lost and Safe,Ambient,2005,USA; Netherlands,212k VBR,mp3,2:42,Studio,LP
The Books,"If Not Now, Whenever",Lost and Safe,Ambient,2005,USA; Netherlands,229k VBR,mp3,3:35,Studio,LP
The Books,An Owl With Knees,Lost and Safe,Ambient,2005,USA; Netherlands,223k VBR,mp3,4:41,Studio,LP
The Books,Twelve Fold Chain,Lost and Safe,Ambient,2005,USA; Netherlands,241k VBR,mp3,4:44,Studio,LP
Julia Holter,World,Loud City Song,Art Pop; Ambient Pop,2013,USA,755k,flac,4:52,Studio,LP
Julia Holter,Maxim's I,Loud City Song,Art Pop; Ambient Pop,2013,USA,969k,flac,6:07,Studio,LP
Julia Holter,Horns Surrounding Me,Loud City Song,Art Pop; Ambient Pop,2013,USA,854k,flac,4:46,Studio,LP
Julia Holter,In the Green Wild,Loud City Song,Art Pop; Ambient Pop,2013,USA,849k,flac,4:07,Studio,LP
Julia Holter,Hello Stranger,Loud City Song,Art Pop; Ambient Pop,2013,USA,804k,flac,6:16,Studio,LP
Julia Holter,Maxim's II,Loud City Song,Art Pop; Ambient Pop,2013,USA,898k,flac,5:28,Studio,LP
Julia Holter,He's Running Through My Eyes,Loud City Song,Art Pop; Ambient Pop,2013,USA,767k,flac,2:18,Studio,LP
Julia Holter,This Is a True Heart,Loud City Song,Art Pop; Ambient Pop,2013,USA,807k,flac,3:30,Studio,LP
Julia Holter,City Appearing,Loud City Song,Art Pop; Ambient Pop,2013,USA,782k,flac,7:16,Studio,LP
The Beatles,Because,Love,Pop Rock,2006,UK; England,625k,flac,2:44,Studio,LP
The Beatles,Get Back,Love,Pop Rock,2006,UK; England,857k,flac,2:05,Studio,LP
The Beatles,Glass Onion,Love,Pop Rock,2006,UK; England,798k,flac,1:20,Studio,LP
The Beatles,Eleanor Rigby / Julia (transition),Love,Pop Rock,2006,UK; England,734k,flac,3:05,Studio,LP
The Beatles,I Am the Walrus,Love,Pop Rock,2006,UK; England,934k,flac,4:28,Studio,LP
The Beatles,I Want to Hold Your Hand,Love,Pop Rock,2006,UK; England,1009k,flac,1:22,Studio,LP
The Beatles,Drive My Car / The Word / What You’re Doing,Love,Pop Rock,2006,UK; England,907k,flac,1:54,Studio,LP
The Beatles,Gnik Nus,Love,Pop Rock,2006,UK; England,773k,flac,0:55,Studio,LP
The Beatles,Something / Blue Jay Way (transition),Love,Pop Rock,2006,UK; England,813k,flac,3:29,Studio,LP
The Beatles,Being for the Benefit of Mr. Kite! / I Want You (She’s So Heavy) / Helter Skelter,Love,Pop Rock,2006,UK; England,951k,flac,3:22,Studio,LP
The Beatles,Help!,Love,Pop Rock,2006,UK; England,955k,flac,2:18,Studio,LP
The Beatles,Blackbird / Yesterday,Love,Pop Rock,2006,UK; England,731k,flac,2:31,Studio,LP
The Beatles,Strawberry Fields Forever,Love,Pop Rock,2006,UK; England,847k,flac,4:31,Studio,LP
The Beatles,Within You Without You / Tomorrow Never Knows,Love,Pop Rock,2006,UK; England,880k,flac,3:07,Studio,LP
The Beatles,Lucy in the Sky With Diamonds,Love,Pop Rock,2006,UK; England,877k,flac,4:10,Studio,LP
The Beatles,Octopus’s Garden,Love,Pop Rock,2006,UK; England,853k,flac,3:18,Studio,LP
The Beatles,Lady Madonna,Love,Pop Rock,2006,UK; England,935k,flac,2:56,Studio,LP
The Beatles,Here Comes the Sun / The Inner Light (transition),Love,Pop Rock,2006,UK; England,864k,flac,4:18,Studio,LP
The Beatles,Come Together / Dear Prudence / Cry Baby Cry (transition),Love,Pop Rock,2006,UK; England,783k,flac,4:45,Studio,LP
The Beatles,Revolution,Love,Pop Rock,2006,UK; England,897k,flac,2:14,Studio,LP
The Beatles,Back in the U.S.S.R.,Love,Pop Rock,2006,UK; England,911k,flac,1:53,Studio,LP
The Beatles,While My Guitar Gently Weeps,Love,Pop Rock,2006,UK; England,723k,flac,3:46,Studio,LP
The Beatles,A Day in the Life,Love,Pop Rock,2006,UK; England,796k,flac,5:08,Studio,LP
The Beatles,Hey Jude,Love,Pop Rock,2006,UK; England,938k,flac,3:58,Studio,LP
The Beatles,Sgt. Pepper’s Lonely Hearts Club Band (reprise),Love,Pop Rock,2006,UK; England,979k,flac,1:22,Studio,LP
The Beatles,All You Need Is Love,Love,Pop Rock,2006,UK; England,910k,flac,3:38,Studio,LP
Pharoah Sanders,Love Is Everywhere,Love in Us All,Spiritual Jazz; Free Jazz,1974,USA,320k,mp3,19:55,Studio,LP
Pharoah Sanders,To John,Love in Us All,Spiritual Jazz; Free Jazz,1974,USA,320k,mp3,20:42,Studio,LP
Swans,(—),Love Of Life,Gothic Rock,1992,USA,320k,mp3,0:16,Studio,LP
Swans,Love Of Life,Love Of Life,Gothic Rock,1992,USA,320k,mp3,3:41,Studio,LP
Swans,The Golden Boy That Was Swallowed By The Sea,Love Of Life,Gothic Rock,1992,USA,320k,mp3,4:31,Studio,LP
Swans,(—),Love Of Life,Gothic Rock,1992,USA,320k,mp3,0:37,Studio,LP
Swans,(—),Love Of Life,Gothic Rock,1992,USA,320k,mp3,2:06,Studio,LP
Swans,The Other Side Of The World,Love Of Life,Gothic Rock,1992,USA,320k,mp3,4:40,Studio,LP
Swans,Her,Love Of Life,Gothic Rock,1992,USA,320k,mp3,5:24,Studio,LP
Swans,The Sound Of Freedom,Love Of Life,Gothic Rock,1992,USA,320k,mp3,4:34,Studio,LP
Swans,(—),Love Of Life,Gothic Rock,1992,USA,320k,mp3,0:34,Studio,LP
Swans,Amnesia,Love Of Life,Gothic Rock,1992,USA,320k,mp3,4:19,Studio,LP
Swans,Identity,Love Of Life,Gothic Rock,1992,USA,320k,mp3,4:30,Studio,LP
Swans,(—),Love Of Life,Gothic Rock,1992,USA,320k,mp3,1:02,Studio,LP
Swans,Eyes Of Nature,Love Of Life,Gothic Rock,1992,USA,320k,mp3,4:42,Studio,LP
Swans,She Cries (For Spider),Love Of Life,Gothic Rock,1992,USA,320k,mp3,4:57,Studio,LP
Swans,God Loves America,Love Of Life,Gothic Rock,1992,USA,320k,mp3,3:43,Studio,LP
Swans,(—),Love Of Life,Gothic Rock,1992,USA,320k,mp3,1:19,Studio,LP
Swans,No Cure For The Lonely,Love Of Life,Gothic Rock,1992,USA,320k,mp3,2:56,Studio,LP
"Love, Claire",The Day After,"Love, Claire",Slowcore; Post-Rock,1997,USA,320k,mp3,10:52,Studio,EP
"Love, Claire",Windmill,"Love, Claire",Slowcore; Post-Rock,1997,USA,320k,mp3,3:51,Studio,EP
"Love, Claire",Nightingale,"Love, Claire",Slowcore; Post-Rock,1997,USA,320k,mp3,7:08,Studio,EP
"Love, Claire",Ghost,"Love, Claire",Slowcore; Post-Rock,1997,USA,320k,mp3,5:03,Studio,EP
My Bloody Valentine,Only Shallow,Loveless,Shoegaze,1991,UK; Ireland; England,892k,flac,4:16,Studio,LP
My Bloody Valentine,Loomer,Loveless,Shoegaze,1991,UK; Ireland; England,819k,flac,2:38,Studio,LP
My Bloody Valentine,Touched,Loveless,Shoegaze,1991,UK; Ireland; England,721k,flac,0:56,Studio,LP
My Bloody Valentine,To Here Knows When,Loveless,Shoegaze,1991,UK; Ireland; England,855k,flac,5:30,Studio,LP
My Bloody Valentine,When You Sleep,Loveless,Shoegaze,1991,UK; Ireland; England,911k,flac,4:11,Studio,LP
My Bloody Valentine,I Only Said,Loveless,Shoegaze,1991,UK; Ireland; England,881k,flac,5:41,Studio,LP
My Bloody Valentine,Come In Alone,Loveless,Shoegaze,1991,UK; Ireland; England,948k,flac,3:58,Studio,LP
My Bloody Valentine,Sometimes,Loveless,Shoegaze,1991,UK; Ireland; England,779k,flac,5:18,Studio,LP
My Bloody Valentine,Blown A Wish,Loveless,Shoegaze,1991,UK; Ireland; England,955k,flac,3:36,Studio,LP
My Bloody Valentine,What You Want,Loveless,Shoegaze,1991,UK; Ireland; England,891k,flac,5:32,Studio,LP
My Bloody Valentine,Soon,Loveless,Shoegaze,1991,UK; Ireland; England,891k,flac,6:59,Studio,LP
David Bowie,Speed Of Life,Low,Art Rock; Ambient,1977,UK; England,320k,mp3,2:47,Studio,LP
David Bowie,Breaking Glass,Low,Art Rock; Ambient,1977,UK; England,320k,mp3,1:52,Studio,LP
David Bowie,What In The World,Low,Art Rock; Ambient,1977,UK; England,320k,mp3,2:23,Studio,LP
David Bowie,Sound And Vision,Low,Art Rock; Ambient,1977,UK; England,320k,mp3,3:03,Studio,LP
David Bowie,Always Crashing In The Same Car,Low,Art Rock; Ambient,1977,UK; England,320k,mp3,3:28,Studio,LP
David Bowie,Be My Wife,Low,Art Rock; Ambient,1977,UK; England,320k,mp3,2:56,Studio,LP
David Bowie,A New Career In A New Town,Low,Art Rock; Ambient,1977,UK; England,320k,mp3,2:51,Studio,LP
David Bowie,Warszawa,Low,Art Rock; Ambient,1977,UK; England,320k,mp3,6:21,Studio,LP
David Bowie,Art Decade,Low,Art Rock; Ambient,1977,UK; England,320k,mp3,3:48,Studio,LP
David Bowie,Weeping Wall,Low,Art Rock; Ambient,1977,UK; England,320k,mp3,3:28,Studio,LP
David Bowie,Subterraneans,Low,Art Rock; Ambient,1977,UK; England,320k,mp3,5:41,Studio,LP
Duster,Untitled (84),Low Earth Orbit,Slowcore,1998,USA,192k,mp3,3:36,Studio,LP
Duster,Untitled (80),Low Earth Orbit,Slowcore,1998,USA,192k,mp3,3:49,Studio,LP
Duster,Untitled (58),Low Earth Orbit,Slowcore,1998,USA,192k,mp3,4:23,Studio,LP
Duster,Lines,Low Earth Orbit,Slowcore,1998,USA,192k,mp3,4:30,Studio,LP
Duster,The One,Low Earth Orbit,Slowcore,1998,USA,192k,mp3,1:48,Studio,LP
Duster,What Goes On In Your Mind,Low Earth Orbit,Slowcore,1998,USA,192k,mp3,3:49,Studio,LP
Duster,Untitled (81),Low Earth Orbit,Slowcore,1998,USA,192k,mp3,4:50,Studio,LP
Duster,Delicate Things,Low Earth Orbit,Slowcore,1998,USA,192k,mp3,2:26,Studio,LP
Duster,Everything Is All In Place,Low Earth Orbit,Slowcore,1998,USA,192k,mp3,4:34,Studio,LP
Duster,California,Low Earth Orbit,Slowcore,1998,USA,192k,mp3,5:02,Studio,LP
Autechre,Acroyear2,LP5,Blues,1998,UK; England,320k,mp3,8:39,Studio,LP
Autechre,777,LP5,Blues,1998,UK; England,320k,mp3,5:49,Studio,LP
Autechre,Rae,LP5,Blues,1998,UK; England,320k,mp3,7:13,Studio,LP
Autechre,Melve,LP5,Blues,1998,UK; England,320k,mp3,1:14,Studio,LP
Autechre,Vose In,LP5,Blues,1998,UK; England,320k,mp3,5:21,Studio,LP
Autechre,"Fold4,Wrap5",LP5,Blues,1998,UK; England,320k,mp3,3:58,Studio,LP
Autechre,Under BOAC,LP5,Blues,1998,UK; England,320k,mp3,6:22,Studio,LP
Autechre,Corc,LP5,Blues,1998,UK; England,320k,mp3,5:50,Studio,LP
Autechre,Caliper Remote,LP5,Blues,1998,UK; England,320k,mp3,1:40,Studio,LP
Autechre,Arch Carrier,LP5,Blues,1998,UK; England,320k,mp3,6:49,Studio,LP
Autechre,Drane2,LP5,Blues,1998,UK; England,320k,mp3,18:42,Studio,LP
Autechre,Untitled,LP5,Blues,1998,UK; England,320k,mp3,1:38,Studio,LP
Godspeed You! Black Emperor,Undoing A Luciferian Towers,Luciferian Towers,Post-Rock,2017,Canada,320k,mp3,7:47,Studio,LP
Godspeed You! Black Emperor,Bosses Hang,Luciferian Towers,Post-Rock,2017,Canada,320k,mp3,14:45,Studio,LP
Godspeed You! Black Emperor,Fam_Famine,Luciferian Towers,Post-Rock,2017,Canada,320k,mp3,6:44,Studio,LP
Godspeed You! Black Emperor,Anthem For No State,Luciferian Towers,Post-Rock,2017,Canada,320k,mp3,14:37,Studio,LP
青葉市子 [Ichiko Aoba],COLORATURA,Luminescent Creatures,Chamber Folk,2025,Japan,1582k,flac,4:07,Studio,LP
青葉市子 [Ichiko Aoba],"24° 3' 27.0"" N, 123° 47' 7.5"" E",Luminescent Creatures,Chamber Folk,2025,Japan,1492k,flac,1:07,Studio,LP
青葉市子 [Ichiko Aoba],mazamun,Luminescent Creatures,Chamber Folk,2025,Japan,1362k,flac,3:27,Studio,LP
青葉市子 [Ichiko Aoba],tower,Luminescent Creatures,Chamber Folk,2025,Japan,1440k,flac,4:03,Studio,LP
青葉市子 [Ichiko Aoba],aurora,Luminescent Creatures,Chamber Folk,2025,Japan,1460k,flac,2:03,Studio,LP
青葉市子 [Ichiko Aoba],FLAG,Luminescent Creatures,Chamber Folk,2025,Japan,1371k,flac,4:36,Studio,LP
青葉市子 [Ichiko Aoba],Cochlea,Luminescent Creatures,Chamber Folk,2025,Japan,1534k,flac,0:54,Studio,LP
青葉市子 [Ichiko Aoba],Luciférine,Luminescent Creatures,Chamber Folk,2025,Japan,1503k,flac,5:01,Studio,LP
青葉市子 [Ichiko Aoba],Pirsomnia,Luminescent Creatures,Chamber Folk,2025,Japan,1367k,flac,3:39,Studio,LP
青葉市子 [Ichiko Aoba],SONAR,Luminescent Creatures,Chamber Folk,2025,Japan,1429k,flac,3:17,Studio,LP
青葉市子 [Ichiko Aoba],惑星の泪 (Wakusei No Namida),Luminescent Creatures,Chamber Folk,2025,Japan,1263k,flac,3:25,Studio,LP
My Bloody Valentine,She Found Now,m b v,Shoegaze,2013,UK; Ireland; England,320k,mp3,5:05,Studio,LP
My Bloody Valentine,Only Tomorrow,m b v,Shoegaze,2013,UK; Ireland; England,320k,mp3,6:21,Studio,LP
My Bloody Valentine,Who Sees You,m b v,Shoegaze,2013,UK; Ireland; England,320k,mp3,6:11,Studio,LP
My Bloody Valentine,Is This And Yes,m b v,Shoegaze,2013,UK; Ireland; England,320k,mp3,5:06,Studio,LP
My Bloody Valentine,If I Am,m b v,Shoegaze,2013,UK; Ireland; England,320k,mp3,3:54,Studio,LP
My Bloody Valentine,New You,m b v,Shoegaze,2013,UK; Ireland; England,320k,mp3,4:58,Studio,LP
My Bloody Valentine,In Another Way,m b v,Shoegaze,2013,UK; Ireland; England,320k,mp3,5:30,Studio,LP
My Bloody Valentine,Nothing Is,m b v,Shoegaze,2013,UK; Ireland; England,320k,mp3,3:33,Studio,LP
My Bloody Valentine,Wonder 2,m b v,Shoegaze,2013,UK; Ireland; England,320k,mp3,5:51,Studio,LP
Macha & Bedhead,You and New Plastic,Macha Loved Bedhead,Indie Rock,2000,USA,967k,flac,3:47,Studio,LP
Macha & Bedhead,Never Underdose,Macha Loved Bedhead,Indie Rock,2000,USA,932k,flac,6:49,Studio,LP
Macha & Bedhead,Hey Goodbye,Macha Loved Bedhead,Indie Rock,2000,USA,989k,flac,4:39,Studio,LP
Macha & Bedhead,Only the Bodies Survive,Macha Loved Bedhead,Indie Rock,2000,USA,892k,flac,7:06,Studio,LP
Macha & Bedhead,How Are Your Windows,Macha Loved Bedhead,Indie Rock,2000,USA,1341k,flac,0:08,Studio,LP
Macha & Bedhead,"How Are Your Windows, Part 2",Macha Loved Bedhead,Indie Rock,2000,USA,1923k,flac,0:05,Studio,LP
Macha & Bedhead,"How Are Your Windows, Part 3",Macha Loved Bedhead,Indie Rock,2000,USA,1917k,flac,0:05,Studio,LP
Macha & Bedhead,"How Are Your Windows, Part 4",Macha Loved Bedhead,Indie Rock,2000,USA,1912k,flac,0:05,Studio,LP
Macha & Bedhead,"How Are Your Windows, Part 5",Macha Loved Bedhead,Indie Rock,2000,USA,1930k,flac,0:05,Studio,LP
Macha & Bedhead,"How Are Your Windows, Part 6",Macha Loved Bedhead,Indie Rock,2000,USA,1935k,flac,0:05,Studio,LP
Macha & Bedhead,"How Are Your Windows, Part 7",Macha Loved Bedhead,Indie Rock,2000,USA,1934k,flac,0:05,Studio,LP
Macha & Bedhead,"How Are Your Windows, Part 8",Macha Loved Bedhead,Indie Rock,2000,USA,1911k,flac,0:05,Studio,LP
Macha & Bedhead,"How Are Your Windows, Part 9",Macha Loved Bedhead,Indie Rock,2000,USA,1893k,flac,0:05,Studio,LP
Macha & Bedhead,"How Are Your Windows, Part 10",Macha Loved Bedhead,Indie Rock,2000,USA,1920k,flac,0:05,Studio,LP
Macha & Bedhead,"How Are Your Windows, Part 11",Macha Loved Bedhead,Indie Rock,2000,USA,1898k,flac,0:05,Studio,LP
Macha & Bedhead,"How Are Your Windows, Part 12",Macha Loved Bedhead,Indie Rock,2000,USA,1904k,flac,0:05,Studio,LP
Macha & Bedhead,"How Are Your Windows, Part 13",Macha Loved Bedhead,Indie Rock,2000,USA,1925k,flac,0:05,Studio,LP
Macha & Bedhead,"How Are Your Windows, Part 14",Macha Loved Bedhead,Indie Rock,2000,USA,1936k,flac,0:05,Studio,LP
Macha & Bedhead,"How Are Your Windows, Part 15",Macha Loved Bedhead,Indie Rock,2000,USA,1940k,flac,0:05,Studio,LP
Macha & Bedhead,"How Are Your Windows, Part 16",Macha Loved Bedhead,Indie Rock,2000,USA,1933k,flac,0:05,Studio,LP
Macha & Bedhead,"How Are Your Windows, Part 17",Macha Loved Bedhead,Indie Rock,2000,USA,1924k,flac,0:05,Studio,LP
Macha & Bedhead,"How Are Your Windows, Part 18",Macha Loved Bedhead,Indie Rock,2000,USA,1922k,flac,0:05,Studio,LP
Macha & Bedhead,"How Are Your Windows, Part 19",Macha Loved Bedhead,Indie Rock,2000,USA,1935k,flac,0:05,Studio,LP
Macha & Bedhead,"How Are Your Windows, Part 20",Macha Loved Bedhead,Indie Rock,2000,USA,1937k,flac,0:05,Studio,LP
Macha & Bedhead,"How Are Your Windows, Part 21",Macha Loved Bedhead,Indie Rock,2000,USA,1924k,flac,0:05,Studio,LP
Macha & Bedhead,"How Are Your Windows, Part 22",Macha Loved Bedhead,Indie Rock,2000,USA,1925k,flac,0:05,Studio,LP
Macha & Bedhead,"How Are Your Windows, Part 23",Macha Loved Bedhead,Indie Rock,2000,USA,1926k,flac,0:05,Studio,LP
Macha & Bedhead,"How Are Your Windows, Part 24",Macha Loved Bedhead,Indie Rock,2000,USA,1915k,flac,0:05,Studio,LP
Macha & Bedhead,"How Are Your Windows, Part 25",Macha Loved Bedhead,Indie Rock,2000,USA,1911k,flac,0:05,Studio,LP
Macha & Bedhead,"How Are Your Windows, Part 26",Macha Loved Bedhead,Indie Rock,2000,USA,1921k,flac,0:05,Studio,LP
Macha & Bedhead,"How Are Your Windows, Part 27",Macha Loved Bedhead,Indie Rock,2000,USA,1929k,flac,0:05,Studio,LP
Macha & Bedhead,"How Are Your Windows, Part 28",Macha Loved Bedhead,Indie Rock,2000,USA,1930k,flac,0:05,Studio,LP
Macha & Bedhead,"How Are Your Windows, Part 29",Macha Loved Bedhead,Indie Rock,2000,USA,1913k,flac,0:05,Studio,LP
Macha & Bedhead,"How Are Your Windows, Part 30",Macha Loved Bedhead,Indie Rock,2000,USA,1911k,flac,0:05,Studio,LP
Macha & Bedhead,"How Are Your Windows, Part 31",Macha Loved Bedhead,Indie Rock,2000,USA,1937k,flac,0:05,Studio,LP
Macha & Bedhead,"How Are Your Windows, Part 32",Macha Loved Bedhead,Indie Rock,2000,USA,1937k,flac,0:05,Studio,LP
Macha & Bedhead,"How Are Your Windows, Part 33",Macha Loved Bedhead,Indie Rock,2000,USA,1921k,flac,0:05,Studio,LP
Macha & Bedhead,"How Are Your Windows, Part 34",Macha Loved Bedhead,Indie Rock,2000,USA,1939k,flac,0:05,Studio,LP
Macha & Bedhead,"How Are Your Windows, Part 35",Macha Loved Bedhead,Indie Rock,2000,USA,1940k,flac,0:05,Studio,LP
Macha & Bedhead,"How Are Your Windows, Part 36",Macha Loved Bedhead,Indie Rock,2000,USA,1929k,flac,0:05,Studio,LP
Macha & Bedhead,"How Are Your Windows, Part 37",Macha Loved Bedhead,Indie Rock,2000,USA,1944k,flac,0:05,Studio,LP
Macha & Bedhead,"How Are Your Windows, Part 38",Macha Loved Bedhead,Indie Rock,2000,USA,1941k,flac,0:05,Studio,LP
Macha & Bedhead,"How Are Your Windows, Part 38",Macha Loved Bedhead,Indie Rock,2000,USA,1922k,flac,0:05,Studio,LP
Macha & Bedhead,"How Are Your Windows, Part 40",Macha Loved Bedhead,Indie Rock,2000,USA,1904k,flac,0:05,Studio,LP
Macha & Bedhead,"How Are Your Windows, Part 41",Macha Loved Bedhead,Indie Rock,2000,USA,1874k,flac,0:05,Studio,LP
Macha & Bedhead,"How Are Your Windows, Part 42",Macha Loved Bedhead,Indie Rock,2000,USA,1924k,flac,0:05,Studio,LP
Macha & Bedhead,"How Are Your Windows, Part 43",Macha Loved Bedhead,Indie Rock,2000,USA,1916k,flac,0:05,Studio,LP
Macha & Bedhead,"How Are Your Windows, Part 44",Macha Loved Bedhead,Indie Rock,2000,USA,1914k,flac,0:05,Studio,LP
Macha & Bedhead,"How Are Your Windows, Part 45",Macha Loved Bedhead,Indie Rock,2000,USA,1917k,flac,0:05,Studio,LP
Macha & Bedhead,"How Are Your Windows, Part 46",Macha Loved Bedhead,Indie Rock,2000,USA,1935k,flac,0:05,Studio,LP
Macha & Bedhead,"How Are Your Windows, Part 47",Macha Loved Bedhead,Indie Rock,2000,USA,1934k,flac,0:05,Studio,LP
Macha & Bedhead,"How Are Your Windows, Part 48",Macha Loved Bedhead,Indie Rock,2000,USA,1930k,flac,0:05,Studio,LP
Macha & Bedhead,"How Are Your Windows, Part 49",Macha Loved Bedhead,Indie Rock,2000,USA,1902k,flac,0:05,Studio,LP
Macha & Bedhead,"How Are Your Windows, Part 50",Macha Loved Bedhead,Indie Rock,2000,USA,1910k,flac,0:05,Studio,LP
Macha & Bedhead,"How Are Your Windows, Part 51",Macha Loved Bedhead,Indie Rock,2000,USA,1914k,flac,0:05,Studio,LP
Macha & Bedhead,"How Are Your Windows, Part 52",Macha Loved Bedhead,Indie Rock,2000,USA,1897k,flac,0:05,Studio,LP
Macha & Bedhead,"How Are Your Windows, Part 53",Macha Loved Bedhead,Indie Rock,2000,USA,1912k,flac,0:05,Studio,LP
Macha & Bedhead,"How Are Your Windows, Part 54",Macha Loved Bedhead,Indie Rock,2000,USA,1928k,flac,0:05,Studio,LP
Macha & Bedhead,"How Are Your Windows, Part 55",Macha Loved Bedhead,Indie Rock,2000,USA,1940k,flac,0:05,Studio,LP
Macha & Bedhead,"How Are Your Windows, Part 56",Macha Loved Bedhead,Indie Rock,2000,USA,1937k,flac,0:05,Studio,LP
Macha & Bedhead,"How Are Your Windows, Part 57",Macha Loved Bedhead,Indie Rock,2000,USA,1931k,flac,0:05,Studio,LP
Macha & Bedhead,"How Are Your Windows, Part 58",Macha Loved Bedhead,Indie Rock,2000,USA,1922k,flac,0:05,Studio,LP
Macha & Bedhead,"How Are Your Windows, Part 59",Macha Loved Bedhead,Indie Rock,2000,USA,1926k,flac,0:05,Studio,LP
Macha & Bedhead,"How Are Your Windows, Part 60",Macha Loved Bedhead,Indie Rock,2000,USA,1942k,flac,0:05,Studio,LP
Macha & Bedhead,"How Are Your Windows, Part 61",Macha Loved Bedhead,Indie Rock,2000,USA,1926k,flac,0:05,Studio,LP
Macha & Bedhead,"How Are Your Windows, Part 62",Macha Loved Bedhead,Indie Rock,2000,USA,1928k,flac,0:05,Studio,LP
Macha & Bedhead,"How Are Your Windows, Part 63",Macha Loved Bedhead,Indie Rock,2000,USA,1924k,flac,0:05,Studio,LP
Macha & Bedhead,"How Are Your Windows, Part 64",Macha Loved Bedhead,Indie Rock,2000,USA,1925k,flac,0:05,Studio,LP
Macha & Bedhead,"How Are Your Windows, Part 65",Macha Loved Bedhead,Indie Rock,2000,USA,1912k,flac,0:05,Studio,LP
Macha & Bedhead,"How Are Your Windows, Part 66",Macha Loved Bedhead,Indie Rock,2000,USA,1911k,flac,0:05,Studio,LP
Macha & Bedhead,"How Are Your Windows, Part 67",Macha Loved Bedhead,Indie Rock,2000,USA,1927k,flac,0:05,Studio,LP
Macha & Bedhead,"How Are Your Windows, Part 68",Macha Loved Bedhead,Indie Rock,2000,USA,1928k,flac,0:05,Studio,LP
Macha & Bedhead,"How Are Your Windows, Part 69",Macha Loved Bedhead,Indie Rock,2000,USA,1928k,flac,0:05,Studio,LP
Macha & Bedhead,"How Are Your Windows, Part 70",Macha Loved Bedhead,Indie Rock,2000,USA,1909k,flac,0:05,Studio,LP
Macha & Bedhead,"How Are Your Windows, Part 71",Macha Loved Bedhead,Indie Rock,2000,USA,1922k,flac,0:05,Studio,LP
Macha & Bedhead,"How Are Your Windows, Part 72",Macha Loved Bedhead,Indie Rock,2000,USA,1937k,flac,0:05,Studio,LP
Macha & Bedhead,"How Are Your Windows, Part 73",Macha Loved Bedhead,Indie Rock,2000,USA,1933k,flac,0:05,Studio,LP
Macha & Bedhead,"How Are Your Windows, Part 74",Macha Loved Bedhead,Indie Rock,2000,USA,1925k,flac,0:05,Studio,LP
Macha & Bedhead,"How Are Your Windows, Part 75",Macha Loved Bedhead,Indie Rock,2000,USA,1939k,flac,0:05,Studio,LP
Macha & Bedhead,"How Are Your Windows, Part 76",Macha Loved Bedhead,Indie Rock,2000,USA,1940k,flac,0:05,Studio,LP
Macha & Bedhead,"How Are Your Windows, Part 77",Macha Loved Bedhead,Indie Rock,2000,USA,1933k,flac,0:05,Studio,LP
Macha & Bedhead,"How Are Your Windows, Part 78",Macha Loved Bedhead,Indie Rock,2000,USA,1941k,flac,0:05,Studio,LP
Macha & Bedhead,"How Are Your Windows, Part 79",Macha Loved Bedhead,Indie Rock,2000,USA,1940k,flac,0:05,Studio,LP
Macha & Bedhead,"How Are Your Windows, Part 80",Macha Loved Bedhead,Indie Rock,2000,USA,1914k,flac,0:05,Studio,LP
Macha & Bedhead,"How Are Your Windows, Part 81",Macha Loved Bedhead,Indie Rock,2000,USA,1414k,flac,0:07,Studio,LP
Macha & Bedhead,Believe,Macha Loved Bedhead,Indie Rock,2000,USA,773k,flac,4:54,Studio,LP
Peter Brötzmann,Machine Gun (second take),Machine Gun,European Free Jazz,1968,Germany,192k,mp3,14:58,Studio,LP
Peter Brötzmann,Machine Gun,Machine Gun,European Free Jazz,1968,Germany,192k,mp3,17:16,Studio,LP
Peter Brötzmann,Responsible (first take),Machine Gun,European Free Jazz,1968,Germany,192k,mp3,10:01,Studio,LP
Peter Brötzmann,Responsible,Machine Gun,European Free Jazz,1968,Germany,192k,mp3,8:17,Studio,LP
Peter Brötzmann,Music for Han Bennink I,Machine Gun,European Free Jazz,1968,Germany,192k,mp3,11:22,Studio,LP
This Heat,Horizontal Hold,Made Available: John Peel Sessions,Experimental Rock; Post-Punk,1996,UK; England,320k,mp3,8:27,Live,LP
This Heat,Not Waving,Made Available: John Peel Sessions,Experimental Rock; Post-Punk,1996,UK; England,320k,mp3,8:10,Live,LP
This Heat,The Fall of Saigon,Made Available: John Peel Sessions,Experimental Rock; Post-Punk,1996,UK; England,320k,mp3,6:08,Live,LP
This Heat,Rimp Romp Ramp,Made Available: John Peel Sessions,Experimental Rock; Post-Punk,1996,UK; England,320k,mp3,6:42,Live,LP
This Heat,Makeshift,Made Available: John Peel Sessions,Experimental Rock; Post-Punk,1996,UK; England,320k,mp3,6:18,Live,LP
This Heat,Sitting,Made Available: John Peel Sessions,Experimental Rock; Post-Punk,1996,UK; England,320k,mp3,2:22,Live,LP
This Heat,Basement Boy,Made Available: John Peel Sessions,Experimental Rock; Post-Punk,1996,UK; England,320k,mp3,2:12,Live,LP
This Heat,Slither,Made Available: John Peel Sessions,Experimental Rock; Post-Punk,1996,UK; England,320k,mp3,2:16,Live,LP
Funkadelic,Maggot Brain,Maggot Brain,Funk,1971,USA,320k,mp3,10:18,Studio,LP
Funkadelic,Can You Get to That,Maggot Brain,Funk,1971,USA,320k,mp3,2:49,Studio,LP
Funkadelic,Hit It and Quit It,Maggot Brain,Funk,1971,USA,320k,mp3,3:50,Studio,LP
Funkadelic,"You and Your Folks, Me and My Folks",Maggot Brain,Funk,1971,USA,320k,mp3,3:36,Studio,LP
Funkadelic,Super Stupid,Maggot Brain,Funk,1971,USA,320k,mp3,3:59,Studio,LP
Funkadelic,Back in Our Minds,Maggot Brain,Funk,1971,USA,320k,mp3,2:38,Studio,LP
Funkadelic,Wars of Armageddon,Maggot Brain,Funk,1971,USA,320k,mp3,9:43,Studio,LP
Funkadelic,Whole Lot of BS,Maggot Brain,Funk,1971,USA,320k,mp3,2:11,Studio,LP
Funkadelic,I Miss My Baby,Maggot Brain,Funk,1971,USA,320k,mp3,5:02,Studio,LP
Funkadelic,Maggot Brain (Alternate Mix),Maggot Brain,Funk,1971,USA,320k,mp3,9:35,Studio,LP
The Beatles,Magical Mystery Tour,Magical Mystery Tour,Psychedelic Rock,1967,UK; England,217k VBR,mp3,2:52,Studio,LP
The Beatles,The Fool on the Hill,Magical Mystery Tour,Psychedelic Rock,1967,UK; England,185k VBR,mp3,3:01,Studio,LP
The Beatles,Flying,Magical Mystery Tour,Psychedelic Rock,1967,UK; England,190k VBR,mp3,2:16,Studio,LP
The Beatles,Blue Jay Way,Magical Mystery Tour,Psychedelic Rock,1967,UK; England,198k VBR,mp3,3:55,Studio,LP
The Beatles,Your Mother Should Know,Magical Mystery Tour,Psychedelic Rock,1967,UK; England,197k VBR,mp3,2:30,Studio,LP
The Beatles,I Am the Walrus,Magical Mystery Tour,Psychedelic Rock,1967,UK; England,209k VBR,mp3,4:37,Studio,LP
The Beatles,Hello Goodbye,Magical Mystery Tour,Psychedelic Rock,1967,UK; England,201k VBR,mp3,3:26,Studio,LP
The Beatles,Strawberry Fields Forever,Magical Mystery Tour,Psychedelic Rock,1967,UK; England,195k VBR,mp3,4:04,Studio,LP
The Beatles,Penny Lane,Magical Mystery Tour,Psychedelic Rock,1967,UK; England,178k VBR,mp3,3:00,Studio,LP
The Beatles,Baby You’re a Rich Man,Magical Mystery Tour,Psychedelic Rock,1967,UK; England,202k VBR,mp3,2:58,Studio,LP
The Beatles,All You Need Is Love,Magical Mystery Tour,Psychedelic Rock,1967,UK; England,197k VBR,mp3,3:45,Studio,LP
Tujiko Noriko,Shore Angel,Make Me Hard,Glitch Pop; Art Pop,2002,Japan,892k,flac,5:58,Studio,LP
Tujiko Noriko,Give Face,Make Me Hard,Glitch Pop; Art Pop,2002,Japan,910k,flac,7:12,Studio,LP
Tujiko Noriko,Fly,Make Me Hard,Glitch Pop; Art Pop,2002,Japan,809k,flac,7:39,Studio,LP
Tujiko Noriko,Call My Name,Make Me Hard,Glitch Pop; Art Pop,2002,Japan,751k,flac,6:29,Studio,LP
Tujiko Noriko,Empty,Make Me Hard,Glitch Pop; Art Pop,2002,Japan,901k,flac,5:25,Studio,LP
Tujiko Noriko,Penguin,Make Me Hard,Glitch Pop; Art Pop,2002,Japan,1027k,flac,8:02,Studio,LP
Tujiko Noriko,7,Make Me Hard,Glitch Pop; Art Pop,2002,Japan,769k,flac,6:12,Studio,LP
Tujiko Noriko,Bikini,Make Me Hard,Glitch Pop; Art Pop,2002,Japan,859k,flac,3:03,Studio,LP
Tujiko Noriko,Sea,Make Me Hard,Glitch Pop; Art Pop,2002,Japan,777k,flac,10:55,Studio,LP
Mark Hollis,The Colour of Spring,Mark Hollis,Chamber Jazz; Post-Rock,1998,UK; England,224k,mp3,3:52,Studio,LP
Mark Hollis,Watershed,Mark Hollis,Chamber Jazz; Post-Rock,1998,UK; England,224k,mp3,5:45,Studio,LP
Mark Hollis,Inside Looking Out,Mark Hollis,Chamber Jazz; Post-Rock,1998,UK; England,224k,mp3,6:21,Studio,LP
Mark Hollis,The Gift,Mark Hollis,Chamber Jazz; Post-Rock,1998,UK; England,224k,mp3,4:22,Studio,LP
Mark Hollis,A Life 1895-1915,Mark Hollis,Chamber Jazz; Post-Rock,1998,UK; England,224k,mp3,8:10,Studio,LP
Mark Hollis,Westward Bound,Mark Hollis,Chamber Jazz; Post-Rock,1998,UK; England,224k,mp3,4:18,Studio,LP
Mark Hollis,The Daily Planet,Mark Hollis,Chamber Jazz; Post-Rock,1998,UK; England,224k,mp3,7:19,Studio,LP
Mark Hollis,A New Jerusalem,Mark Hollis,Chamber Jazz; Post-Rock,1998,UK; England,224k,mp3,6:49,Studio,LP
Television,See No Evil,Marquee Moon,Art Punk; Art Rock; Post-Punk,1977,USA,223k VBR,mp3,3:53,Studio,LP
Television,Venus,Marquee Moon,Art Punk; Art Rock; Post-Punk,1977,USA,223k VBR,mp3,3:51,Studio,LP
Television,Friction,Marquee Moon,Art Punk; Art Rock; Post-Punk,1977,USA,222k VBR,mp3,4:44,Studio,LP
Television,Marquee Moon,Marquee Moon,Art Punk; Art Rock; Post-Punk,1977,USA,223k VBR,mp3,10:40,Studio,LP
Television,Elevation,Marquee Moon,Art Punk; Art Rock; Post-Punk,1977,USA,223k VBR,mp3,5:07,Studio,LP
Television,Guiding Light,Marquee Moon,Art Punk; Art Rock; Post-Punk,1977,USA,223k VBR,mp3,5:35,Studio,LP
Television,Prove It,Marquee Moon,Art Punk; Art Rock; Post-Punk,1977,USA,223k VBR,mp3,5:02,Studio,LP
Television,Torn Curtain,Marquee Moon,Art Punk; Art Rock; Post-Punk,1977,USA,224k VBR,mp3,6:56,Studio,LP
Stereolab,Three-Dee Melodie,Mars Audiac Quintet,Art Pop; Indie Pop; Krautrock,1994,UK; France; England,320k,mp3,5:02,Studio,LP
Stereolab,Wow and Flutter,Mars Audiac Quintet,Art Pop; Indie Pop; Krautrock,1994,UK; France; England,320k,mp3,3:09,Studio,LP
Stereolab,Transona Five,Mars Audiac Quintet,Art Pop; Indie Pop; Krautrock,1994,UK; France; England,320k,mp3,5:32,Studio,LP
Stereolab,Des Étoiles Électroniques,Mars Audiac Quintet,Art Pop; Indie Pop; Krautrock,1994,UK; France; England,320k,mp3,3:20,Studio,LP
Stereolab,Ping Pong,Mars Audiac Quintet,Art Pop; Indie Pop; Krautrock,1994,UK; France; England,320k,mp3,3:02,Studio,LP
Stereolab,Anamorphose,Mars Audiac Quintet,Art Pop; Indie Pop; Krautrock,1994,UK; France; England,320k,mp3,7:33,Studio,LP
Stereolab,Three Longers Later,Mars Audiac Quintet,Art Pop; Indie Pop; Krautrock,1994,UK; France; England,320k,mp3,3:28,Studio,LP
Stereolab,Nihilist Assault Group,Mars Audiac Quintet,Art Pop; Indie Pop; Krautrock,1994,UK; France; England,320k,mp3,6:55,Studio,LP
Stereolab,International Colouring Contest,Mars Audiac Quintet,Art Pop; Indie Pop; Krautrock,1994,UK; France; England,320k,mp3,3:47,Studio,LP
Stereolab,The Stars Our Destination,Mars Audiac Quintet,Art Pop; Indie Pop; Krautrock,1994,UK; France; England,320k,mp3,2:58,Studio,LP
Stereolab,Transporté Sans Bouger,Mars Audiac Quintet,Art Pop; Indie Pop; Krautrock,1994,UK; France; England,320k,mp3,4:20,Studio,LP
Stereolab,L'Enfer des Formes,Mars Audiac Quintet,Art Pop; Indie Pop; Krautrock,1994,UK; France; England,320k,mp3,3:53,Studio,LP
Stereolab,Outer Accelerator,Mars Audiac Quintet,Art Pop; Indie Pop; Krautrock,1994,UK; France; England,320k,mp3,5:21,Studio,LP
Stereolab,New Orthophony,Mars Audiac Quintet,Art Pop; Indie Pop; Krautrock,1994,UK; France; England,320k,mp3,4:34,Studio,LP
Stereolab,Fiery Yellow,Mars Audiac Quintet,Art Pop; Indie Pop; Krautrock,1994,UK; France; England,320k,mp3,4:04,Studio,LP
Kikagaku Moyo,Entrance,Masana Temples,Raga Rock,2018,Japan,892k,flac,2:26,Studio,LP
Kikagaku Moyo,Dripping Sun,Masana Temples,Raga Rock,2018,Japan,903k,flac,7:50,Studio,LP
Kikagaku Moyo,Nazo Nazo,Masana Temples,Raga Rock,2018,Japan,870k,flac,3:07,Studio,LP
Kikagaku Moyo,Fluffy Kosmisch,Masana Temples,Raga Rock,2018,Japan,945k,flac,3:40,Studio,LP
Kikagaku Moyo,Majupose,Masana Temples,Raga Rock,2018,Japan,929k,flac,4:01,Studio,LP
Kikagaku Moyo,Nana,Masana Temples,Raga Rock,2018,Japan,977k,flac,3:13,Studio,LP
Kikagaku Moyo,Orange Peel,Masana Temples,Raga Rock,2018,Japan,934k,flac,4:27,Studio,LP
Kikagaku Moyo,Amayadori,Masana Temples,Raga Rock,2018,Japan,867k,flac,1:35,Studio,LP
Kikagaku Moyo,Gatherings,Masana Temples,Raga Rock,2018,Japan,927k,flac,6:40,Studio,LP
Kikagaku Moyo,Blanket Song,Masana Temples,Raga Rock,2018,Japan,707k,flac,3:11,Studio,LP
Masayuki Takayanagi New Direction Unit,Mass Hysterism I,Mass Hysterism In Another Situation,Avant-Garde Jazz,1983,Japan,1125k,flac,10:01,Studio,LP
Masayuki Takayanagi New Direction Unit,Mass Hysterism II,Mass Hysterism In Another Situation,Avant-Garde Jazz,1983,Japan,1131k,flac,10:08,Studio,LP
Masayuki Takayanagi New Direction Unit,Mass Hysterism III,Mass Hysterism In Another Situation,Avant-Garde Jazz,1983,Japan,1135k,flac,9:56,Studio,LP
Masayuki Takayanagi New Direction Unit,Mass Hysterism IV,Mass Hysterism In Another Situation,Avant-Garde Jazz,1983,Japan,1121k,flac,10:29,Studio,LP
Mass of the Fermenting Dregs,Delusionalism,Mass of the Fermenting Dregs,Alternative Rock,2008,Japan,320k,mp3,3:39,Studio,LP
Mass of the Fermenting Dregs,ハイライト,Mass of the Fermenting Dregs,Alternative Rock,2008,Japan,320k,mp3,3:48,Studio,LP
Mass of the Fermenting Dregs,Skabetty,Mass of the Fermenting Dregs,Alternative Rock,2008,Japan,320k,mp3,4:44,Studio,LP
Mass of the Fermenting Dregs,エンドロール,Mass of the Fermenting Dregs,Alternative Rock,2008,Japan,320k,mp3,9:25,Studio,LP
Mass of the Fermenting Dregs,I F A Surfer,Mass of the Fermenting Dregs,Alternative Rock,2008,Japan,320k,mp3,3:38,Studio,LP
Mass of the Fermenting Dregs,ペアーズ,Mass of the Fermenting Dregs,Alternative Rock,2008,Japan,320k,mp3,4:47,Studio,LP
Big Thief,Little Arrow,Masterpiece,Indie Rock,2016,USA,320k,mp3,1:58,Studio,LP
Big Thief,Masterpiece,Masterpiece,Indie Rock,2016,USA,320k,mp3,3:50,Studio,LP
Big Thief,Vegas,Masterpiece,Indie Rock,2016,USA,320k,mp3,2:19,Studio,LP
Big Thief,Real Love,Masterpiece,Indie Rock,2016,USA,320k,mp3,4:17,Studio,LP
Big Thief,Interstate,Masterpiece,Indie Rock,2016,USA,320k,mp3,3:24,Studio,LP
Big Thief,Lorraine,Masterpiece,Indie Rock,2016,USA,320k,mp3,1:53,Studio,LP
Big Thief,Paul,Masterpiece,Indie Rock,2016,USA,320k,mp3,3:03,Studio,LP
Big Thief,Humans,Masterpiece,Indie Rock,2016,USA,320k,mp3,3:23,Studio,LP
Big Thief,Velvet Ring,Masterpiece,Indie Rock,2016,USA,320k,mp3,2:35,Studio,LP
Big Thief,Animals,Masterpiece,Indie Rock,2016,USA,320k,mp3,2:59,Studio,LP
Big Thief,Randy,Masterpiece,Indie Rock,2016,USA,320k,mp3,3:09,Studio,LP
Big Thief,Parallels,Masterpiece,Indie Rock,2016,USA,320k,mp3,4:23,Studio,LP
Sigur Rós,Gobbledigook,Með Suð Í Eyrum Við Spilum Endalaust,Dream Pop,2008,Iceland,320k,mp3,3:08,Studio,LP
Sigur Rós,Inní Mér Syngur Vitleysingur,Með Suð Í Eyrum Við Spilum Endalaust,Dream Pop,2008,Iceland,320k,mp3,4:05,Studio,LP
Sigur Rós,Góðan Daginn,Með Suð Í Eyrum Við Spilum Endalaust,Dream Pop,2008,Iceland,320k,mp3,5:15,Studio,LP
Sigur Rós,Við Spilum Endalaust,Með Suð Í Eyrum Við Spilum Endalaust,Dream Pop,2008,Iceland,320k,mp3,3:33,Studio,LP
Sigur Rós,Festival,Með Suð Í Eyrum Við Spilum Endalaust,Dream Pop,2008,Iceland,320k,mp3,9:23,Studio,LP
Sigur Rós,Með Suð Í Eyrum,Með Suð Í Eyrum Við Spilum Endalaust,Dream Pop,2008,Iceland,320k,mp3,4:56,Studio,LP
Sigur Rós,Ára Bátur,Með Suð Í Eyrum Við Spilum Endalaust,Dream Pop,2008,Iceland,320k,mp3,8:57,Studio,LP
Sigur Rós,Íllgresi,Með Suð Í Eyrum Við Spilum Endalaust,Dream Pop,2008,Iceland,320k,mp3,4:13,Studio,LP
Sigur Rós,Fljótavík,Með Suð Í Eyrum Við Spilum Endalaust,Dream Pop,2008,Iceland,320k,mp3,3:49,Studio,LP
Sigur Rós,Straumnes,Með Suð Í Eyrum Við Spilum Endalaust,Dream Pop,2008,Iceland,320k,mp3,2:01,Studio,LP
Sigur Rós,All Alright,Með Suð Í Eyrum Við Spilum Endalaust,Dream Pop,2008,Iceland,320k,mp3,6:21,Studio,LP
Pink Floyd,One Of These Days,Meddle,Progressive Rock,1971,UK; England,320k,mp3,5:57,Studio,LP
Pink Floyd,A Pillow Of Winds,Meddle,Progressive Rock,1971,UK; England,320k,mp3,5:11,Studio,LP
Pink Floyd,Fearless,Meddle,Progressive Rock,1971,UK; England,320k,mp3,6:09,Studio,LP
Pink Floyd,San Tropez,Meddle,Progressive Rock,1971,UK; England,320k,mp3,3:44,Studio,LP
Pink Floyd,Seamus,Meddle,Progressive Rock,1971,UK; England,320k,mp3,2:16,Studio,LP
Pink Floyd,Echoes,Meddle,Progressive Rock,1971,UK; England,320k,mp3,23:32,Studio,LP
John Coltrane,The Father and the Son and the Holy Ghost,Meditations,Free Jazz; Spiritual Jazz,1965,USA,320k,mp3,12:51,Studio,LP
John Coltrane,Compassion,Meditations,Free Jazz; Spiritual Jazz,1965,USA,320k,mp3,6:51,Studio,LP
John Coltrane,Love,Meditations,Free Jazz; Spiritual Jazz,1965,USA,320k,mp3,8:10,Studio,LP
John Coltrane,Consequences,Meditations,Free Jazz; Spiritual Jazz,1965,USA,320k,mp3,9:12,Studio,LP
John Coltrane,Serenity,Meditations,Free Jazz; Spiritual Jazz,1965,USA,320k,mp3,3:30,Studio,LP
Björk,Pleasure Is All Mine,Medúlla,A Cappella; Art Rock; Experimental,2004,Iceland,320k,mp3,3:26,Studio,LP
Björk,Show Me Forgiveness,Medúlla,A Cappella; Art Rock; Experimental,2004,Iceland,320k,mp3,1:23,Studio,LP
Björk,Where Is the Line,Medúlla,A Cappella; Art Rock; Experimental,2004,Iceland,320k,mp3,4:41,Studio,LP
Björk,Vökuró,Medúlla,A Cappella; Art Rock; Experimental,2004,Iceland,320k,mp3,3:14,Studio,LP
Björk,Öll birtan,Medúlla,A Cappella; Art Rock; Experimental,2004,Iceland,320k,mp3,1:52,Studio,LP
Björk,"Who Is It (Carry My Joy on the Left, Carry My Pain on the Right)",Medúlla,A Cappella; Art Rock; Experimental,2004,Iceland,320k,mp3,3:57,Studio,LP
Björk,Submarine,Medúlla,A Cappella; Art Rock; Experimental,2004,Iceland,320k,mp3,3:13,Studio,LP
Björk,Desired Constellation,Medúlla,A Cappella; Art Rock; Experimental,2004,Iceland,320k,mp3,4:55,Studio,LP
Björk,Oceania,Medúlla,A Cappella; Art Rock; Experimental,2004,Iceland,320k,mp3,3:24,Studio,LP
Björk,Sonnets/Unrealities XI,Medúlla,A Cappella; Art Rock; Experimental,2004,Iceland,320k,mp3,1:59,Studio,LP
Björk,Ancestors,Medúlla,A Cappella; Art Rock; Experimental,2004,Iceland,320k,mp3,4:08,Studio,LP
Björk,Mouth’s Cradle,Medúlla,A Cappella; Art Rock; Experimental,2004,Iceland,320k,mp3,3:59,Studio,LP
Björk,Miðvikudags,Medúlla,A Cappella; Art Rock; Experimental,2004,Iceland,320k,mp3,1:24,Studio,LP
Björk,Triumph of a Heart,Medúlla,A Cappella; Art Rock; Experimental,2004,Iceland,320k,mp3,4:04,Studio,LP
Ryo Fukui,Mellow Dream,Mellow Dream,Hard Bop; Cool Jazz,2006,Japan,192k,mp3,9:51,Studio,LP
Ryo Fukui,My Foolish Heart,Mellow Dream,Hard Bop; Cool Jazz,2006,Japan,192k,mp3,6:55,Studio,LP
Ryo Fukui,Baron Patato Blues,Mellow Dream,Hard Bop; Cool Jazz,2006,Japan,192k,mp3,7:05,Studio,LP
Ryo Fukui,What's New,Mellow Dream,Hard Bop; Cool Jazz,2006,Japan,192k,mp3,5:59,Studio,LP
Ryo Fukui,Horizon,Mellow Dream,Hard Bop; Cool Jazz,2006,Japan,192k,mp3,9:30,Studio,LP
Ryo Fukui,My Funny Valentine,Mellow Dream,Hard Bop; Cool Jazz,2006,Japan,192k,mp3,3:21,Studio,LP
Ryo Fukui,Early Summer '06,Mellow Dream,Hard Bop; Cool Jazz,2006,Japan,192k,mp3,8:50,Studio,LP
Animal Collective,In the Flowers,Merriweather Post Pavilion,Psychedelic Pop; Neo-Psychedelia; Indietronica,2009,USA,252k VBR,mp3,5:22,Studio,LP
Animal Collective,My Girls,Merriweather Post Pavilion,Psychedelic Pop; Neo-Psychedelia; Indietronica,2009,USA,265k VBR,mp3,5:40,Studio,LP
Animal Collective,Also Frightened,Merriweather Post Pavilion,Psychedelic Pop; Neo-Psychedelia; Indietronica,2009,USA,273k VBR,mp3,5:14,Studio,LP
Animal Collective,Summertime Clothes,Merriweather Post Pavilion,Psychedelic Pop; Neo-Psychedelia; Indietronica,2009,USA,282k VBR,mp3,4:30,Studio,LP
Animal Collective,Daily Routine,Merriweather Post Pavilion,Psychedelic Pop; Neo-Psychedelia; Indietronica,2009,USA,258k VBR,mp3,5:46,Studio,LP
Animal Collective,Bluish,Merriweather Post Pavilion,Psychedelic Pop; Neo-Psychedelia; Indietronica,2009,USA,281k VBR,mp3,5:13,Studio,LP
Animal Collective,Guys Eyes,Merriweather Post Pavilion,Psychedelic Pop; Neo-Psychedelia; Indietronica,2009,USA,262k VBR,mp3,4:30,Studio,LP
Animal Collective,Taste,Merriweather Post Pavilion,Psychedelic Pop; Neo-Psychedelia; Indietronica,2009,USA,265k VBR,mp3,3:53,Studio,LP
Animal Collective,Lion in a Coma,Merriweather Post Pavilion,Psychedelic Pop; Neo-Psychedelia; Indietronica,2009,USA,275k VBR,mp3,4:12,Studio,LP
Animal Collective,No More Runnin,Merriweather Post Pavilion,Psychedelic Pop; Neo-Psychedelia; Indietronica,2009,USA,244k VBR,mp3,4:23,Studio,LP
Animal Collective,Brothersport,Merriweather Post Pavilion,Indie Rock,2009,USA,255k VBR,mp3,5:59,Studio,LP
Massive Attack,Angel,Mezzanine,Trip Hop,1998,UK; England,800k,flac,6:19,Studio,LP
Massive Attack,Risingson,Mezzanine,Trip Hop,1998,UK; England,875k,flac,4:58,Studio,LP
Massive Attack,Teardrop,Mezzanine,Trip Hop,1998,UK; England,841k,flac,5:30,Studio,LP
Massive Attack,Inertia Creeps,Mezzanine,Trip Hop,1998,UK; England,862k,flac,5:57,Studio,LP
Massive Attack,Exchange,Mezzanine,Trip Hop,1998,UK; England,719k,flac,4:11,Studio,LP
Massive Attack,Dissolved Girl,Mezzanine,Trip Hop,1998,UK; England,803k,flac,6:06,Studio,LP
Massive Attack,Man Next Door,Mezzanine,Trip Hop,1998,UK; England,752k,flac,5:56,Studio,LP
Massive Attack,Black Milk,Mezzanine,Trip Hop,1998,UK; England,765k,flac,6:21,Studio,LP
Massive Attack,Mezzanine,Mezzanine,Trip Hop,1998,UK; England,809k,flac,5:56,Studio,LP
Massive Attack,Group Four,Mezzanine,Trip Hop,1998,UK; England,840k,flac,8:12,Studio,LP
Massive Attack,(Exchange),Mezzanine,Trip Hop,1998,UK; England,696k,flac,4:10,Studio,LP
Sufjan Stevens,Flint (For the Unemployed and Underpaid),Michigan,Chamber Folk,2003,USA,188k VBR,wma,3:43,Studio,LP
Sufjan Stevens,"All Good Naysayers, Speak Up! Or Forever Hold Your Peace!",Michigan,Chamber Folk,2003,USA,192k,mp3,4:33,Studio,LP
Sufjan Stevens,"For the Widows in Paradise, for the Fatherless in Ypsilanti",Michigan,Chamber Folk,2003,USA,174k VBR,wma,3:57,Studio,LP
Sufjan Stevens,Say Yes! to M!ch!gan!,Michigan,Chamber Folk,2003,USA,192k,mp3,2:46,Studio,LP
Sufjan Stevens,The Upper Peninsula,Michigan,Chamber Folk,2003,USA,192k,mp3,3:23,Studio,LP
Sufjan Stevens,Tahquamenon Falls,Michigan,Chamber Folk,2003,USA,140k VBR,wma,2:18,Studio,LP
Sufjan Stevens,Holland,Michigan,Chamber Folk,2003,USA,185k VBR,wma,3:26,Studio,LP
Sufjan Stevens,"Oh Detroit, Lift Up Your Weary Head! (Rebuild! Restore! Reconsider!)",Michigan,Chamber Folk,2003,USA,188k VBR,wma,8:20,Studio,LP
Sufjan Stevens,Romulus,Michigan,Chamber Folk,2003,USA,175k VBR,wma,4:41,Studio,LP
Sufjan Stevens,"Alanson, Crooked River",Michigan,Chamber Folk,2003,USA,175k VBR,wma,1:18,Studio,LP
Sufjan Stevens,"Sleeping Bear, Sault Ste. Marie",Michigan,Chamber Folk,2003,USA,177k VBR,wma,2:52,Studio,LP
Sufjan Stevens,They Also Mourn Who Do Not Wear Black (For the Homeless in Muskegon),Michigan,Chamber Folk,2003,USA,183k VBR,wma,6:21,Studio,LP
Sufjan Stevens,Oh God Where Are You Now? (In Pickerel Lake? Pigeon? Marquette? Mackinaw?),Michigan,Chamber Folk,2003,USA,190k VBR,wma,9:23,Studio,LP
Sufjan Stevens,Redford (For Yia‐Yia and Pappou),Michigan,Chamber Folk,2003,USA,195k VBR,wma,2:02,Studio,LP
Sufjan Stevens,Vito’s Ordination Song,Michigan,Chamber Folk,2003,USA,187k VBR,wma,7:06,Studio,LP
Miles Davis,Stuff,Miles In The Sky,Post-Bop; Modal Jazz,1968,USA,796k,flac,17:04,Studio,LP
Miles Davis,Paraphernalia,Miles In The Sky,Post-Bop; Modal Jazz,1968,USA,730k,flac,12:41,Studio,LP
Miles Davis,Black Comedy,Miles In The Sky,Post-Bop; Modal Jazz,1968,USA,885k,flac,7:33,Studio,LP
Miles Davis,Country Son,Miles In The Sky,Post-Bop; Modal Jazz,1968,USA,816k,flac,13:53,Studio,LP
Miles Davis,Orbits,Miles Smiles,Modal Jazz; Post-Bop,1967,USA,128k,mp3,4:38,Studio,LP
Miles Davis,Circle,Miles Smiles,Modal Jazz; Post-Bop,1967,USA,128k,mp3,5:53,Studio,LP
Miles Davis,Footprints,Miles Smiles,Modal Jazz; Post-Bop,1967,USA,128k,mp3,9:47,Studio,LP
Miles Davis,Dolores,Miles Smiles,Modal Jazz; Post-Bop,1967,USA,128k,mp3,6:21,Studio,LP
Miles Davis,Freedom Jazz Dance,Miles Smiles,Modal Jazz; Post-Bop,1967,USA,128k,mp3,7:15,Studio,LP
Miles Davis,Gingerbread Boy,Miles Smiles,Modal Jazz; Post-Bop,1967,USA,128k,mp3,7:43,Studio,LP
Tortoise,Djed,Millions Now Living Will Never Die,Post-Rock; Jazz Rock; Krautrock,1996,USA,320k,mp3,20:57,Studio,LP
Tortoise,Glass Museum,Millions Now Living Will Never Die,Post-Rock; Jazz Rock; Krautrock,1996,USA,320k,mp3,5:27,Studio,LP
Tortoise,A Survey,Millions Now Living Will Never Die,Post-Rock; Jazz Rock; Krautrock,1996,USA,320k,mp3,2:52,Studio,LP
Tortoise,The Taut and Tame,Millions Now Living Will Never Die,Post-Rock; Jazz Rock; Krautrock,1996,USA,320k,mp3,5:02,Studio,LP
Tortoise,Dear Grandma and Grandpa,Millions Now Living Will Never Die,Post-Rock; Jazz Rock; Krautrock,1996,USA,320k,mp3,2:49,Studio,LP
Tortoise,Along the Banks of Rivers,Millions Now Living Will Never Die,Post-Rock; Jazz Rock; Krautrock,1996,USA,320k,mp3,5:51,Studio,LP
Tortoise,Gamera,Millions Now Living Will Never Die,Post-Rock; Jazz Rock; Krautrock,1996,USA,320k,mp3,11:55,Studio,LP
Tortoise,Goriri,Millions Now Living Will Never Die,Post-Rock; Jazz Rock; Krautrock,1996,USA,320k,mp3,6:39,Studio,LP
Tortoise,Restless Waters,Millions Now Living Will Never Die,Post-Rock; Jazz Rock; Krautrock,1996,USA,320k,mp3,3:41,Studio,LP
Charles Mingus,Better Git It In Your Soul,Mingus Ah Um,Post-Bop,1959,USA,928k,flac,7:23,Studio,LP
Charles Mingus,Goodbye Pork Pie Hat,Mingus Ah Um,Post-Bop,1959,USA,757k,flac,5:44,Studio,LP
Charles Mingus,Boogie Stop Shuffle,Mingus Ah Um,Post-Bop,1959,USA,875k,flac,5:02,Studio,LP
Charles Mingus,Self-Portrait In Three Colors,Mingus Ah Um,Post-Bop,1959,USA,759k,flac,3:10,Studio,LP
Charles Mingus,Open Letter To Duke,Mingus Ah Um,Post-Bop,1959,USA,829k,flac,5:51,Studio,LP
Charles Mingus,Bird Calls,Mingus Ah Um,Post-Bop,1959,USA,899k,flac,6:17,Studio,LP
Charles Mingus,Fables Of Faubus,Mingus Ah Um,Post-Bop,1959,USA,784k,flac,8:13,Studio,LP
Charles Mingus,Pussy Cat Dues,Mingus Ah Um,Post-Bop,1959,USA,736k,flac,9:14,Studio,LP
Charles Mingus,Jelly Roll,Mingus Ah Um,Post-Bop,1959,USA,804k,flac,6:17,Studio,LP
Charles Mingus,Pedal Point Blues,Mingus Ah Um,Post-Bop,1959,USA,819k,flac,6:30,Studio,LP
Charles Mingus,GG Train,Mingus Ah Um,Post-Bop,1959,USA,853k,flac,4:39,Studio,LP
Charles Mingus,Girl Of My Dreams,Mingus Ah Um,Post-Bop,1959,USA,861k,flac,4:08,Studio,LP
Charles Mingus,II B.S. (Edit),Mingus Mingus Mingus Mingus Mingus,Post-Bop,1964,USA,996k,flac,4:48,Studio,LP
Charles Mingus,I X Love (Long Version),Mingus Mingus Mingus Mingus Mingus,Post-Bop,1964,USA,900k,flac,7:41,Studio,LP
Charles Mingus,Celia,Mingus Mingus Mingus Mingus Mingus,Post-Bop,1964,USA,1034k,flac,6:14,Studio,LP
Charles Mingus,Mood Indigo,Mingus Mingus Mingus Mingus Mingus,Post-Bop,1964,USA,809k,flac,4:45,Studio,LP
Charles Mingus,Better Get Hit In Yo' Soul (Long Version),Mingus Mingus Mingus Mingus Mingus,Post-Bop,1964,USA,1076k,flac,6:30,Studio,LP
Charles Mingus,Theme For Lester Young,Mingus Mingus Mingus Mingus Mingus,Post-Bop,1964,USA,879k,flac,5:51,Studio,LP
Charles Mingus,Hora Decubitus,Mingus Mingus Mingus Mingus Mingus,Post-Bop,1964,USA,1080k,flac,4:43,Studio,LP
Charles Mingus,Freedom,Mingus Mingus Mingus Mingus Mingus,Post-Bop,1964,USA,993k,flac,5:10,Studio,LP
Talk Talk,After the Flood,Missing Pieces,Post-Rock; Experimental Rock,2001,UK; England,320k,mp3,4:14,Studio,LP
Talk Talk,Myrrhman,Missing Pieces,Post-Rock; Experimental Rock,2001,UK; England,320k,mp3,5:36,Studio,LP
Talk Talk,New Grass,Missing Pieces,Post-Rock; Experimental Rock,2001,UK; England,320k,mp3,9:36,Studio,LP
Talk Talk,Stump,Missing Pieces,Post-Rock; Experimental Rock,2001,UK; England,320k,mp3,4:45,Studio,LP
Talk Talk,Ascension Day,Missing Pieces,Post-Rock; Experimental Rock,2001,UK; England,320k,mp3,6:04,Studio,LP
Talk Talk,5:09,Missing Pieces,Post-Rock; Experimental Rock,2001,UK; England,320k,mp3,5:13,Studio,LP
Talk Talk,Piano,Missing Pieces,Post-Rock; Experimental Rock,2001,UK; England,320k,mp3,14:39,Studio,LP
Art Blakey and the Jazz Messengers,Warm-Up / Dialogue Between Lee Morgan And Rudy Van Gelder,Moanin',Hard Bop,1958,USA,719k,flac,0:35,Studio,LP
Art Blakey and the Jazz Messengers,Moanin',Moanin',Hard Bop,1958,USA,940k,flac,9:30,Studio,LP
Art Blakey and the Jazz Messengers,Are You Real,Moanin',Hard Bop,1958,USA,1047k,flac,4:47,Studio,LP
Art Blakey and the Jazz Messengers,Along Came Betty,Moanin',Hard Bop,1958,USA,959k,flac,6:08,Studio,LP
Art Blakey and the Jazz Messengers,The Drum Thunder Suite,Moanin',Hard Bop,1958,USA,864k,flac,7:30,Studio,LP
Art Blakey and the Jazz Messengers,Blues March,Moanin',Hard Bop,1958,USA,1000k,flac,6:13,Studio,LP
Art Blakey and the Jazz Messengers,Come Rain Or Come Shine,Moanin',Hard Bop,1958,USA,963k,flac,5:45,Studio,LP
Art Blakey and the Jazz Messengers,Moanin' (Alternate Take),Moanin',Hard Bop,1958,USA,971k,flac,9:19,Studio,LP
Howlin' Wolf,Moanin’ at Midnight,Moanin’ in the Moonlight,Chicago Blues,1968,USA,320k,mp3,2:56,Studio,LP
Howlin' Wolf,How Many More Years,Moanin’ in the Moonlight,Chicago Blues,1968,USA,320k,mp3,2:42,Studio,LP
Howlin' Wolf,Smokestack Lightnin’,Moanin’ in the Moonlight,Chicago Blues,1968,USA,320k,mp3,3:08,Studio,LP
Howlin' Wolf,"Baby, How Long",Moanin’ in the Moonlight,Chicago Blues,1968,USA,320k,mp3,2:55,Studio,LP
Howlin' Wolf,No Place to Go,Moanin’ in the Moonlight,Chicago Blues,1968,USA,320k,mp3,2:58,Studio,LP
Howlin' Wolf,All Night Boogie,Moanin’ in the Moonlight,Chicago Blues,1968,USA,320k,mp3,2:15,Studio,LP
Howlin' Wolf,Evil,Moanin’ in the Moonlight,Chicago Blues,1968,USA,320k,mp3,2:53,Studio,LP
Howlin' Wolf,I’m Leavin’ You,Moanin’ in the Moonlight,Chicago Blues,1968,USA,320k,mp3,3:00,Studio,LP
Howlin' Wolf,Moanin’ for My Baby,Moanin’ in the Moonlight,Chicago Blues,1968,USA,320k,mp3,2:51,Studio,LP
Howlin' Wolf,I Asked for Water (She Gave Me Gasoline),Moanin’ in the Moonlight,Chicago Blues,1968,USA,320k,mp3,2:52,Studio,LP
Howlin' Wolf,Forty-Four,Moanin’ in the Moonlight,Chicago Blues,1968,USA,320k,mp3,2:49,Studio,LP
Howlin' Wolf,Somebody in My Home,Moanin’ in the Moonlight,Chicago Blues,1968,USA,320k,mp3,2:26,Studio,LP
Mogwai,Yes! I Am A Long Way From Home,Mogwai Young Team,Post-Rock,1997,UK; Scotland,320k,mp3,5:57,Studio,LP
Mogwai,Like Herod,Mogwai Young Team,Post-Rock,1997,UK; Scotland,320k,mp3,11:40,Studio,LP
Mogwai,Katrien,Mogwai Young Team,Post-Rock,1997,UK; Scotland,320k,mp3,5:24,Studio,LP
Mogwai,Radar Maker,Mogwai Young Team,Post-Rock,1997,UK; Scotland,320k,mp3,1:34,Studio,LP
Mogwai,Tracy,Mogwai Young Team,Post-Rock,1997,UK; Scotland,320k,mp3,7:20,Studio,LP
Mogwai,Summer (Priority Version),Mogwai Young Team,Post-Rock,1997,UK; Scotland,320k,mp3,3:28,Studio,LP
Mogwai,With Portfolio,Mogwai Young Team,Post-Rock,1997,UK; Scotland,320k,mp3,3:11,Studio,LP
Mogwai,R U Still In 2 It,Mogwai Young Team,Post-Rock,1997,UK; Scotland,320k,mp3,7:20,Studio,LP
Mogwai,A Cheery Wave From Stranded Youngsters,Mogwai Young Team,Post-Rock,1997,UK; Scotland,320k,mp3,2:18,Studio,LP
Mogwai,Mogwai Fear Satan,Mogwai Young Team,Post-Rock,1997,UK; Scotland,320k,mp3,16:19,Studio,LP
Mogwai,Young Face Gone Wrong,Mogwai Young Team,Post-Rock,1997,UK; Scotland,320k,mp3,2:58,Studio,LP
Mogwai,I Don't Know What To Say,Mogwai Young Team,Post-Rock,1997,UK; Scotland,320k,mp3,1:14,Studio,LP
Mogwai,I Can't Remember,Mogwai Young Team,Post-Rock,1997,UK; Scotland,320k,mp3,3:13,Studio,LP
Mogwai,Honey,Mogwai Young Team,Post-Rock,1997,UK; Scotland,320k,mp3,4:18,Studio,LP
Mogwai,Katrien [Live],Mogwai Young Team,Post-Rock,1997,UK; Scotland,320k,mp3,5:31,Studio,LP
Mogwai,R U Still In 2 It [Live],Mogwai Young Team,Post-Rock,1997,UK; Scotland,320k,mp3,8:01,Studio,LP
Mogwai,Like Herod [Live],Mogwai Young Team,Post-Rock,1997,UK; Scotland,320k,mp3,7:53,Studio,LP
Mogwai,Summer (Priority) [Live],Mogwai Young Team,Post-Rock,1997,UK; Scotland,320k,mp3,2:58,Studio,LP
Mogwai,Mogwai Fear Satan [Live],Mogwai Young Team,Post-Rock,1997,UK; Scotland,320k,mp3,10:25,Studio,LP
Thelonious Monk,Abide With Me,Monk's Music,Hard Bop,1957,USA,5337k,flac,0:56,Studio,LP
Thelonious Monk,Well You Needn't,Monk's Music,Hard Bop,1957,USA,5618k,flac,11:42,Studio,LP
Thelonious Monk,"Ruby, My Dear",Monk's Music,Hard Bop,1957,USA,5577k,flac,5:36,Studio,LP
Thelonious Monk,Off Minor,Monk's Music,Hard Bop,1957,USA,5618k,flac,5:10,Studio,LP
Thelonious Monk,Epistrophy,Monk's Music,Hard Bop,1957,USA,5626k,flac,10:49,Studio,LP
Thelonious Monk,Crepuscule With Nellie,Monk's Music,Hard Bop,1957,USA,5660k,flac,4:38,Studio,LP
Can,Father Cannot Yell,Monster Movie,Krautrock; Psychedelic Rock,1969,Germany,320k,mp3,7:02,Studio,LP
Can,"Mary, Mary, So Contrary",Monster Movie,Krautrock; Psychedelic Rock,1969,Germany,320k,mp3,6:18,Studio,LP
Can,Outside My Door,Monster Movie,Krautrock; Psychedelic Rock,1969,Germany,320k,mp3,4:08,Studio,LP
Can,Yoo Doo Right,Monster Movie,Krautrock; Psychedelic Rock,1969,Germany,320k,mp3,20:28,Studio,LP
Slowdive,Morningrise,Morningrise,Dream Pop,1991,UK; England,320k,mp3,4:19,Studio,EP
Slowdive,She Calls,Morningrise,Shoegaze,1991,UK; England,320k,mp3,5:37,Studio,EP
Slowdive,Losing Today,Morningrise,Shoegaze,1991,UK; England,320k,mp3,5:00,Studio,EP
The Microphones,I. The Sun,Mount Eerie,Avant-Folk; Psychedelic Folk,2003,USA,246k VBR,mp3,17:11,Studio,LP
The Microphones,II. Solar System,Mount Eerie,Avant-Folk; Psychedelic Folk,2003,USA,231k VBR,mp3,3:38,Studio,LP
The Microphones,III. Universe,Mount Eerie,Avant-Folk; Psychedelic Folk,2003,USA,232k VBR,mp3,6:41,Studio,LP
The Microphones,IV. Mt. Eerie,Mount Eerie,Avant-Folk; Psychedelic Folk,2003,USA,227k VBR,mp3,8:58,Studio,LP
The Microphones,V. Universe,Mount Eerie,Avant-Folk; Psychedelic Folk,2003,USA,221k VBR,mp3,4:23,Studio,LP
Mogwai,Auto Rock,Mr Beast,Post-Rock,2006,UK; Scotland,128k,mp3,4:19,Studio,LP
Mogwai,Glasgow Mega-Snake,Mr Beast,Post-Rock,2006,UK; Scotland,128k,mp3,3:34,Studio,LP
Mogwai,Acid Food,Mr Beast,Post-Rock,2006,UK; Scotland,128k,mp3,3:41,Studio,LP
Mogwai,Travel Is Dangerous,Mr Beast,Post-Rock,2006,UK; Scotland,128k,mp3,4:01,Studio,LP
Mogwai,Team Handed,Mr Beast,Post-Rock,2006,UK; Scotland,128k,mp3,3:58,Studio,LP
Mogwai,Friend Of The Night,Mr Beast,Post-Rock,2006,UK; Scotland,128k,mp3,5:28,Studio,LP
Mogwai,Emergency Trap,Mr Beast,Post-Rock,2006,UK; Scotland,128k,mp3,3:33,Studio,LP
Mogwai,Folk Death 95,Mr Beast,Post-Rock,2006,UK; Scotland,128k,mp3,3:35,Studio,LP
Mogwai,I Chose Horses,Mr Beast,Post-Rock,2006,UK; Scotland,128k,mp3,5:11,Studio,LP
Mogwai,We're No Here,Mr Beast,Post-Rock,2006,UK; Scotland,128k,mp3,5:47,Studio,LP
King Gizzard & The Lizard Wizard,A New World,Murder of the Universe,Psychedelic Rock; Garage Rock; Spoken Word,2017,Australia,320k,mp3,0:57,Studio,LP
King Gizzard & The Lizard Wizard,Altered Beast I,Murder of the Universe,Psychedelic Rock; Garage Rock; Spoken Word,2017,Australia,320k,mp3,2:23,Studio,LP
King Gizzard & The Lizard Wizard,Alter Me I,Murder of the Universe,Psychedelic Rock; Garage Rock; Spoken Word,2017,Australia,320k,mp3,0:45,Studio,LP
King Gizzard & The Lizard Wizard,Altered Beast II,Murder of the Universe,Psychedelic Rock; Garage Rock; Spoken Word,2017,Australia,320k,mp3,4:28,Studio,LP
King Gizzard & The Lizard Wizard,Alter Me II,Murder of the Universe,Psychedelic Rock; Garage Rock; Spoken Word,2017,Australia,320k,mp3,1:25,Studio,LP
King Gizzard & The Lizard Wizard,Altered Beast III,Murder of the Universe,Psychedelic Rock; Garage Rock; Spoken Word,2017,Australia,320k,mp3,2:14,Studio,LP
King Gizzard & The Lizard Wizard,Alter Me III,Murder of the Universe,Psychedelic Rock; Garage Rock; Spoken Word,2017,Australia,320k,mp3,1:26,Studio,LP
King Gizzard & The Lizard Wizard,Altered Beast IV,Murder of the Universe,Psychedelic Rock; Garage Rock; Spoken Word,2017,Australia,320k,mp3,5:10,Studio,LP
King Gizzard & The Lizard Wizard,Life / Death,Murder of the Universe,Psychedelic Rock; Garage Rock; Spoken Word,2017,Australia,320k,mp3,0:59,Studio,LP
King Gizzard & The Lizard Wizard,Some Context,Murder of the Universe,Psychedelic Rock; Garage Rock; Spoken Word,2017,Australia,320k,mp3,0:17,Studio,LP
King Gizzard & The Lizard Wizard,The Reticent Raconteur,Murder of the Universe,Psychedelic Rock; Garage Rock; Spoken Word,2017,Australia,320k,mp3,1:04,Studio,LP
King Gizzard & The Lizard Wizard,The Lord of Lightning,Murder of the Universe,Psychedelic Rock; Garage Rock; Spoken Word,2017,Australia,320k,mp3,5:07,Studio,LP
King Gizzard & The Lizard Wizard,The Balrog,Murder of the Universe,Psychedelic Rock; Garage Rock; Spoken Word,2017,Australia,320k,mp3,4:29,Studio,LP
King Gizzard & The Lizard Wizard,The Floating Fire,Murder of the Universe,Psychedelic Rock; Garage Rock; Spoken Word,2017,Australia,320k,mp3,1:54,Studio,LP
King Gizzard & The Lizard Wizard,The Acrid Corpse,Murder of the Universe,Psychedelic Rock; Garage Rock; Spoken Word,2017,Australia,320k,mp3,1:00,Studio,LP
King Gizzard & The Lizard Wizard,Welcome To an Altered Future,Murder of the Universe,Psychedelic Rock; Garage Rock; Spoken Word,2017,Australia,320k,mp3,0:55,Studio,LP
King Gizzard & The Lizard Wizard,Digital Black,Murder of the Universe,Psychedelic Rock; Garage Rock; Spoken Word,2017,Australia,320k,mp3,2:46,Studio,LP
King Gizzard & The Lizard Wizard,"Han-Tyumi, The Confused Cyborg",Murder of the Universe,Psychedelic Rock; Garage Rock; Spoken Word,2017,Australia,320k,mp3,2:21,Studio,LP
King Gizzard & The Lizard Wizard,Soy-Protein Munt Machine,Murder of the Universe,Psychedelic Rock; Garage Rock; Spoken Word,2017,Australia,320k,mp3,0:30,Studio,LP
King Gizzard & The Lizard Wizard,Vomit Coffin,Murder of the Universe,Psychedelic Rock; Garage Rock; Spoken Word,2017,Australia,320k,mp3,2:19,Studio,LP
King Gizzard & The Lizard Wizard,Murder of the Universe,Murder of the Universe,Psychedelic Rock; Garage Rock; Spoken Word,2017,Australia,320k,mp3,4:09,Studio,LP
Sonic Youth,The Empty Page,Murray Street,Noise Rock,2002,USA,320k,mp3,4:20,Studio,LP
Sonic Youth,Disconnection Notice,Murray Street,Noise Rock,2002,USA,320k,mp3,6:24,Studio,LP
Sonic Youth,Rain on Tin,Murray Street,Noise Rock,2002,USA,320k,mp3,7:56,Studio,LP
Sonic Youth,Karen Revisited,Murray Street,Noise Rock,2002,USA,320k,mp3,11:10,Studio,LP
Sonic Youth,Radical Adults Lick Godhead Style,Murray Street,Noise Rock,2002,USA,320k,mp3,4:27,Studio,LP
Sonic Youth,Plastic Sun,Murray Street,Noise Rock,2002,USA,320k,mp3,2:14,Studio,LP
Sonic Youth,Sympathy for the Strawberry,Murray Street,Noise Rock,2002,USA,320k,mp3,9:06,Studio,LP
Steve Reich,Pulses,Music for 18 Musicians,Minimalism; Modern Classical,1978,USA,192k,mp3,5:26,Studio,LP
Steve Reich,Section I,Music for 18 Musicians,Minimalism; Modern Classical,1978,USA,192k,mp3,3:58,Studio,LP
Steve Reich,Section II,Music for 18 Musicians,Minimalism; Modern Classical,1978,USA,192k,mp3,5:13,Studio,LP
Steve Reich,Section IIIA,Music for 18 Musicians,Minimalism; Modern Classical,1978,USA,192k,mp3,3:55,Studio,LP
Steve Reich,Section IIIB,Music for 18 Musicians,Minimalism; Modern Classical,1978,USA,192k,mp3,3:45,Studio,LP
Steve Reich,Section IV,Music for 18 Musicians,Minimalism; Modern Classical,1978,USA,192k,mp3,6:37,Studio,LP
Steve Reich,Section V,Music for 18 Musicians,Minimalism; Modern Classical,1978,USA,192k,mp3,6:48,Studio,LP
Steve Reich,Section VI,Music for 18 Musicians,Minimalism; Modern Classical,1978,USA,192k,mp3,4:54,Studio,LP
Steve Reich,Section VII,Music for 18 Musicians,Minimalism; Modern Classical,1978,USA,192k,mp3,4:19,Studio,LP
Steve Reich,Section VIII,Music for 18 Musicians,Minimalism; Modern Classical,1978,USA,192k,mp3,3:34,Studio,LP
Steve Reich,Section IX,Music for 18 Musicians,Minimalism; Modern Classical,1978,USA,192k,mp3,5:23,Studio,LP
Steve Reich,Section X,Music for 18 Musicians,Minimalism; Modern Classical,1978,USA,192k,mp3,1:50,Studio,LP
Steve Reich,Section XI,Music for 18 Musicians,Minimalism; Modern Classical,1978,USA,192k,mp3,5:44,Studio,LP
Steve Reich,Pulses,Music for 18 Musicians,Minimalism; Modern Classical,1978,USA,192k,mp3,6:10,Studio,LP
吉村弘 [Hiroshi Yoshimura],Water Copy,Music For Nine Post Cards,Ambient,1982,Japan,192k,mp3,6:13,Studio,LP
吉村弘 [Hiroshi Yoshimura],Clouds,Music For Nine Post Cards,Ambient,1982,Japan,192k,mp3,5:56,Studio,LP
吉村弘 [Hiroshi Yoshimura],Blink,Music For Nine Post Cards,Ambient,1982,Japan,192k,mp3,4:44,Studio,LP
吉村弘 [Hiroshi Yoshimura],Dance PM,Music For Nine Post Cards,Ambient,1982,Japan,192k,mp3,6:32,Studio,LP
吉村弘 [Hiroshi Yoshimura],Ice Copy,Music For Nine Post Cards,Ambient,1982,Japan,192k,mp3,2:59,Studio,LP
吉村弘 [Hiroshi Yoshimura],Soto Wa Ame - Rain Out Of Window,Music For Nine Post Cards,Ambient,1982,Japan,192k,mp3,4:35,Studio,LP
吉村弘 [Hiroshi Yoshimura],View From My Window,Music For Nine Post Cards,Ambient,1982,Japan,192k,mp3,6:16,Studio,LP
吉村弘 [Hiroshi Yoshimura],Urban Snow,Music For Nine Post Cards,Ambient,1982,Japan,192k,mp3,4:45,Studio,LP
吉村弘 [Hiroshi Yoshimura],Dream,Music For Nine Post Cards,Ambient,1982,Japan,192k,mp3,5:26,Studio,LP
Boards of Canada,Wildlife Analysis,Music Has The Right To Children,IDM; Downtempo,1998,UK; Scotland,143k VBR,mp3,1:15,Studio,LP
Boards of Canada,An Eagle In Your Mind,Music Has The Right To Children,IDM; Downtempo,1998,UK; Scotland,196k VBR,mp3,6:25,Studio,LP
Boards of Canada,The Color Of The Fire,Music Has The Right To Children,IDM; Downtempo,1998,UK; Scotland,180k VBR,mp3,1:45,Studio,LP
Boards of Canada,Telephasic Workshop,Music Has The Right To Children,IDM; Downtempo,1998,UK; Scotland,200k VBR,mp3,6:35,Studio,LP
Boards of Canada,Triangles & Rhombuses,Music Has The Right To Children,IDM; Downtempo,1998,UK; Scotland,171k VBR,mp3,1:50,Studio,LP
Boards of Canada,Sixtyten,Music Has The Right To Children,IDM; Downtempo,1998,UK; Scotland,227k VBR,mp3,5:48,Studio,LP
Boards of Canada,Turquoise Hexagon Sun,Music Has The Right To Children,IDM; Downtempo,1998,UK; Scotland,167k VBR,mp3,5:07,Studio,LP
Boards of Canada,Kaini Industries,Music Has The Right To Children,IDM; Downtempo,1998,UK; Scotland,203k VBR,mp3,0:59,Studio,LP
Boards of Canada,Bocuma,Music Has The Right To Children,IDM; Downtempo,1998,UK; Scotland,171k VBR,mp3,1:36,Studio,LP
Boards of Canada,Roygbiv,Music Has The Right To Children,IDM; Downtempo,1998,UK; Scotland,220k VBR,mp3,2:31,Studio,LP
Boards of Canada,Rue The Whirl,Music Has The Right To Children,IDM; Downtempo,1998,UK; Scotland,200k VBR,mp3,6:39,Studio,LP
Boards of Canada,Aquarius,Music Has The Right To Children,IDM; Downtempo,1998,UK; Scotland,199k VBR,mp3,5:58,Studio,LP
Boards of Canada,Olson,Music Has The Right To Children,IDM; Downtempo,1998,UK; Scotland,161k VBR,mp3,1:31,Studio,LP
Boards of Canada,Pete Standing Alone,Music Has The Right To Children,IDM; Downtempo,1998,UK; Scotland,235k VBR,mp3,6:07,Studio,LP
Boards of Canada,Smokes Quantity,Music Has The Right To Children,IDM; Downtempo,1998,UK; Scotland,188k VBR,mp3,3:07,Studio,LP
Boards of Canada,Open The Light,Music Has The Right To Children,IDM; Downtempo,1998,UK; Scotland,171k VBR,mp3,4:25,Studio,LP
Boards of Canada,One Very Important Thought,Music Has The Right To Children,IDM; Downtempo,1998,UK; Scotland,157k VBR,mp3,1:25,Studio,LP
Boards of Canada,Happy Cycling,Music Has The Right To Children,IDM; Downtempo,1998,UK; Scotland,196k VBR,mp3,7:52,Studio,LP
Philip Glass,Music in Twelve Parts: I,Music in Twelve Parts,Classical,1976,USA,320k,mp3,16:06,Studio,LP
Philip Glass,Music in Twelve Parts: II,Music in Twelve Parts,Classical,1976,USA,320k,mp3,16:21,Studio,LP
Steven Stapleton & David Tibet,The Dead Side of the Moon,Musical Pumpkin Cottage,Experimental Rock; Industrial; Krautrock,1996,UK; England,128k,mp3,21:59,Studio,LP
Steven Stapleton & David Tibet,Bubblehead,Musical Pumpkin Cottage,Experimental Rock; Industrial; Krautrock,1996,UK; England,128k,mp3,23:06,Studio,LP
julie,catalogue,my anti-aircraft friend,Shoegaze; Slacker Rock; Noise Pop,2024,USA,986k,flac,3:14,Studio,LP
julie,tenebrist,my anti-aircraft friend,Shoegaze; Slacker Rock; Noise Pop,2024,USA,1027k,flac,3:35,Studio,LP
julie,very little effort,my anti-aircraft friend,Shoegaze; Slacker Rock; Noise Pop,2024,USA,960k,flac,4:16,Studio,LP
julie,clairbourne practice,my anti-aircraft friend,Shoegaze; Slacker Rock; Noise Pop,2024,USA,961k,flac,3:07,Studio,LP
julie,knob,my anti-aircraft friend,Shoegaze; Slacker Rock; Noise Pop,2024,USA,878k,flac,5:03,Studio,LP
julie,"thread, stitch",my anti-aircraft friend,Shoegaze; Slacker Rock; Noise Pop,2024,USA,994k,flac,4:20,Studio,LP
julie,feminine adornments,my anti-aircraft friend,Shoegaze; Slacker Rock; Noise Pop,2024,USA,1015k,flac,4:13,Studio,LP
julie,ill cook my own meals,my anti-aircraft friend,Shoegaze; Slacker Rock; Noise Pop,2024,USA,959k,flac,3:16,Studio,LP
julie,piano instrumental,my anti-aircraft friend,Shoegaze; Slacker Rock; Noise Pop,2024,USA,917k,flac,4:30,Studio,LP
julie,stuck in a car with angels,my anti-aircraft friend,Shoegaze; Slacker Rock; Noise Pop,2024,USA,764k,flac,3:40,Studio,LP
Sarathy Korwar & Upaj Collective,A Street In Bombay,My East Is Your West,Spiritual Jazz; Indo Jazz; Hindustani Classical Music,2018,India,320k,mp3,16:37,Studio,LP
Sarathy Korwar & Upaj Collective,The Creator Has A Master Plan,My East Is Your West,Spiritual Jazz; Indo Jazz; Hindustani Classical Music,2018,India,320k,mp3,9:30,Studio,LP
Sarathy Korwar & Upaj Collective,Mind Ecology,My East Is Your West,Spiritual Jazz; Indo Jazz; Hindustani Classical Music,2018,India,320k,mp3,8:24,Studio,LP
Sarathy Korwar & Upaj Collective,Malkauns (Part 1),My East Is Your West,Spiritual Jazz; Indo Jazz; Hindustani Classical Music,2018,India,320k,mp3,7:47,Studio,LP
Sarathy Korwar & Upaj Collective,Malkauns (Part 2),My East Is Your West,Spiritual Jazz; Indo Jazz; Hindustani Classical Music,2018,India,320k,mp3,13:35,Studio,LP
Sarathy Korwar & Upaj Collective,Journey In Satchidananda,My East Is Your West,Spiritual Jazz; Indo Jazz; Hindustani Classical Music,2018,India,320k,mp3,10:24,Studio,LP
Sarathy Korwar & Upaj Collective,Hajj,My East Is Your West,Spiritual Jazz; Indo Jazz; Hindustani Classical Music,2018,India,320k,mp3,12:16,Studio,LP
Sarathy Korwar & Upaj Collective,Earth,My East Is Your West,Spiritual Jazz; Indo Jazz; Hindustani Classical Music,2018,India,320k,mp3,14:40,Studio,LP
Sarathy Korwar & Upaj Collective,Mishrank,My East Is Your West,Spiritual Jazz; Indo Jazz; Hindustani Classical Music,2018,India,320k,mp3,10:20,Studio,LP
Sarathy Korwar & Upaj Collective,Utopia And Visions,My East Is Your West,Spiritual Jazz; Indo Jazz; Hindustani Classical Music,2018,India,320k,mp3,7:16,Studio,LP
Swans,No Words / No Thoughts,My Father Will Guide Me Up a Rope to the Sky,Alternative Rock,2010,USA,262k VBR,mp3,9:24,Studio,LP
Swans,Reeling the Liars In,My Father Will Guide Me Up a Rope to the Sky,Alternative Rock,2010,USA,265k VBR,mp3,2:20,Studio,LP
Swans,Jim,My Father Will Guide Me Up a Rope to the Sky,Alternative Rock,2010,USA,268k VBR,mp3,6:46,Studio,LP
Swans,My Birth,My Father Will Guide Me Up a Rope to the Sky,Alternative Rock,2010,USA,282k VBR,mp3,3:52,Studio,LP
Swans,You Fucking People Make Me Sick,My Father Will Guide Me Up a Rope to the Sky,Alternative Rock,2010,USA,261k VBR,mp3,5:08,Studio,LP
Swans,Inside Madeline,My Father Will Guide Me Up a Rope to the Sky,Alternative Rock,2010,USA,259k VBR,mp3,6:37,Studio,LP
Swans,Eden Prison,My Father Will Guide Me Up a Rope to the Sky,Alternative Rock,2010,USA,273k VBR,mp3,6:03,Studio,LP
Swans,Little Mouth,My Father Will Guide Me Up a Rope to the Sky,Alternative Rock,2010,USA,253k VBR,mp3,4:12,Studio,LP
John Coltrane,My Favorite Things,My Favorite Things,Modal Jazz; Post-Bop,1961,USA,320k,mp3,13:45,Studio,LP
John Coltrane,Ev'ry Time We Say Goodbye,My Favorite Things,Modal Jazz; Post-Bop,1961,USA,320k,mp3,5:44,Studio,LP
John Coltrane,Summertime,My Favorite Things,Modal Jazz; Post-Bop,1961,USA,320k,mp3,11:37,Studio,LP
John Coltrane,But Not for Me,My Favorite Things,Modal Jazz; Post-Bop,1961,USA,320k,mp3,9:34,Studio,LP
OOIOO,nijimusi,n i j i m u s i,Experimental Rock,2019,Japan,287k VBR,mp3,0:49,Studio,LP
OOIOO,nijimu,n i j i m u s i,Experimental Rock,2019,Japan,273k VBR,mp3,4:21,Studio,LP
OOIOO,jibun,n i j i m u s i,Experimental Rock,2019,Japan,268k VBR,mp3,6:18,Studio,LP
OOIOO,tisou,n i j i m u s i,Experimental Rock,2019,Japan,259k VBR,mp3,6:33,Studio,LP
OOIOO,asozan5,n i j i m u s i,Experimental Rock,2019,Japan,263k VBR,mp3,5:14,Studio,LP
OOIOO,bulun,n i j i m u s i,Experimental Rock,2019,Japan,247k VBR,mp3,8:37,Studio,LP
OOIOO,"walk for ""345"" minutes, while saying ""Ah Yeah!"" with a ""Mountain Book"" in one hand, until a shower of light pours down",n i j i m u s i,Experimental Rock,2019,Japan,274k VBR,mp3,11:16,Studio,LP
OOIOO,kawasemi Ah,n i j i m u s i,Experimental Rock,2019,Japan,260k VBR,mp3,8:24,Studio,LP
John Zorn,Batman,Naked City,Avant-Garde Jazz; Jazz Rock,1990,USA,320k,mp3,2:03,Studio,LP
John Zorn,The Sicilian Clan,Naked City,Avant-Garde Jazz; Jazz Rock,1990,USA,320k,mp3,3:33,Studio,LP
John Zorn,You Will Be Shot,Naked City,Avant-Garde Jazz; Jazz Rock,1990,USA,320k,mp3,1:31,Studio,LP
John Zorn,Latin Quarter,Naked City,Avant-Garde Jazz; Jazz Rock,1990,USA,320k,mp3,4:10,Studio,LP
John Zorn,A Shot in the Dark,Naked City,Avant-Garde Jazz; Jazz Rock,1990,USA,320k,mp3,3:13,Studio,LP
John Zorn,Reanimator,Naked City,Avant-Garde Jazz; Jazz Rock,1990,USA,320k,mp3,1:43,Studio,LP
John Zorn,Snagglepuss,Naked City,Avant-Garde Jazz; Jazz Rock,1990,USA,320k,mp3,2:20,Studio,LP
John Zorn,I Want to Live,Naked City,Avant-Garde Jazz; Jazz Rock,1990,USA,320k,mp3,2:12,Studio,LP
John Zorn,Lonely Woman,Naked City,Avant-Garde Jazz; Jazz Rock,1990,USA,320k,mp3,2:43,Studio,LP
John Zorn,Igneous Ejaculation,Naked City,Avant-Garde Jazz; Jazz Rock,1990,USA,320k,mp3,0:24,Studio,LP
John Zorn,Blood Duster,Naked City,Avant-Garde Jazz; Jazz Rock,1990,USA,320k,mp3,0:17,Studio,LP
John Zorn,Hammerhead,Naked City,Avant-Garde Jazz; Jazz Rock,1990,USA,320k,mp3,0:11,Studio,LP
John Zorn,Demon Sanctuary,Naked City,Avant-Garde Jazz; Jazz Rock,1990,USA,320k,mp3,0:42,Studio,LP
John Zorn,Obeah Man,Naked City,Avant-Garde Jazz; Jazz Rock,1990,USA,320k,mp3,0:20,Studio,LP
John Zorn,Ujaku,Naked City,Avant-Garde Jazz; Jazz Rock,1990,USA,320k,mp3,0:30,Studio,LP
John Zorn,Fuck the Facts,Naked City,Avant-Garde Jazz; Jazz Rock,1990,USA,320k,mp3,0:14,Studio,LP
John Zorn,Speedball,Naked City,Avant-Garde Jazz; Jazz Rock,1990,USA,320k,mp3,0:42,Studio,LP
John Zorn,Chinatown,Naked City,Avant-Garde Jazz; Jazz Rock,1990,USA,320k,mp3,4:28,Studio,LP
John Zorn,Punk China Doll,Naked City,Avant-Garde Jazz; Jazz Rock,1990,USA,320k,mp3,3:06,Studio,LP
John Zorn,N.Y. Flat Top Box,Naked City,Avant-Garde Jazz; Jazz Rock,1990,USA,320k,mp3,0:45,Studio,LP
John Zorn,Saigon Pickup,Naked City,Avant-Garde Jazz; Jazz Rock,1990,USA,320k,mp3,4:50,Studio,LP
John Zorn,The James Bond Theme,Naked City,Avant-Garde Jazz; Jazz Rock,1990,USA,320k,mp3,3:06,Studio,LP
John Zorn,Den of Sins,Naked City,Avant-Garde Jazz; Jazz Rock,1990,USA,320k,mp3,1:14,Studio,LP
John Zorn,Contempt,Naked City,Avant-Garde Jazz; Jazz Rock,1990,USA,320k,mp3,2:53,Studio,LP
John Zorn,Graveyard Shift,Naked City,Avant-Garde Jazz; Jazz Rock,1990,USA,320k,mp3,3:32,Studio,LP
John Zorn,Inside Straight,Naked City,Avant-Garde Jazz; Jazz Rock,1990,USA,320k,mp3,4:17,Studio,LP
Itoh Masyitoh & Rineka Swara,"Muka 1: 1. Naon Margina - ASDAR, 2. Malati Dina Imutna - DADI/ASKIN, 3. Bulan Ngeunteung - BRS, 4. Cipanon Ngembeng - NANDANG B",Naon Margina,Jaipongan,1980,Indonesia,320k,mp3,29:40,Studio,LP
Itoh Masyitoh & Rineka Swara,"Muka 2: 1. Cahya Sumirat Naek Banjaran, 2. Imut Sapasi - BSR, 3. Layung Kamari - ASDAR, 4. Bibit Asih - DADI/WH",Naon Margina,Jaipongan,1980,Indonesia,320k,mp3,28:53,Studio,LP
Neu!,Hallogallo,NEU!,Krautrock,1972,Germany,320k,mp3,10:07,Studio,LP
Neu!,Sonderangebot,NEU!,Krautrock,1972,Germany,320k,mp3,4:51,Studio,LP
Neu!,Weissensee,NEU!,Krautrock,1972,Germany,320k,mp3,6:46,Studio,LP
Neu!,Im Glück,NEU!,Krautrock,1972,Germany,320k,mp3,6:53,Studio,LP
Neu!,Negativland,NEU!,Krautrock,1972,Germany,320k,mp3,9:47,Studio,LP
Neu!,Lieber Honig,NEU!,Krautrock,1972,Germany,320k,mp3,7:18,Studio,LP
Nirvana,Smells Like Teen Spirit,Nevermind,Grunge; Alternative Rock,1991,USA,128k,mp3,5:01,Studio,LP
Nirvana,In Bloom,Nevermind,Grunge; Alternative Rock,1991,USA,128k,mp3,4:15,Studio,LP
Nirvana,Come As You Are,Nevermind,Grunge; Alternative Rock,1991,USA,128k,mp3,3:39,Studio,LP
Nirvana,Breed,Nevermind,Grunge; Alternative Rock,1991,USA,128k,mp3,3:03,Studio,LP
Nirvana,Lithium,Nevermind,Grunge; Alternative Rock,1991,USA,128k,mp3,4:16,Studio,LP
Nirvana,Polly,Nevermind,Grunge; Alternative Rock,1991,USA,128k,mp3,2:54,Studio,LP
Nirvana,Territorial Pissings,Nevermind,Grunge; Alternative Rock,1991,USA,128k,mp3,2:23,Studio,LP
Nirvana,Drain You,Nevermind,Grunge; Alternative Rock,1991,USA,128k,mp3,3:44,Studio,LP
Nirvana,Lounge Act,Nevermind,Grunge; Alternative Rock,1991,USA,128k,mp3,2:36,Studio,LP
Nirvana,Stay Away,Nevermind,Grunge; Alternative Rock,1991,USA,128k,mp3,3:32,Studio,LP
Nirvana,On A Plain,Nevermind,Grunge; Alternative Rock,1991,USA,128k,mp3,3:15,Studio,LP
Nirvana,"Something In The Way / Endless, Nameless",Nevermind,Grunge; Alternative Rock,1991,USA,128k,mp3,20:35,Studio,LP
Toumani Diabate with Ballaké Sissoko,Bi Lamban,New Ancient Strings,Mande Music; Griot Music,1999,Mali,794k,flac,5:00,Studio,LP
Toumani Diabate with Ballaké Sissoko,Salaman,New Ancient Strings,Mande Music; Griot Music,1999,Mali,706k,flac,6:14,Studio,LP
Toumani Diabate with Ballaké Sissoko,Kita Kaira,New Ancient Strings,Mande Music; Griot Music,1999,Mali,726k,flac,9:03,Studio,LP
Toumani Diabate with Ballaké Sissoko,Bafoulabe,New Ancient Strings,Mande Music; Griot Music,1999,Mali,686k,flac,6:26,Studio,LP
Toumani Diabate with Ballaké Sissoko,Cheikhna Demba,New Ancient Strings,Mande Music; Griot Music,1999,Mali,792k,flac,4:30,Studio,LP
Toumani Diabate with Ballaké Sissoko,Korobali,New Ancient Strings,Mande Music; Griot Music,1999,Mali,759k,flac,9:07,Studio,LP
Toumani Diabate with Ballaké Sissoko,Kadiatou,New Ancient Strings,Mande Music; Griot Music,1999,Mali,740k,flac,7:49,Studio,LP
Toumani Diabate with Ballaké Sissoko,Yamfa,New Ancient Strings,Mande Music; Griot Music,1999,Mali,750k,flac,5:11,Studio,LP
Colin Stetson,Awake On Foreign Shores,New History Warfare Vol. 2: Judges,Post-Minimalism; Totalism; Experimental,2011,Canada; USA,320k,mp3,1:30,Studio,LP
Colin Stetson,Judges,New History Warfare Vol. 2: Judges,Post-Minimalism; Totalism; Experimental,2011,Canada; USA,320k,mp3,5:13,Studio,LP
Colin Stetson,The Stars In His Head (Dark Lights Remix),New History Warfare Vol. 2: Judges,Post-Minimalism; Totalism; Experimental,2011,Canada; USA,320k,mp3,5:30,Studio,LP
Colin Stetson,All The Days I've Missed You (ILAIJ I),New History Warfare Vol. 2: Judges,Post-Minimalism; Totalism; Experimental,2011,Canada; USA,320k,mp3,1:15,Studio,LP
Colin Stetson,From No Part Of Me Could I Summon A Voice,New History Warfare Vol. 2: Judges,Post-Minimalism; Totalism; Experimental,2011,Canada; USA,320k,mp3,2:16,Studio,LP
Colin Stetson,A Dream Of Water,New History Warfare Vol. 2: Judges,Post-Minimalism; Totalism; Experimental,2011,Canada; USA,320k,mp3,3:35,Studio,LP
Colin Stetson,Home,New History Warfare Vol. 2: Judges,Post-Minimalism; Totalism; Experimental,2011,Canada; USA,320k,mp3,3:12,Studio,LP
Colin Stetson,Lord I Just Can't Keep From Crying Sometimes,New History Warfare Vol. 2: Judges,Post-Minimalism; Totalism; Experimental,2011,Canada; USA,320k,mp3,4:49,Studio,LP
Colin Stetson,Clothed In The Skin Of The Dead,New History Warfare Vol. 2: Judges,Post-Minimalism; Totalism; Experimental,2011,Canada; USA,320k,mp3,3:40,Studio,LP
Colin Stetson,All The Colors Bleached To White (ILAIJ II),New History Warfare Vol. 2: Judges,Post-Minimalism; Totalism; Experimental,2011,Canada; USA,320k,mp3,0:36,Studio,LP
Colin Stetson,Red Horse (Judges ll),New History Warfare Vol. 2: Judges,Post-Minimalism; Totalism; Experimental,2011,Canada; USA,320k,mp3,2:57,Studio,LP
Colin Stetson,The Righteous Wrath Of An Honorable Man,New History Warfare Vol. 2: Judges,Post-Minimalism; Totalism; Experimental,2011,Canada; USA,320k,mp3,2:27,Studio,LP
Colin Stetson,Fear Of The Unknown And The Blazing Sun,New History Warfare Vol. 2: Judges,Post-Minimalism; Totalism; Experimental,2011,Canada; USA,320k,mp3,2:42,Studio,LP
Colin Stetson,In Love And In Justice,New History Warfare Vol. 2: Judges,Post-Minimalism; Totalism; Experimental,2011,Canada; USA,320k,mp3,4:54,Studio,LP
Colin Stetson,And in Truth,New History Warfare Vol. 3: To See More Light,Avant-Garde Jazz,2013,Canada; USA,192k,mp3,1:34,Studio,LP
Colin Stetson,Hunted,New History Warfare Vol. 3: To See More Light,Avant-Garde Jazz,2013,Canada; USA,192k,mp3,5:51,Studio,LP
Colin Stetson,High Above a Grey Green Sea,New History Warfare Vol. 3: To See More Light,Avant-Garde Jazz,2013,Canada; USA,192k,mp3,4:25,Studio,LP
Colin Stetson,In Mirrors,New History Warfare Vol. 3: To See More Light,Avant-Garde Jazz,2013,Canada; USA,192k,mp3,1:26,Studio,LP
Colin Stetson,Brute,New History Warfare Vol. 3: To See More Light,Avant-Garde Jazz,2013,Canada; USA,192k,mp3,2:55,Studio,LP
Colin Stetson,Among the Sef (Righteous II),New History Warfare Vol. 3: To See More Light,Avant-Garde Jazz,2013,Canada; USA,192k,mp3,4:36,Studio,LP
Colin Stetson,Who the Waves Are Roaring For (Hunted II),New History Warfare Vol. 3: To See More Light,Avant-Garde Jazz,2013,Canada; USA,192k,mp3,4:07,Studio,LP
Colin Stetson,To See More Light,New History Warfare Vol. 3: To See More Light,Avant-Garde Jazz,2013,Canada; USA,192k,mp3,15:07,Studio,LP
Colin Stetson,What Are They Doing in Heaven Today?,New History Warfare Vol. 3: To See More Light,Avant-Garde Jazz,2013,Canada; USA,192k,mp3,3:36,Studio,LP
Colin Stetson,This Bed of Shattered Bone,New History Warfare Vol. 3: To See More Light,Avant-Garde Jazz,2013,Canada; USA,192k,mp3,2:08,Studio,LP
Colin Stetson,Part of Me Apart From You,New History Warfare Vol. 3: To See More Light,Avant-Garde Jazz,2013,Canada; USA,192k,mp3,5:51,Studio,LP
Unwound,Entirely Different Matters,New Plastic Ideas,Post-Hardcore; Noise Rock,1994,USA,320k,mp3,2:04,Studio,LP
Unwound,What Was Wound,New Plastic Ideas,Post-Hardcore; Noise Rock,1994,USA,320k,mp3,2:28,Studio,LP
Unwound,Envelope,New Plastic Ideas,Post-Hardcore; Noise Rock,1994,USA,320k,mp3,3:20,Studio,LP
Unwound,Hexenzscene,New Plastic Ideas,Post-Hardcore; Noise Rock,1994,USA,320k,mp3,4:34,Studio,LP
Unwound,Abstraktions,New Plastic Ideas,Post-Hardcore; Noise Rock,1994,USA,320k,mp3,7:11,Studio,LP
Unwound,All Souls Day,New Plastic Ideas,Post-Hardcore; Noise Rock,1994,USA,320k,mp3,3:12,Studio,LP
Unwound,Usual Dosage,New Plastic Ideas,Post-Hardcore; Noise Rock,1994,USA,320k,mp3,5:14,Studio,LP
Unwound,Arboretum,New Plastic Ideas,Post-Hardcore; Noise Rock,1994,USA,320k,mp3,5:00,Studio,LP
Unwound,Fiction Friction,New Plastic Ideas,Post-Hardcore; Noise Rock,1994,USA,320k,mp3,6:36,Studio,LP
toe,繋がる遥か彼方,New Sentimentality,Math Rock,2006,Japan,792k,flac,3:48,Studio,EP
toe,1/21,New Sentimentality,Math Rock,2006,Japan,881k,flac,4:36,Studio,EP
toe,New Sentimentality,New Sentimentality,Math Rock,2006,Japan,868k,flac,4:41,Studio,EP
toe,グッドバイ,New Sentimentality,Math Rock,2006,Japan,785k,flac,7:34,Studio,EP
John Coltrane,I Want To Talk About You,Newport '63,Post-Bop,1963,USA,320k,mp3,8:17,Live,LP
John Coltrane,My Favorite Things,Newport '63,Post-Bop,1963,USA,320k,mp3,17:26,Live,LP
John Coltrane,Impressions,Newport '63,Post-Bop,1963,USA,320k,mp3,15:42,Live,LP
John Coltrane,Chasin' Another Trane,Newport '63,Post-Bop,1963,USA,320k,mp3,15:26,Live,LP
Palm,Touch and Go,Nicks and Grazes,Neo-Psychedelia; Math Pop; Experimental Rock,2022,USA,320k,mp3,2:50,Studio,LP
Palm,Feathers,Nicks and Grazes,Neo-Psychedelia; Math Pop; Experimental Rock,2022,USA,320k,mp3,4:15,Studio,LP
Palm,Parable Lickers,Nicks and Grazes,Neo-Psychedelia; Math Pop; Experimental Rock,2022,USA,320k,mp3,3:53,Studio,LP
Palm,Eager Copy,Nicks and Grazes,Neo-Psychedelia; Math Pop; Experimental Rock,2022,USA,320k,mp3,3:50,Studio,LP
Palm,Brille,Nicks and Grazes,Neo-Psychedelia; Math Pop; Experimental Rock,2022,USA,320k,mp3,0:56,Studio,LP
Palm,On The Sly,Nicks and Grazes,Neo-Psychedelia; Math Pop; Experimental Rock,2022,USA,320k,mp3,4:41,Studio,LP
Palm,And Chairs,Nicks and Grazes,Neo-Psychedelia; Math Pop; Experimental Rock,2022,USA,320k,mp3,1:35,Studio,LP
Palm,Away Kit,Nicks and Grazes,Neo-Psychedelia; Math Pop; Experimental Rock,2022,USA,320k,mp3,3:42,Studio,LP
Palm,Suffer Dragon,Nicks and Grazes,Neo-Psychedelia; Math Pop; Experimental Rock,2022,USA,320k,mp3,1:48,Studio,LP
Palm,Mirror Mirror,Nicks and Grazes,Neo-Psychedelia; Math Pop; Experimental Rock,2022,USA,320k,mp3,3:59,Studio,LP
Palm,Glen Beige,Nicks and Grazes,Neo-Psychedelia; Math Pop; Experimental Rock,2022,USA,320k,mp3,2:53,Studio,LP
Palm,Tumbleboy,Nicks and Grazes,Neo-Psychedelia; Math Pop; Experimental Rock,2022,USA,320k,mp3,6:13,Studio,LP
Palm,Nicks and Grazes,Nicks and Grazes,Neo-Psychedelia; Math Pop; Experimental Rock,2022,USA,320k,mp3,1:38,Studio,LP
Arooj Aftab,Aey Nehin,Night Reign,Chamber Folk; Chamber Jazz; Ghazal; Qawwali,2024,Pakistan; USA,2166k,flac,5:45,Studio,LP
Arooj Aftab,Na Gul,Night Reign,Chamber Folk; Chamber Jazz; Ghazal; Qawwali,2024,Pakistan; USA,1914k,flac,5:29,Studio,LP
Arooj Aftab,Autumn Leaves,Night Reign,Chamber Folk; Chamber Jazz; Ghazal; Qawwali,2024,Pakistan; USA,1936k,flac,4:46,Studio,LP
Arooj Aftab,Bolo Na,Night Reign,Chamber Folk; Chamber Jazz; Ghazal; Qawwali,2024,Pakistan; USA,2090k,flac,6:14,Studio,LP
Arooj Aftab,Saaqi,Night Reign,Chamber Folk; Chamber Jazz; Ghazal; Qawwali,2024,Pakistan; USA,2006k,flac,6:46,Studio,LP
Arooj Aftab,Last Night Reprise,Night Reign,Chamber Folk; Chamber Jazz; Ghazal; Qawwali,2024,Pakistan; USA,2004k,flac,5:07,Studio,LP
Arooj Aftab,Raat Ki Rani,Night Reign,Chamber Folk; Chamber Jazz; Ghazal; Qawwali,2024,Pakistan; USA,2127k,flac,5:13,Studio,LP
Arooj Aftab,Whiskey,Night Reign,Chamber Folk; Chamber Jazz; Ghazal; Qawwali,2024,Pakistan; USA,2299k,flac,5:07,Studio,LP
Arooj Aftab,Zameen,Night Reign,Chamber Folk; Chamber Jazz; Ghazal; Qawwali,2024,Pakistan; USA,1928k,flac,4:16,Studio,LP
Big Thief,Dragon New Warm Mountain I Believe In You,No Fear: Big Thief Live At Way Out West 2024,Indie Folk; Folk Rock,2024,USA,320k,mp3,6:21,Bootleg,LP
Big Thief,Not,No Fear: Big Thief Live At Way Out West 2024,Indie Folk; Folk Rock,2024,USA,320k,mp3,7:37,Bootleg,LP
Big Thief,Simulation Swarm,No Fear: Big Thief Live At Way Out West 2024,Indie Folk; Folk Rock,2024,USA,320k,mp3,4:52,Bootleg,LP
Big Thief,Contact,No Fear: Big Thief Live At Way Out West 2024,Indie Folk; Folk Rock,2024,USA,320k,mp3,5:00,Bootleg,LP
Big Thief,Flower Of Blood,No Fear: Big Thief Live At Way Out West 2024,Indie Folk; Folk Rock,2024,USA,320k,mp3,5:41,Bootleg,LP
Big Thief,Terrifying,No Fear: Big Thief Live At Way Out West 2024,Indie Folk; Folk Rock,2024,USA,320k,mp3,5:57,Bootleg,LP
Big Thief,Incomprehensible,No Fear: Big Thief Live At Way Out West 2024,Indie Folk; Folk Rock,2024,USA,320k,mp3,8:35,Bootleg,LP
Big Thief,All Night All Day (Take 2),No Fear: Big Thief Live At Way Out West 2024,Indie Folk; Folk Rock,2024,USA,320k,mp3,4:08,Bootleg,LP
Big Thief,Words,No Fear: Big Thief Live At Way Out West 2024,Indie Folk; Folk Rock,2024,USA,320k,mp3,5:26,Bootleg,LP
Big Thief,No Fear,No Fear: Big Thief Live At Way Out West 2024,Indie Folk; Folk Rock,2024,USA,320k,mp3,9:11,Bootleg,LP
YHWH Nailgun,Too Bright to See,No Midwife and I Wingflap,Noise Rock,2022,USA,320k,mp3,2:24,Studio,EP
YHWH Nailgun,Back Muscle,No Midwife and I Wingflap,Noise Rock,2022,USA,320k,mp3,1:45,Studio,EP
YHWH Nailgun,Venison Mama,No Midwife and I Wingflap,Noise Rock,2022,USA,320k,mp3,2:21,Studio,EP
YHWH Nailgun,"Look at Me, I'm a Rainer",No Midwife and I Wingflap,Noise Rock,2022,USA,320k,mp3,2:49,Studio,EP
Various Artists,Dish It Out,No New York,No Wave,1978,USA,320k,mp3,3:17,Studio,Compilation
Various Artists,Flip Your Face,No New York,No Wave,1978,USA,320k,mp3,3:13,Studio,Compilation
Various Artists,Jaded,No New York,No Wave,1978,USA,320k,mp3,3:49,Studio,Compilation
Various Artists,I Can’t Stand Myself,No New York,No Wave,1978,USA,320k,mp3,4:52,Studio,Compilation
Various Artists,Burning Rubber,No New York,No Wave,1978,USA,320k,mp3,1:45,Studio,Compilation
Various Artists,The Closet,No New York,No Wave,1978,USA,320k,mp3,3:53,Studio,Compilation
Various Artists,Red Alert,No New York,No Wave,1978,USA,320k,mp3,0:34,Studio,Compilation
Various Artists,I Woke Up Dreaming,No New York,No Wave,1978,USA,320k,mp3,3:10,Studio,Compilation
Various Artists,Helen Fordsdale,No New York,No Wave,1978,USA,320k,mp3,2:30,Studio,Compilation
Various Artists,Hairwaves,No New York,No Wave,1978,USA,320k,mp3,3:43,Studio,Compilation
Various Artists,Tunnel,No New York,No Wave,1978,USA,320k,mp3,2:41,Studio,Compilation
Various Artists,Puerto Rican Ghost,No New York,No Wave,1978,USA,320k,mp3,1:08,Studio,Compilation
Various Artists,Egomaniac’s Kiss,No New York,No Wave,1978,USA,320k,mp3,2:11,Studio,Compilation
Various Artists,Lionel,No New York,No Wave,1978,USA,320k,mp3,2:07,Studio,Compilation
Various Artists,Not Moving,No New York,No Wave,1978,USA,320k,mp3,2:40,Studio,Compilation
Various Artists,Size,No New York,No Wave,1978,USA,320k,mp3,2:13,Studio,Compilation
King Gizzard & The Lizard Wizard,Robot Stop,Nonagon Infinity,Garage Rock,2016,Australia,256k,mp3,5:21,Studio,LP
King Gizzard & The Lizard Wizard,Big Fig Wasp,Nonagon Infinity,Garage Rock,2016,Australia,256k,mp3,4:47,Studio,LP
King Gizzard & The Lizard Wizard,Gamma Knife,Nonagon Infinity,Garage Rock,2016,Australia,256k,mp3,4:26,Studio,LP
King Gizzard & The Lizard Wizard,People-Vultures,Nonagon Infinity,Garage Rock,2016,Australia,256k,mp3,4:24,Studio,LP
King Gizzard & The Lizard Wizard,Mr. Beat,Nonagon Infinity,Garage Rock,2016,Australia,256k,mp3,5:20,Studio,LP
King Gizzard & The Lizard Wizard,Evil Death Roll,Nonagon Infinity,Garage Rock,2016,Australia,256k,mp3,5:30,Studio,LP
King Gizzard & The Lizard Wizard,Invisible Face,Nonagon Infinity,Garage Rock,2016,Australia,256k,mp3,2:49,Studio,LP
King Gizzard & The Lizard Wizard,Wah Wah,Nonagon Infinity,Garage Rock,2016,Australia,256k,mp3,4:53,Studio,LP
King Gizzard & The Lizard Wizard,Road Train,Nonagon Infinity,Garage Rock,2016,Australia,256k,mp3,4:08,Studio,LP
Ride,Seagull,Nowhere,Shoegaze,1990,UK; England,320k,mp3,6:09,Studio,LP
Ride,Kaleidoscope,Nowhere,Shoegaze,1990,UK; England,320k,mp3,3:02,Studio,LP
Ride,In A Different Place,Nowhere,Shoegaze,1990,UK; England,320k,mp3,5:29,Studio,LP
Ride,Polar Bear,Nowhere,Shoegaze,1990,UK; England,320k,mp3,4:46,Studio,LP
Ride,Dreams Burn Down,Nowhere,Shoegaze,1990,UK; England,320k,mp3,6:06,Studio,LP
Ride,Decay,Nowhere,Shoegaze,1990,UK; England,320k,mp3,3:36,Studio,LP
Ride,Paralysed,Nowhere,Shoegaze,1990,UK; England,320k,mp3,5:34,Studio,LP
Ride,Vapour Trail,Nowhere,Shoegaze,1990,UK; England,320k,mp3,4:18,Studio,LP
Ride,Taste,Nowhere,Shoegaze,1990,UK; England,320k,mp3,3:17,Studio,LP
Ride,Here And Now,Nowhere,Shoegaze,1990,UK; England,320k,mp3,4:27,Studio,LP
Ride,Nowhere,Nowhere,Shoegaze,1990,UK; England,320k,mp3,5:23,Studio,LP
Autechre,t1a1,NTS Sessions 1–4,IDM; Experimental,2018,UK; England,589k,flac,18:39,Studio,LP
Autechre,bqbqbq,NTS Sessions 1–4,IDM; Experimental,2018,UK; England,520k,flac,11:15,Studio,LP
Autechre,debris_funk,NTS Sessions 1–4,IDM; Experimental,2018,UK; England,798k,flac,10:25,Studio,LP
Autechre,l3 ctrl,NTS Sessions 1–4,IDM; Experimental,2018,UK; England,906k,flac,16:51,Studio,LP
Autechre,carefree counter dronal,NTS Sessions 1–4,IDM; Experimental,2018,UK; England,641k,flac,5:14,Studio,LP
Autechre,north spiral,NTS Sessions 1–4,IDM; Experimental,2018,UK; England,760k,flac,15:00,Studio,LP
Autechre,gonk steady one,NTS Sessions 1–4,IDM; Experimental,2018,UK; England,942k,flac,22:25,Studio,LP
Autechre,four of seven,NTS Sessions 1–4,IDM; Experimental,2018,UK; England,655k,flac,13:05,Studio,LP
Autechre,32a_reflected,NTS Sessions 1–4,IDM; Experimental,2018,UK; England,718k,flac,7:01,Studio,LP
Autechre,elyc9 7hres,NTS Sessions 1–4,IDM; Experimental,2018,UK; England,926k,flac,10:21,Studio,LP
Autechre,six of eight (midst),NTS Sessions 1–4,IDM; Experimental,2018,UK; England,794k,flac,8:41,Studio,LP
Autechre,xflood,NTS Sessions 1–4,IDM; Experimental,2018,UK; England,793k,flac,9:24,Studio,LP
Autechre,gonk tuf hi,NTS Sessions 1–4,IDM; Experimental,2018,UK; England,866k,flac,7:52,Studio,LP
Autechre,dummy casual pt2,NTS Sessions 1–4,IDM; Experimental,2018,UK; England,955k,flac,5:15,Studio,LP
Autechre,violvoic,NTS Sessions 1–4,IDM; Experimental,2018,UK; England,725k,flac,15:00,Studio,LP
Autechre,sinistrailAB air,NTS Sessions 1–4,IDM; Experimental,2018,UK; England,895k,flac,2:40,Studio,LP
Autechre,wetgelis casual interval,NTS Sessions 1–4,IDM; Experimental,2018,UK; England,503k,flac,2:39,Studio,LP
Autechre,e0,NTS Sessions 1–4,IDM; Experimental,2018,UK; England,627k,flac,15:44,Studio,LP
Autechre,peal MA,NTS Sessions 1–4,IDM; Experimental,2018,UK; England,391k,flac,5:03,Studio,LP
Autechre,9 chr0,NTS Sessions 1–4,IDM; Experimental,2018,UK; England,608k,flac,15:44,Studio,LP
Autechre,"turbile epic casual, stpl idle",NTS Sessions 1–4,IDM; Experimental,2018,UK; England,734k,flac,21:30,Studio,LP
Autechre,clustro casual,NTS Sessions 1–4,IDM; Experimental,2018,UK; England,753k,flac,11:03,Studio,LP
Autechre,splesh,NTS Sessions 1–4,IDM; Experimental,2018,UK; England,746k,flac,8:56,Studio,LP
Autechre,tt1pd,NTS Sessions 1–4,IDM; Experimental,2018,UK; England,932k,flac,22:11,Studio,LP
Autechre,acid mwan idle,NTS Sessions 1–4,IDM; Experimental,2018,UK; England,886k,flac,11:56,Studio,LP
Autechre,fLh,NTS Sessions 1–4,IDM; Experimental,2018,UK; England,861k,flac,8:18,Studio,LP
Autechre,glos ceramic,NTS Sessions 1–4,IDM; Experimental,2018,UK; England,741k,flac,13:26,Studio,LP
Autechre,g 1 e 1,NTS Sessions 1–4,IDM; Experimental,2018,UK; England,366k,flac,6:59,Studio,LP
Autechre,nineFly,NTS Sessions 1–4,IDM; Experimental,2018,UK; England,642k,flac,10:04,Studio,LP
Autechre,shimripl air,NTS Sessions 1–4,IDM; Experimental,2018,UK; England,333k,flac,7:05,Studio,LP
Autechre,icari,NTS Sessions 1–4,IDM; Experimental,2018,UK; England,640k,flac,19:57,Studio,LP
Autechre,frane casual,NTS Sessions 1–4,IDM; Experimental,2018,UK; England,728k,flac,13:42,Studio,LP
Autechre,mirrage,NTS Sessions 1–4,IDM; Experimental,2018,UK; England,454k,flac,6:21,Studio,LP
Autechre,column thirteen,NTS Sessions 1–4,IDM; Experimental,2018,UK; England,662k,flac,17:02,Studio,LP
Autechre,shimripl casual,NTS Sessions 1–4,IDM; Experimental,2018,UK; England,590k,flac,24:32,Studio,LP
Autechre,all end,NTS Sessions 1–4,IDM; Experimental,2018,UK; England,662k,flac,58:21,Studio,LP
Sonic Youth,Free City Rhymes,NYC Ghosts & Flowers,Noise Rock,2000,USA,320k,mp3,7:32,Studio,LP
Sonic Youth,Renegade Princess,NYC Ghosts & Flowers,Noise Rock,2000,USA,320k,mp3,5:49,Studio,LP
Sonic Youth,Nevermind (What Was It Anyway),NYC Ghosts & Flowers,Noise Rock,2000,USA,320k,mp3,5:37,Studio,LP
Sonic Youth,Small Flowers Crack Concrete,NYC Ghosts & Flowers,Noise Rock,2000,USA,320k,mp3,5:12,Studio,LP
Sonic Youth,Side2Side,NYC Ghosts & Flowers,Noise Rock,2000,USA,320k,mp3,3:34,Studio,LP
Sonic Youth,StreamXSonik Subway,NYC Ghosts & Flowers,Noise Rock,2000,USA,320k,mp3,2:51,Studio,LP
Sonic Youth,NYC Ghosts & Flowers,NYC Ghosts & Flowers,Noise Rock,2000,USA,320k,mp3,7:52,Studio,LP
Sonic Youth,Lightnin’,NYC Ghosts & Flowers,Noise Rock,2000,USA,320k,mp3,3:51,Studio,LP
Squid,Swing (in a Dream),O Monolith,Art Punk,2023,UK; England,320k,mp3,4:29,Studio,LP
Squid,Devil’s Den,O Monolith,Art Punk,2023,UK; England,320k,mp3,3:05,Studio,LP
Squid,Siphon Song,O Monolith,Art Punk,2023,UK; England,320k,mp3,5:58,Studio,LP
Squid,Undergrowth,O Monolith,Art Punk,2023,UK; England,320k,mp3,6:35,Studio,LP
Squid,The Blades,O Monolith,Art Punk,2023,UK; England,320k,mp3,6:28,Studio,LP
Squid,After the Flash,O Monolith,Art Punk,2023,UK; England,320k,mp3,5:34,Studio,LP
Squid,Green Light,O Monolith,Art Punk,2023,UK; England,320k,mp3,4:23,Studio,LP
Squid,If You Had Seen the Bull’s Swimming Attempts You Would Have Stayed Away,O Monolith,Art Punk,2023,UK; England,320k,mp3,5:14,Studio,LP
Pink Floyd,Obscured by Clouds,Obscured by Clouds,Psychedelic Rock; Progressive Rock,1972,UK; England,320k,mp3,3:05,Studio,LP
Pink Floyd,When You're In,Obscured by Clouds,Psychedelic Rock; Progressive Rock,1972,UK; England,320k,mp3,2:31,Studio,LP
Pink Floyd,Burning Bridges,Obscured by Clouds,Psychedelic Rock; Progressive Rock,1972,UK; England,320k,mp3,3:30,Studio,LP
Pink Floyd,The Gold It's in the...,Obscured by Clouds,Psychedelic Rock; Progressive Rock,1972,UK; England,320k,mp3,3:08,Studio,LP
Pink Floyd,Wot's... Uh the Deal?,Obscured by Clouds,Psychedelic Rock; Progressive Rock,1972,UK; England,320k,mp3,5:09,Studio,LP
Pink Floyd,Mudmen,Obscured by Clouds,Psychedelic Rock; Progressive Rock,1972,UK; England,320k,mp3,4:18,Studio,LP
Pink Floyd,Childhood's End,Obscured by Clouds,Psychedelic Rock; Progressive Rock,1972,UK; England,320k,mp3,4:33,Studio,LP
Pink Floyd,Free Four,Obscured by Clouds,Psychedelic Rock; Progressive Rock,1972,UK; England,320k,mp3,4:16,Studio,LP
Pink Floyd,Stay,Obscured by Clouds,Psychedelic Rock; Progressive Rock,1972,UK; England,320k,mp3,4:07,Studio,LP
Pink Floyd,Absolutely Curtains,Obscured by Clouds,Psychedelic Rock; Progressive Rock,1972,UK; England,320k,mp3,5:51,Studio,LP
Steve Reich,Music for a Large Ensemble,Octet / Music for a Large Ensemble / Violin Phase,Minimalism; Modern Classical,1988,USA,256k VBR,m4a,17:31,Studio,LP
Steve Reich,Violin Phase,Octet / Music for a Large Ensemble / Violin Phase,Minimalism; Modern Classical,1988,USA,256k VBR,m4a,15:40,Studio,LP
Steve Reich,Octet,Octet / Music for a Large Ensemble / Violin Phase,Minimalism; Modern Classical,1988,USA,256k VBR,m4a,15:19,Studio,LP
Radiohead,Airbag,OK Computer,Alternative Rock; Art Rock,1997,UK; England,320k,mp3,4:36,Studio,LP
Radiohead,Paranoid Android,OK Computer,Alternative Rock; Art Rock,1997,UK; England,320k,mp3,6:12,Studio,LP
Radiohead,Subterranean Homesick Alien,OK Computer,Alternative Rock; Art Rock,1997,UK; England,320k,mp3,4:19,Studio,LP
Radiohead,Exit Music (For A Film),OK Computer,Alternative Rock; Art Rock,1997,UK; England,320k,mp3,4:17,Studio,LP
Radiohead,Let Down,OK Computer,Alternative Rock; Art Rock,1997,UK; England,320k,mp3,4:50,Studio,LP
Radiohead,Karma Police,OK Computer,Alternative Rock; Art Rock,1997,UK; England,320k,mp3,4:14,Studio,LP
Radiohead,Fitter Happier,OK Computer,Alternative Rock; Art Rock,1997,UK; England,320k,mp3,1:54,Studio,LP
Radiohead,Electioneering,OK Computer,Alternative Rock; Art Rock,1997,UK; England,320k,mp3,3:44,Studio,LP
Radiohead,Climbing Up The Walls,OK Computer,Alternative Rock; Art Rock,1997,UK; England,320k,mp3,4:36,Studio,LP
Radiohead,No Surprises,OK Computer,Alternative Rock; Art Rock,1997,UK; England,320k,mp3,3:41,Studio,LP
Radiohead,Lucky,OK Computer,Alternative Rock; Art Rock,1997,UK; England,320k,mp3,4:12,Studio,LP
Radiohead,The Tourist,OK Computer,Alternative Rock; Art Rock,1997,UK; England,320k,mp3,5:15,Studio,LP
Radiohead,I Promise,OK Computer OKNOTOK 1997 2017,Alternative Rock; Art Rock,2017,UK; England,320k,mp3,3:59,Studio,LP
Radiohead,Man of War,OK Computer OKNOTOK 1997 2017,Alternative Rock; Art Rock,2017,UK; England,320k,mp3,4:29,Studio,LP
Radiohead,Lift,OK Computer OKNOTOK 1997 2017,Alternative Rock; Art Rock,2017,UK; England,320k,mp3,4:06,Studio,LP
Radiohead,Lull,OK Computer OKNOTOK 1997 2017,Alternative Rock; Art Rock,2017,UK; England,320k,mp3,2:25,Studio,LP
Radiohead,Meeting in the Aisle,OK Computer OKNOTOK 1997 2017,Alternative Rock; Art Rock,2017,UK; England,320k,mp3,3:07,Studio,LP
Radiohead,Melatonin,OK Computer OKNOTOK 1997 2017,Alternative Rock; Art Rock,2017,UK; England,320k,mp3,2:08,Studio,LP
Radiohead,A Reminder,OK Computer OKNOTOK 1997 2017,Alternative Rock; Art Rock,2017,UK; England,320k,mp3,3:52,Studio,LP
Radiohead,Polyethylene (Parts 1 & 2),OK Computer OKNOTOK 1997 2017,Alternative Rock; Art Rock,2017,UK; England,320k,mp3,4:22,Studio,LP
Radiohead,Pearly*,OK Computer OKNOTOK 1997 2017,Alternative Rock; Art Rock,2017,UK; England,320k,mp3,3:38,Studio,LP
Radiohead,Palo Alto,OK Computer OKNOTOK 1997 2017,Alternative Rock; Art Rock,2017,UK; England,320k,mp3,3:51,Studio,LP
Radiohead,How I Made My Millions,OK Computer OKNOTOK 1997 2017,Alternative Rock; Art Rock,2017,UK; England,320k,mp3,3:07,Studio,LP
John Coltrane,Olé,Olé Coltrane,Modal Jazz,1961,USA,320k,mp3,18:12,Studio,LP
John Coltrane,Dahomey Dance,Olé Coltrane,Modal Jazz,1961,USA,320k,mp3,10:50,Studio,LP
John Coltrane,Aisha,Olé Coltrane,Modal Jazz,1961,USA,320k,mp3,7:37,Studio,LP
John Coltrane,To Her Ladyship,Olé Coltrane,Modal Jazz,1961,USA,320k,mp3,9:00,Studio,LP
Don Cherry,Luna Turca,Om Shanti Om,Spiritual Jazz,2020,USA,128k,mp3,1:44,Studio,LP
Don Cherry,Om Shanti Om,Om Shanti Om,Spiritual Jazz,2020,USA,128k,mp3,6:55,Studio,LP
Don Cherry,Chenrezig,Om Shanti Om,Spiritual Jazz,2020,USA,128k,mp3,11:49,Studio,LP
Don Cherry,Nana's Solo,Om Shanti Om,Spiritual Jazz,2020,USA,128k,mp3,3:56,Studio,LP
Don Cherry,A Chi Chi Ou,Om Shanti Om,Spiritual Jazz,2020,USA,128k,mp3,1:39,Studio,LP
Don Cherry,Koye,Om Shanti Om,Spiritual Jazz,2020,USA,128k,mp3,6:32,Studio,LP
Don Cherry,Flute Song,Om Shanti Om,Spiritual Jazz,2020,USA,128k,mp3,5:16,Studio,LP
Don Cherry,Dissolution,Om Shanti Om,Spiritual Jazz,2020,USA,128k,mp3,9:29,Studio,LP
Duster,Heading For The Door,On The Air,Slowcore,1997,USA,320k,mp3,6:11,Studio,LP
Duster,I Am The King,On The Air,Slowcore,1997,USA,320k,mp3,5:07,Studio,LP
Duster,My Friends Are Cosmonauts,On The Air,Slowcore,1997,USA,320k,mp3,4:35,Studio,LP
Duster,Untitled,On The Air,Slowcore,1997,USA,320k,mp3,4:49,Studio,LP
Duster,Inside Out,On The Air,Slowcore,1997,USA,320k,mp3,3:16,Studio,LP
Duster,Gold Dust,On The Air,Slowcore,1997,USA,320k,mp3,3:10,Studio,LP
Duster,Reed To Hillsborough,On The Air,Slowcore,1997,USA,320k,mp3,6:27,Studio,LP
Duster,Stars Will Fall,On The Air,Slowcore,1997,USA,320k,mp3,7:45,Studio,LP
Miles Davis,On the Corner,On the Corner,Jazz Fusion; Jazz Funk; Avant-Garde Jazz,1972,USA,212k VBR,mp3,2:59,Studio,LP
Miles Davis,New York Girl,On the Corner,Jazz Fusion; Jazz Funk; Avant-Garde Jazz,1972,USA,211k VBR,mp3,1:30,Studio,LP
Miles Davis,Thinkin' One Thing and Doin' Another,On the Corner,Jazz Fusion; Jazz Funk; Avant-Garde Jazz,1972,USA,209k VBR,mp3,6:40,Studio,LP
Miles Davis,Vote for Miles,On the Corner,Jazz Fusion; Jazz Funk; Avant-Garde Jazz,1972,USA,208k VBR,mp3,8:50,Studio,LP
Miles Davis,Black Satin,On the Corner,Jazz Fusion; Jazz Funk; Avant-Garde Jazz,1972,USA,195k VBR,mp3,5:19,Studio,LP
Miles Davis,One and One,On the Corner,Jazz Fusion; Jazz Funk; Avant-Garde Jazz,1972,USA,201k VBR,mp3,6:09,Studio,LP
Miles Davis,Helen Butte,On the Corner,Jazz Fusion; Jazz Funk; Avant-Garde Jazz,1972,USA,213k VBR,mp3,16:06,Studio,LP
Miles Davis,Mr. Freedom X,On the Corner,Jazz Fusion; Jazz Funk; Avant-Garde Jazz,1972,USA,194k VBR,mp3,7:13,Studio,LP
Duster,Payote,On The Dodge,Slowcore,1996,USA,272k VBR,mp3,1:38,Studio,EP
Duster,Headstone Next Door,On The Dodge,Slowcore,1996,USA,281k VBR,mp3,0:47,Studio,EP
Duster,Lullaby,On The Dodge,Slowcore,1996,USA,238k VBR,mp3,1:25,Studio,EP
Duster,Distance,On The Dodge,Slowcore,1996,USA,308k VBR,mp3,1:37,Studio,EP
Duster,Glue,On The Dodge,Slowcore,1996,USA,243k VBR,mp3,1:35,Studio,EP
Duster,Darby,On The Dodge,Slowcore,1996,USA,261k VBR,mp3,1:51,Studio,EP
Duster,Lucky,On The Dodge,Slowcore,1996,USA,234k VBR,mp3,1:23,Studio,EP
Duster,The Tribal Life,On The Dodge,Slowcore,1996,USA,275k VBR,mp3,2:23,Studio,EP
Duster,Dead Horse,On The Dodge,Slowcore,1996,USA,261k VBR,mp3,0:52,Studio,EP
Duster,Quiet Frontier,On The Dodge,Slowcore,1996,USA,272k VBR,mp3,1:57,Studio,EP
Duster,Crossed The Tracks,On The Dodge,Slowcore,1996,USA,272k VBR,mp3,1:23,Studio,EP
Duster,Untitled1,On The Dodge,Slowcore,1996,USA,257k VBR,mp3,1:48,Studio,EP
Duster,Untitled2,On The Dodge,Slowcore,1996,USA,244k VBR,mp3,2:03,Studio,EP
Duster,Untitled3,On The Dodge,Slowcore,1996,USA,257k VBR,mp3,0:58,Studio,EP
Duster,Untitled4,On The Dodge,Slowcore,1996,USA,259k VBR,mp3,2:12,Studio,EP
Matthew Halsall,Life,Oneness,Spiritual Jazz; Indo Jazz,2019,UK; England,320k,mp3,9:58,Studio,LP
Matthew Halsall,Oneness,Oneness,Spiritual Jazz; Indo Jazz,2019,UK; England,320k,mp3,11:26,Studio,LP
Matthew Halsall,Stan's Harp,Oneness,Spiritual Jazz; Indo Jazz,2019,UK; England,320k,mp3,7:40,Studio,LP
Matthew Halsall,Loving Kindness,Oneness,Spiritual Jazz; Indo Jazz,2019,UK; England,320k,mp3,9:39,Studio,LP
Matthew Halsall,Distant Land,Oneness,Spiritual Jazz; Indo Jazz,2019,UK; England,320k,mp3,8:43,Studio,LP
Matthew Halsall,Stories from India,Oneness,Spiritual Jazz; Indo Jazz,2019,UK; England,320k,mp3,9:33,Studio,LP
Matthew Halsall,The Traveller,Oneness,Spiritual Jazz; Indo Jazz,2019,UK; England,320k,mp3,6:49,Studio,LP
Otomo Yoshihide's New Jazz Orchestra,Eureka,ONJO,Avant-Garde Jazz; Onkyo,2005,Japan,320k,mp3,11:13,Studio,LP
Otomo Yoshihide's New Jazz Orchestra,Theme from Canary,ONJO,Avant-Garde Jazz; Onkyo,2005,Japan,320k,mp3,5:51,Studio,LP
Otomo Yoshihide's New Jazz Orchestra,Broken Shadows,ONJO,Avant-Garde Jazz; Onkyo,2005,Japan,320k,mp3,4:16,Studio,LP
Otomo Yoshihide's New Jazz Orchestra,Lost In the Rain,ONJO,Avant-Garde Jazz; Onkyo,2005,Japan,320k,mp3,8:58,Studio,LP
Otomo Yoshihide's New Jazz Orchestra,"Orange Was the Color of Her Dress, Then Blue Silk / Tails Out",ONJO,Avant-Garde Jazz; Onkyo,2005,Japan,320k,mp3,9:15,Studio,LP
Otomo Yoshihide's New Jazz Orchestra,真夜中の静かな黒い川の上に浮かび上がる白い百合の花,ONJO,Avant-Garde Jazz; Onkyo,2005,Japan,320k,mp3,7:45,Studio,LP
Otomo Yoshihide's New Jazz Orchestra,A-Shi-Ta,ONJO,Avant-Garde Jazz; Onkyo,2005,Japan,320k,mp3,7:49,Studio,LP
Muse,new born,Origin Of Symmetry,Alternative Rock,2001,UK; England,320k,mp3,6:03,Studio,LP
Muse,bliss,Origin Of Symmetry,Alternative Rock,2001,UK; England,320k,mp3,4:12,Studio,LP
Muse,space dementia,Origin Of Symmetry,Alternative Rock,2001,UK; England,320k,mp3,6:20,Studio,LP
Muse,hyper music,Origin Of Symmetry,Alternative Rock,2001,UK; England,320k,mp3,3:21,Studio,LP
Muse,plug in baby,Origin Of Symmetry,Alternative Rock,2001,UK; England,320k,mp3,3:39,Studio,LP
Muse,citizen erased,Origin Of Symmetry,Alternative Rock,2001,UK; England,320k,mp3,7:19,Studio,LP
Muse,micro cuts,Origin Of Symmetry,Alternative Rock,2001,UK; England,320k,mp3,3:38,Studio,LP
Muse,screenager,Origin Of Symmetry,Alternative Rock,2001,UK; England,320k,mp3,4:20,Studio,LP
Muse,darkshines,Origin Of Symmetry,Alternative Rock,2001,UK; England,320k,mp3,4:47,Studio,LP
Muse,feeling good,Origin Of Symmetry,Alternative Rock,2001,UK; England,320k,mp3,3:19,Studio,LP
Muse,megalomania,Origin Of Symmetry,Alternative Rock,2001,UK; England,320k,mp3,4:38,Studio,LP
Palm,Dime / Drift / Communication / Trust / Small Mouth,Ostrich Vacation,Experimental Rock; Math Rock,2015,USA,320k,mp3,11:54,Studio,LP
Palm,Ostrich Vacation / Is Everything Okay / Tomorrow the World,Ostrich Vacation,Experimental Rock; Math Rock,2015,USA,320k,mp3,14:30,Studio,LP
Beth Gibbons & Rustin Man,Mysteries,Out of Season,Contemporary Folk,2002,UK; England,1411k,wav,4:39,Studio,LP
Beth Gibbons & Rustin Man,Tom the Model,Out of Season,Contemporary Folk,2002,UK; England,1411k,wav,3:41,Studio,LP
Beth Gibbons & Rustin Man,Show,Out of Season,Contemporary Folk,2002,UK; England,1411k,wav,4:26,Studio,LP
Beth Gibbons & Rustin Man,Romance,Out of Season,Contemporary Folk,2002,UK; England,1411k,wav,5:09,Studio,LP
Beth Gibbons & Rustin Man,Sand River,Out of Season,Contemporary Folk,2002,UK; England,1411k,wav,3:48,Studio,LP
Beth Gibbons & Rustin Man,Spider Monkey,Out of Season,Contemporary Folk,2002,UK; England,1411k,wav,4:10,Studio,LP
Beth Gibbons & Rustin Man,Resolve,Out of Season,Contemporary Folk,2002,UK; England,1411k,wav,2:51,Studio,LP
Beth Gibbons & Rustin Man,Drake,Out of Season,Contemporary Folk,2002,UK; England,1411k,wav,3:54,Studio,LP
Beth Gibbons & Rustin Man,Funny Time of Year,Out of Season,Contemporary Folk,2002,UK; England,1411k,wav,6:48,Studio,LP
Beth Gibbons & Rustin Man,Rustin Man,Out of Season,Contemporary Folk,2002,UK; England,1411k,wav,4:20,Studio,LP
Eric Dolphy,Hat And Beard,Out To Lunch,Avant-Garde Jazz,1964,USA,320k,mp3,8:28,Studio,LP
Eric Dolphy,"Something Sweet, Something Tender",Out To Lunch,Avant-Garde Jazz,1964,USA,320k,mp3,6:06,Studio,LP
Eric Dolphy,Gazzelloni,Out To Lunch,Avant-Garde Jazz,1964,USA,320k,mp3,7:25,Studio,LP
Eric Dolphy,Out To Lunch,Out To Lunch,Avant-Garde Jazz,1964,USA,320k,mp3,12:10,Studio,LP
Eric Dolphy,Straight Up and Down,Out To Lunch,Avant-Garde Jazz,1964,USA,320k,mp3,8:21,Studio,LP
Slowdive,Alison,Outside Your Room,Shoegaze; Dream Pop,1993,UK; England,320k,mp3,3:52,Studio,EP
Slowdive,So Tired,Outside Your Room,Shoegaze; Dream Pop,1993,UK; England,320k,mp3,4:04,Studio,EP
Slowdive,Souvlaki Space Station,Outside Your Room,Shoegaze; Dream Pop,1993,UK; England,320k,mp3,5:59,Studio,EP
Slowdive,Moussaka Chaos,Outside Your Room,Shoegaze; Dream Pop,1993,UK; England,320k,mp3,6:24,Studio,EP
Paavo,Ambush,Paavo,Avant-Garde Jazz; Vocal Jazz,2007,Sweden,812k,flac,6:23,Studio,LP
Paavo,The Fairy,Paavo,Avant-Garde Jazz; Vocal Jazz,2007,Sweden,711k,flac,6:32,Studio,LP
Paavo,Making Strange,Paavo,Avant-Garde Jazz; Vocal Jazz,2007,Sweden,661k,flac,8:21,Studio,LP
Paavo,Ouvertyr,Paavo,Avant-Garde Jazz; Vocal Jazz,2007,Sweden,799k,flac,2:44,Studio,LP
Paavo,Climb Above the Trees,Paavo,Avant-Garde Jazz; Vocal Jazz,2007,Sweden,691k,flac,6:28,Studio,LP
Paavo,Sandpaper,Paavo,Avant-Garde Jazz; Vocal Jazz,2007,Sweden,753k,flac,10:23,Studio,LP
Paavo,Where Is My Other Shoe?,Paavo,Avant-Garde Jazz; Vocal Jazz,2007,Sweden,808k,flac,5:16,Studio,LP
Paavo,Imma,Paavo,Avant-Garde Jazz; Vocal Jazz,2007,Sweden,723k,flac,5:20,Studio,LP
Paavo,Bubblor,Paavo,Avant-Garde Jazz; Vocal Jazz,2007,Sweden,629k,flac,4:33,Studio,LP
Paavo,Autumn Waltz,Paavo,Avant-Garde Jazz; Vocal Jazz,2007,Sweden,705k,flac,11:53,Studio,LP
Radiohead,You,Pablo Honey,Alternative Rock,1993,UK; England,320k,mp3,3:22,Studio,LP
Radiohead,Creep,Pablo Honey,Alternative Rock,1993,UK; England,320k,mp3,3:48,Studio,LP
Radiohead,How Do You?,Pablo Honey,Alternative Rock,1993,UK; England,320k,mp3,2:08,Studio,LP
Radiohead,Stop Whispering,Pablo Honey,Alternative Rock,1993,UK; England,320k,mp3,5:16,Studio,LP
Radiohead,Thinking About You,Pablo Honey,Alternative Rock,1993,UK; England,320k,mp3,2:36,Studio,LP
Radiohead,Anyone Can Play Guitar,Pablo Honey,Alternative Rock,1993,UK; England,320k,mp3,3:31,Studio,LP
Radiohead,Ripcord,Pablo Honey,Alternative Rock,1993,UK; England,320k,mp3,3:04,Studio,LP
Radiohead,Vegetable,Pablo Honey,Alternative Rock,1993,UK; England,320k,mp3,3:07,Studio,LP
Radiohead,Prove Yourself,Pablo Honey,Alternative Rock,1993,UK; England,320k,mp3,2:21,Studio,LP
Radiohead,I Can't,Pablo Honey,Alternative Rock,1993,UK; England,320k,mp3,4:05,Studio,LP
Radiohead,Lurgee,Pablo Honey,Alternative Rock,1993,UK; England,320k,mp3,3:02,Studio,LP
Radiohead,Blow Out,Pablo Honey,Alternative Rock,1993,UK; England,320k,mp3,4:33,Studio,LP
Björk,Pagan Poetry,Pagan Poetry,Art Pop; Electronic,2001,Iceland,320k,mp3,5:14,Studio,Single
Björk,Domestica,Pagan Poetry,Art Pop; Electronic,2001,Iceland,192k,mp3,3:25,Studio,Single
Björk,Batabid,Pagan Poetry,Electronic,2001,Iceland,192k,mp3,2:25,Studio,Single
Palm,Crank,Palm on Audiotree Live,Experimental Rock; Art Rock,2016,USA,320k,mp3,3:18,Live,EP
Palm,Ankles,Palm on Audiotree Live,Experimental Rock; Art Rock,2016,USA,320k,mp3,4:29,Live,EP
Palm,Shadow Expert,Palm on Audiotree Live,Experimental Rock; Art Rock,2016,USA,320k,mp3,2:11,Live,EP
Palm,Untitled,Palm on Audiotree Live,Experimental Rock; Art Rock,2016,USA,320k,mp3,3:38,Live,EP
Palm,Two Toes,Palm on Audiotree Live,Experimental Rock; Art Rock,2016,USA,320k,mp3,3:18,Live,EP
The Beatles,Paperback Writer,Paperback Writer / Rain,Pop Rock,1966,UK; England,2774k,flac,2:18,Studio,Single
The Beatles,Rain,Paperback Writer / Rain,Pop Rock,1966,UK; England,910k,flac,2:59,Studio,Single
Coldplay,Don't Panic,Parachutes,Post-Britpop; Pop Rock,2000,UK; England,192k,mp3,2:19,Studio,LP
Coldplay,Shiver,Parachutes,Post-Britpop; Pop Rock,2000,UK; England,192k,mp3,5:04,Studio,LP
Coldplay,Spies,Parachutes,Post-Britpop; Pop Rock,2000,UK; England,192k,mp3,5:20,Studio,LP
Coldplay,Sparks,Parachutes,Post-Britpop; Pop Rock,2000,UK; England,192k,mp3,3:49,Studio,LP
Coldplay,Yellow,Parachutes,Post-Britpop; Pop Rock,2000,UK; England,192k,mp3,4:31,Studio,LP
Coldplay,Trouble,Parachutes,Post-Britpop; Pop Rock,2000,UK; England,192k,mp3,4:33,Studio,LP
Coldplay,Parachutes,Parachutes,Post-Britpop; Pop Rock,2000,UK; England,192k,mp3,0:46,Studio,LP
Coldplay,High Speed,Parachutes,Post-Britpop; Pop Rock,2000,UK; England,192k,mp3,4:16,Studio,LP
Coldplay,We Never Change,Parachutes,Post-Britpop; Pop Rock,2000,UK; England,192k,mp3,4:11,Studio,LP
Coldplay,Everything's Not Lost,Parachutes,Post-Britpop; Pop Rock,2000,UK; England,192k,mp3,7:17,Studio,LP
Coldplay,Careful Where You Stand,Parachutes,Post-Britpop; Pop Rock,2000,UK; England,192k,mp3,4:45,Studio,LP
不失者 [Fushitsusha],1,Pathétique,Noise Rock; Noise; Psychedelic Rock; Free Improvisation,1994,Japan,224k,mp3,5:00,Studio,LP
不失者 [Fushitsusha],2,Pathétique,Noise Rock; Noise; Psychedelic Rock; Free Improvisation,1994,Japan,224k,mp3,9:34,Studio,LP
不失者 [Fushitsusha],3,Pathétique,Noise Rock; Noise; Psychedelic Rock; Free Improvisation,1994,Japan,224k,mp3,15:58,Studio,LP
不失者 [Fushitsusha],4,Pathétique,Noise Rock; Noise; Psychedelic Rock; Free Improvisation,1994,Japan,224k,mp3,44:23,Studio,LP
Built to Spill,Randy Described Eternity,Perfect From Now On,Alternative Rock,1997,USA,251k VBR,mp3,6:05,Studio,LP
Built to Spill,I Would Hurt a Fly,Perfect From Now On,Alternative Rock,1997,USA,242k VBR,mp3,6:15,Studio,LP
Built to Spill,Stop the Show,Perfect From Now On,Alternative Rock,1997,USA,244k VBR,mp3,6:26,Studio,LP
Built to Spill,Made‐Up Dreams,Perfect From Now On,Alternative Rock,1997,USA,234k VBR,mp3,4:52,Studio,LP
Built to Spill,Velvet Waltz,Perfect From Now On,Alternative Rock,1997,USA,234k VBR,mp3,8:33,Studio,LP
Built to Spill,Out of Site,Perfect From Now On,Alternative Rock,1997,USA,243k VBR,mp3,5:36,Studio,LP
Built to Spill,Kicked It in the Sun,Perfect From Now On,Alternative Rock,1997,USA,241k VBR,mp3,7:32,Studio,LP
Built to Spill,Untrustable / Part 2 (About Someone Else),Perfect From Now On,Alternative Rock,1997,USA,258k VBR,mp3,8:53,Studio,LP
The Beach Boys,Wouldn't It Be Nice,Pet Sounds,Progressive Pop,1966,USA,320k,mp3,2:36,Studio,LP
The Beach Boys,You Still Believe in Me,Pet Sounds,Progressive Pop,1966,USA,320k,mp3,2:36,Studio,LP
The Beach Boys,That's Not Me,Pet Sounds,Progressive Pop,1966,USA,320k,mp3,2:31,Studio,LP
The Beach Boys,Don't Talk (Put Your Head On My Shoulder),Pet Sounds,Progressive Pop,1966,USA,320k,mp3,2:58,Studio,LP
The Beach Boys,I'm Waiting for the Day,Pet Sounds,Progressive Pop,1966,USA,320k,mp3,3:06,Studio,LP
The Beach Boys,Let's Go Away for Awhile,Pet Sounds,Progressive Pop,1966,USA,320k,mp3,2:26,Studio,LP
The Beach Boys,Sloop John B,Pet Sounds,Progressive Pop,1966,USA,320k,mp3,3:01,Studio,LP
The Beach Boys,God Only Knows,Pet Sounds,Progressive Pop,1966,USA,320k,mp3,2:55,Studio,LP
The Beach Boys,I Know There's an Answer,Pet Sounds,Progressive Pop,1966,USA,320k,mp3,3:19,Studio,LP
The Beach Boys,Here Today,Pet Sounds,Progressive Pop,1966,USA,320k,mp3,3:09,Studio,LP
The Beach Boys,I Just Wasn't Made for These Times,Pet Sounds,Progressive Pop,1966,USA,320k,mp3,3:21,Studio,LP
The Beach Boys,Pet Sounds,Pet Sounds,Progressive Pop,1966,USA,320k,mp3,2:36,Studio,LP
The Beach Boys,"Caroline, No",Pet Sounds,Progressive Pop,1966,USA,320k,mp3,2:55,Studio,LP
julie,Pg.4 a Picture of Three Hedges,Pg.4 a Picture of Three Hedges / Through Your Window,Shoegaze,2022,USA,192k,mp3,4:10,Studio,Single
julie,Through Your Window,Pg.4 a Picture of Three Hedges / Through Your Window,Shoegaze,2022,USA,192k,mp3,3:44,Studio,Single
Tangerine Dream,Phaedra,Phaedra,Electronic,1974,Germany,561k,flac,16:47,Studio,LP
Tangerine Dream,Mysterious Semblance AT The Stand Of Nightmares,Phaedra,Electronic,1974,Germany,582k,flac,10:45,Studio,LP
Tangerine Dream,Movements Of A Visionary,Phaedra,Electronic,1974,Germany,577k,flac,7:58,Studio,LP
Tangerine Dream,Sequent 'C',Phaedra,Electronic,1974,Germany,529k,flac,2:17,Studio,LP
Amon Düül II,Kanaan,Phallus Dei,Krautrock; Psychedelic Rock; Progressive Rock; Symphonic Rock,1969,Germany,320k,mp3,4:01,Studio,LP
Amon Düül II,"Dem Guten, Schonen, Wahren",Phallus Dei,Krautrock; Psychedelic Rock; Progressive Rock; Symphonic Rock,1969,Germany,320k,mp3,6:12,Studio,LP
Amon Düül II,Luzifers Ghilom,Phallus Dei,Krautrock; Psychedelic Rock; Progressive Rock; Symphonic Rock,1969,Germany,320k,mp3,8:34,Studio,LP
Amon Düül II,Henriette Krotenschwanz,Phallus Dei,Krautrock; Psychedelic Rock; Progressive Rock; Symphonic Rock,1969,Germany,320k,mp3,2:03,Studio,LP
Amon Düül II,Phallus Dei,Phallus Dei,Krautrock; Psychedelic Rock; Progressive Rock; Symphonic Rock,1969,Germany,320k,mp3,20:51,Studio,LP
Amon Düül II,TouchMaPhal,Phallus Dei,Krautrock; Psychedelic Rock; Progressive Rock; Symphonic Rock,1969,Germany,320k,mp3,10:18,Studio,LP
Amon Düül II,I Want The Sun To Shine,Phallus Dei,Krautrock; Psychedelic Rock; Progressive Rock; Symphonic Rock,1969,Germany,320k,mp3,10:30,Studio,LP
Pharoah Sanders,Harvest Time,Pharoah,Avant-Garde Jazz,1977,USA,637k,flac,20:15,Studio,LP
Pharoah Sanders,Love Will Find a Way,Pharoah,Avant-Garde Jazz,1977,USA,821k,flac,14:31,Studio,LP
Pharoah Sanders,Memories of Edith Johnson,Pharoah,Avant-Garde Jazz,1977,USA,776k,flac,5:40,Studio,LP
Boris,Farewell,Pink,Noise Rock,2005,Japan,244k VBR,mp3,7:33,Studio,LP
Boris,Pink,Pink,Noise Rock,2005,Japan,248k VBR,mp3,4:20,Studio,LP
Boris,Woman On The Screen,Pink,Noise Rock,2005,Japan,257k VBR,mp3,2:38,Studio,LP
Boris,Nothing Special,Pink,Noise Rock,2005,Japan,255k VBR,mp3,2:18,Studio,LP
Boris,Blackout,Pink,Noise Rock,2005,Japan,213k VBR,mp3,4:49,Studio,LP
Boris,Electric,Pink,Noise Rock,2005,Japan,250k VBR,mp3,1:45,Studio,LP
Boris,Pseudo-Bread,Pink,Noise Rock,2005,Japan,222k VBR,mp3,4:30,Studio,LP
Boris,Afterburner,Pink,Noise Rock,2005,Japan,226k VBR,mp3,4:22,Studio,LP
Boris,"Six, Three Times",Pink,Noise Rock,2005,Japan,264k VBR,mp3,2:53,Studio,LP
Boris,My Machine,Pink,Noise Rock,2005,Japan,129k VBR,mp3,2:01,Studio,LP
Boris,Just Abondoned Myself,Pink,Noise Rock,2005,Japan,252k VBR,mp3,18:14,Studio,LP
Wire,Reuters,Pink Flag,Art Rock,1977,UK; England,261k VBR,mp3,3:04,Studio,LP
Wire,Field Day for the Sundays,Pink Flag,Art Rock,1977,UK; England,270k VBR,mp3,0:28,Studio,LP
Wire,Three Girl Rhumba,Pink Flag,Art Rock,1977,UK; England,266k VBR,mp3,1:23,Studio,LP
Wire,Ex Lion Tamer,Pink Flag,Art Rock,1977,UK; England,284k VBR,mp3,2:19,Studio,LP
Wire,Lowdown,Pink Flag,Art Rock,1977,UK; England,277k VBR,mp3,2:26,Studio,LP
Wire,Start to Move,Pink Flag,Art Rock,1977,UK; England,279k VBR,mp3,1:13,Studio,LP
Wire,Brazil,Pink Flag,Art Rock,1977,UK; England,284k VBR,mp3,0:41,Studio,LP
Wire,It's So Obvious,Pink Flag,Art Rock,1977,UK; England,292k VBR,mp3,0:53,Studio,LP
Wire,Surgeon's Girl,Pink Flag,Art Rock,1977,UK; England,273k VBR,mp3,1:17,Studio,LP
Wire,Pink Flag,Pink Flag,Art Rock,1977,UK; England,263k VBR,mp3,3:45,Studio,LP
Wire,The Commercial,Pink Flag,Art Rock,1977,UK; England,270k VBR,mp3,0:49,Studio,LP
Wire,Straight Line,Pink Flag,Art Rock,1977,UK; England,283k VBR,mp3,0:44,Studio,LP
Wire,106 Beats That,Pink Flag,Art Rock,1977,UK; England,290k VBR,mp3,1:12,Studio,LP
Wire,Mr. Suit,Pink Flag,Art Rock,1977,UK; England,273k VBR,mp3,1:25,Studio,LP
Wire,Strange,Pink Flag,Art Rock,1977,UK; England,279k VBR,mp3,3:59,Studio,LP
Wire,Fragile,Pink Flag,Art Rock,1977,UK; England,271k VBR,mp3,1:18,Studio,LP
Wire,Mannequin,Pink Flag,Art Rock,1977,UK; England,268k VBR,mp3,2:37,Studio,LP
Wire,Different to Me,Pink Flag,Art Rock,1977,UK; England,277k VBR,mp3,0:43,Studio,LP
Wire,Champs,Pink Flag,Art Rock,1977,UK; England,281k VBR,mp3,1:46,Studio,LP
Wire,Feeling Called Love,Pink Flag,Art Rock,1977,UK; England,273k VBR,mp3,1:28,Studio,LP
Wire,1 2 X U,Pink Flag,Art Rock,1977,UK; England,277k VBR,mp3,1:57,Studio,LP
Nick Drake,Pink Moon,Pink Moon,Contemporary Folk,1972,UK; England,320k,mp3,2:03,Studio,LP
Nick Drake,Place To Be,Pink Moon,Contemporary Folk,1972,UK; England,320k,mp3,2:41,Studio,LP
Nick Drake,Road,Pink Moon,Contemporary Folk,1972,UK; England,320k,mp3,1:59,Studio,LP
Nick Drake,Which Will,Pink Moon,Contemporary Folk,1972,UK; England,320k,mp3,2:56,Studio,LP
Nick Drake,Horn,Pink Moon,Contemporary Folk,1972,UK; England,320k,mp3,1:20,Studio,LP
Nick Drake,Things Behind The Sun,Pink Moon,Contemporary Folk,1972,UK; England,320k,mp3,3:51,Studio,LP
Nick Drake,Know,Pink Moon,Contemporary Folk,1972,UK; England,320k,mp3,2:23,Studio,LP
Nick Drake,Parasite,Pink Moon,Contemporary Folk,1972,UK; England,320k,mp3,3:34,Studio,LP
Nick Drake,Free Ride,Pink Moon,Contemporary Folk,1972,UK; England,320k,mp3,3:03,Studio,LP
Nick Drake,Harvest Breed,Pink Moon,Contemporary Folk,1972,UK; England,320k,mp3,1:34,Studio,LP
Nick Drake,From The Morning,Pink Moon,Contemporary Folk,1972,UK; England,320k,mp3,2:30,Studio,LP
Weezer,Tired of Sex,Pinkerton,Alternative Rock; Power Pop; Emo,1996,USA,320k,mp3,3:01,Studio,LP
Weezer,Getchoo,Pinkerton,Alternative Rock; Power Pop; Emo,1996,USA,320k,mp3,2:52,Studio,LP
Weezer,No Other One,Pinkerton,Alternative Rock; Power Pop; Emo,1996,USA,320k,mp3,3:01,Studio,LP
Weezer,Why Bother?,Pinkerton,Alternative Rock; Power Pop; Emo,1996,USA,320k,mp3,2:08,Studio,LP
Weezer,Across the Sea,Pinkerton,Alternative Rock; Power Pop; Emo,1996,USA,320k,mp3,4:32,Studio,LP
Weezer,The Good Life,Pinkerton,Alternative Rock; Power Pop; Emo,1996,USA,320k,mp3,4:17,Studio,LP
Weezer,El Scorcho,Pinkerton,Alternative Rock; Power Pop; Emo,1996,USA,320k,mp3,4:03,Studio,LP
Weezer,Pink Triangle,Pinkerton,Alternative Rock; Power Pop; Emo,1996,USA,320k,mp3,3:58,Studio,LP
Weezer,Falling for You,Pinkerton,Alternative Rock; Power Pop; Emo,1996,USA,320k,mp3,3:47,Studio,LP
Weezer,Butterfly,Pinkerton,Alternative Rock; Power Pop; Emo,1996,USA,320k,mp3,2:53,Studio,LP
Ground-Zero,El Derecho De Vivir En Paz + Shinoshin 3/4,Plays Standards,Avant-Prog; Experimental Rock; Turntable Music,1997,Japan,285k VBR,mp3,6:19,Studio,LP
Ground-Zero,Ultra Q,Plays Standards,Avant-Prog; Experimental Rock; Turntable Music,1997,Japan,272k VBR,mp3,5:05,Studio,LP
Ground-Zero,Those Were the Days,Plays Standards,Avant-Prog; Experimental Rock; Turntable Music,1997,Japan,285k VBR,mp3,6:17,Studio,LP
Ground-Zero,Folhas Secas,Plays Standards,Avant-Prog; Experimental Rock; Turntable Music,1997,Japan,258k VBR,mp3,3:51,Studio,LP
Ground-Zero,Washington Post March + Japan Dissolution,Plays Standards,Avant-Prog; Experimental Rock; Turntable Music,1997,Japan,290k VBR,mp3,3:09,Studio,LP
Ground-Zero,Akashia No Ame Ga Yamu Toki,Plays Standards,Avant-Prog; Experimental Rock; Turntable Music,1997,Japan,255k VBR,mp3,4:18,Studio,LP
Ground-Zero,Bones,Plays Standards,Avant-Prog; Experimental Rock; Turntable Music,1997,Japan,272k VBR,mp3,2:34,Studio,LP
Ground-Zero,Where Is the Police? + The Bath of Surprise,Plays Standards,Avant-Prog; Experimental Rock; Turntable Music,1997,Japan,271k VBR,mp3,6:22,Studio,LP
Ground-Zero,"Miagetegoran, Yoru No Hoshi Wo",Plays Standards,Avant-Prog; Experimental Rock; Turntable Music,1997,Japan,265k VBR,mp3,8:16,Studio,LP
Ground-Zero,Yume No Hansyu,Plays Standards,Avant-Prog; Experimental Rock; Turntable Music,1997,Japan,236k VBR,mp3,4:56,Studio,LP
Ground-Zero,Die Papple Vom Karlsplatz,Plays Standards,Avant-Prog; Experimental Rock; Turntable Music,1997,Japan,250k VBR,mp3,4:56,Studio,LP
Ground-Zero,A Better Tomorrow + I Say a Little Prayer (Roland Kirk version),Plays Standards,Avant-Prog; Experimental Rock; Turntable Music,1997,Japan,290k VBR,mp3,10:55,Studio,LP
青葉市子 [Ichiko Aoba],IMPERIAL SMOKE TOWN,Pneuma,Contemporary Folk,2017,Japan,242k VBR,mp3,7:32,Studio,LP
青葉市子 [Ichiko Aoba],Mars 2027,Pneuma,Contemporary Folk,2017,Japan,228k VBR,mp3,7:15,Studio,LP
青葉市子 [Ichiko Aoba],ともしびの白百合,Pneuma,Contemporary Folk,2017,Japan,225k VBR,mp3,5:56,Studio,LP
青葉市子 [Ichiko Aoba],不和リン,Pneuma,Contemporary Folk,2017,Japan,221k VBR,mp3,4:27,Studio,LP
青葉市子 [Ichiko Aoba],Frozen Tidal,Pneuma,Contemporary Folk,2017,Japan,218k VBR,mp3,5:24,Studio,LP
青葉市子 [Ichiko Aoba],重たい睫毛,Pneuma,Contemporary Folk,2017,Japan,232k VBR,mp3,7:47,Studio,LP
青葉市子 [Ichiko Aoba],日時計,Pneuma,Contemporary Folk,2017,Japan,248k VBR,mp3,7:30,Studio,LP
青葉市子 [Ichiko Aoba],神様のたくらみ,Pneuma,Contemporary Folk,2017,Japan,220k VBR,mp3,4:04,Studio,LP
青葉市子 [Ichiko Aoba],ゆさぎ / マホロボシヤ,Pneuma,Contemporary Folk,2017,Japan,222k VBR,mp3,11:18,Studio,LP
青葉市子 [Ichiko Aoba],Lilies Of The Valley,Pneuma,Contemporary Folk,2017,Japan,238k VBR,mp3,5:31,Studio,LP
Cornelius,Bug (Electric Last Minute),Point,Indietronica; Shibuya-kei; Neo-Psychedelia; Folktronica,2001,Japan,675k,flac,0:38,Studio,LP
Cornelius,Point Of View Point,Point,Indietronica; Shibuya-kei; Neo-Psychedelia; Folktronica,2001,Japan,1020k,flac,3:53,Studio,LP
Cornelius,Smoke,Point,Indietronica; Shibuya-kei; Neo-Psychedelia; Folktronica,2001,Japan,968k,flac,5:48,Studio,LP
Cornelius,Drop,Point,Indietronica; Shibuya-kei; Neo-Psychedelia; Folktronica,2001,Japan,936k,flac,4:53,Studio,LP
Cornelius,Another View Point,Point,Indietronica; Shibuya-kei; Neo-Psychedelia; Folktronica,2001,Japan,811k,flac,5:35,Studio,LP
Cornelius,Tone Twilight Zone,Point,Indietronica; Shibuya-kei; Neo-Psychedelia; Folktronica,2001,Japan,769k,flac,3:38,Studio,LP
Cornelius,Bird Watching At Inner Forest,Point,Indietronica; Shibuya-kei; Neo-Psychedelia; Folktronica,2001,Japan,1031k,flac,4:22,Studio,LP
Cornelius,I Hate Hate,Point,Indietronica; Shibuya-kei; Neo-Psychedelia; Folktronica,2001,Japan,951k,flac,1:42,Studio,LP
Cornelius,Brazil,Point,Indietronica; Shibuya-kei; Neo-Psychedelia; Folktronica,2001,Japan,784k,flac,3:27,Studio,LP
Cornelius,Fly,Point,Indietronica; Shibuya-kei; Neo-Psychedelia; Folktronica,2001,Japan,963k,flac,5:40,Studio,LP
Cornelius,Nowhere,Point,Indietronica; Shibuya-kei; Neo-Psychedelia; Folktronica,2001,Japan,932k,flac,5:48,Studio,LP
King Gizzard & The Lizard Wizard,Crumbling Castle,Polygondwanaland,Progressive Rock; Psychedelic Rock,2017,Australia,273k VBR,mp3,10:44,Studio,LP
King Gizzard & The Lizard Wizard,Polygondwanaland,Polygondwanaland,Progressive Rock; Psychedelic Rock,2017,Australia,262k VBR,mp3,3:33,Studio,LP
King Gizzard & The Lizard Wizard,The Castle In The Air,Polygondwanaland,Progressive Rock; Psychedelic Rock,2017,Australia,275k VBR,mp3,2:47,Studio,LP
King Gizzard & The Lizard Wizard,Deserted Dunes Welcome Weary Feet,Polygondwanaland,Progressive Rock; Psychedelic Rock,2017,Australia,270k VBR,mp3,3:33,Studio,LP
King Gizzard & The Lizard Wizard,Inner Cell,Polygondwanaland,Progressive Rock; Psychedelic Rock,2017,Australia,269k VBR,mp3,3:55,Studio,LP
King Gizzard & The Lizard Wizard,Loyalty,Polygondwanaland,Progressive Rock; Psychedelic Rock,2017,Australia,269k VBR,mp3,3:38,Studio,LP
King Gizzard & The Lizard Wizard,Horology,Polygondwanaland,Progressive Rock; Psychedelic Rock,2017,Australia,274k VBR,mp3,2:52,Studio,LP
King Gizzard & The Lizard Wizard,Tetrachromacy,Polygondwanaland,Progressive Rock; Psychedelic Rock,2017,Australia,266k VBR,mp3,3:30,Studio,LP
King Gizzard & The Lizard Wizard,Searching...,Polygondwanaland,Progressive Rock; Psychedelic Rock,2017,Australia,277k VBR,mp3,3:03,Studio,LP
King Gizzard & The Lizard Wizard,The Fourth Colour,Polygondwanaland,Progressive Rock; Psychedelic Rock,2017,Australia,266k VBR,mp3,6:12,Studio,LP
Gas,[Pop 1],Pop,Ambient,2000,Germany,320k,mp3,5:13,Studio,LP
Gas,[Pop 2],Pop,Ambient,2000,Germany,320k,mp3,8:38,Studio,LP
Gas,[Pop 3],Pop,Ambient,2000,Germany,320k,mp3,7:27,Studio,LP
Gas,[Pop 4],Pop,Ambient,2000,Germany,320k,mp3,9:31,Studio,LP
Gas,[Pop 5],Pop,Ambient,2000,Germany,320k,mp3,10:52,Studio,LP
Gas,[Pop 6],Pop,Ambient,2000,Germany,320k,mp3,9:24,Studio,LP
Gas,[Pop 7],Pop,Ambient,2000,Germany,320k,mp3,14:37,Studio,LP
Boredoms,Noise Ramones,Pop Tatari,Experimental Rock; Noise Rock,1993,Japan,320k,mp3,0:30,Studio,LP
Boredoms,Nice B‐O‐R‐E Guy & Boyoyo Touch,Pop Tatari,Experimental Rock; Noise Rock,1993,Japan,320k,mp3,0:55,Studio,LP
Boredoms,Hey Bore Hey,Pop Tatari,Experimental Rock; Noise Rock,1993,Japan,320k,mp3,1:41,Studio,LP
Boredoms,Bo Go,Pop Tatari,Experimental Rock; Noise Rock,1993,Japan,320k,mp3,7:19,Studio,LP
Boredoms,Bore Now Bore,Pop Tatari,Experimental Rock; Noise Rock,1993,Japan,320k,mp3,2:43,Studio,LP
Boredoms,Okinawa Rasta Beef (Mockin’ Fuzz2),Pop Tatari,Experimental Rock; Noise Rock,1993,Japan,320k,mp3,3:58,Studio,LP
Boredoms,Which Dooyoo Like?,Pop Tatari,Experimental Rock; Noise Rock,1993,Japan,320k,mp3,2:07,Studio,LP
Boredoms,Molecicco,Pop Tatari,Experimental Rock; Noise Rock,1993,Japan,320k,mp3,2:47,Studio,LP
Boredoms,Telehorse Uma,Pop Tatari,Experimental Rock; Noise Rock,1993,Japan,320k,mp3,4:38,Studio,LP
Boredoms,Hoy,Pop Tatari,Experimental Rock; Noise Rock,1993,Japan,320k,mp3,4:31,Studio,LP
Boredoms,Bocabola,Pop Tatari,Experimental Rock; Noise Rock,1993,Japan,320k,mp3,3:54,Studio,LP
Boredoms,Heeba,Pop Tatari,Experimental Rock; Noise Rock,1993,Japan,320k,mp3,3:21,Studio,LP
Boredoms,Poy (Mockin’ Fuzz1),Pop Tatari,Experimental Rock; Noise Rock,1993,Japan,320k,mp3,4:27,Studio,LP
Boredoms,Bod,Pop Tatari,Experimental Rock; Noise Rock,1993,Japan,320k,mp3,1:20,Studio,LP
Boredoms,Cheeba,Pop Tatari,Experimental Rock; Noise Rock,1993,Japan,320k,mp3,9:02,Studio,LP
Boredoms,Pop Tatari,Pop Tatari,Experimental Rock; Noise Rock,1993,Japan,320k,mp3,1:58,Studio,LP
Boredoms,Cory & the Mandara Suicide Pyramid Action or Gas Satori,Pop Tatari,Experimental Rock; Noise Rock,1993,Japan,320k,mp3,10:09,Studio,LP
Portishead,Cowboys,Portishead,Trip Hop,1997,UK; England,1012k,flac,4:39,Studio,LP
Portishead,All Mine,Portishead,Trip Hop,1997,UK; England,909k,flac,4:00,Studio,LP
Portishead,Undenied,Portishead,Trip Hop,1997,UK; England,851k,flac,4:20,Studio,LP
Portishead,Half Day Closing,Portishead,Trip Hop,1997,UK; England,800k,flac,3:47,Studio,LP
Portishead,Over,Portishead,Trip Hop,1997,UK; England,791k,flac,3:55,Studio,LP
Portishead,Humming,Portishead,Trip Hop,1997,UK; England,816k,flac,6:02,Studio,LP
Portishead,Mourning Air,Portishead,Trip Hop,1997,UK; England,710k,flac,4:12,Studio,LP
Portishead,Seven Months,Portishead,Trip Hop,1997,UK; England,855k,flac,4:16,Studio,LP
Portishead,Only You (Album Version),Portishead,Trip Hop,1997,UK; England,728k,flac,4:59,Studio,LP
Portishead,Elysium,Portishead,Trip Hop,1997,UK; England,784k,flac,5:54,Studio,LP
Portishead,Western Eyes,Portishead,Trip Hop,1997,UK; England,714k,flac,3:59,Studio,LP
Bill Evans Trio,Come Rain or Come Shine (Take 5),Portrait in Jazz,Cool Jazz,1960,USA,320k,mp3,3:24,Studio,LP
Bill Evans Trio,Autumn Leaves,Portrait in Jazz,Cool Jazz,1960,USA,320k,mp3,6:00,Studio,LP
Bill Evans Trio,Witchcraft,Portrait in Jazz,Cool Jazz,1960,USA,320k,mp3,4:37,Studio,LP
Bill Evans Trio,When I Fall in Love,Portrait in Jazz,Cool Jazz,1960,USA,320k,mp3,4:57,Studio,LP
Bill Evans Trio,Peri's Scope,Portrait in Jazz,Cool Jazz,1960,USA,320k,mp3,3:16,Studio,LP
Bill Evans Trio,What Is This Thing Called Love?,Portrait in Jazz,Cool Jazz,1960,USA,320k,mp3,4:36,Studio,LP
Bill Evans Trio,Spring Is Here,Portrait in Jazz,Cool Jazz,1960,USA,320k,mp3,5:09,Studio,LP
Bill Evans Trio,Someday My Prince Will Come,Portrait in Jazz,Cool Jazz,1960,USA,320k,mp3,4:57,Studio,LP
Bill Evans Trio,Blue in Green (Take 3),Portrait in Jazz,Cool Jazz,1960,USA,320k,mp3,5:25,Studio,LP
Bill Evans Trio,Come Rain or Come Shine (Take 4),Portrait in Jazz,Cool Jazz,1960,USA,320k,mp3,3:23,Studio,LP
Bill Evans Trio,"Autumn Leaves (Take 9, monaural)",Portrait in Jazz,Cool Jazz,1960,USA,320k,mp3,5:26,Studio,LP
Bill Evans Trio,Blue in Green (Take 1),Portrait in Jazz,Cool Jazz,1960,USA,320k,mp3,4:39,Studio,LP
Bill Evans Trio,Blue in Green (Take 2),Portrait in Jazz,Cool Jazz,1960,USA,320k,mp3,4:26,Studio,LP
Björk,Army of Me,Post,Art Pop; Electronic,2000,Iceland,963k,flac,3:54,Studio,LP
Björk,Hyper‐Ballad,Post,Art Pop; Electronic,2000,Iceland,852k,flac,5:21,Studio,LP
Björk,The Modern Things,Post,Art Pop; Electronic,2000,Iceland,807k,flac,4:10,Studio,LP
Björk,It’s Oh So Quiet,Post,Art Pop; Electronic,2000,Iceland,754k,flac,3:38,Studio,LP
Björk,Enjoy,Post,Art Pop; Electronic,2000,Iceland,838k,flac,3:56,Studio,LP
Björk,You’ve Been Flirting Again,Post,Art Pop; Electronic,2000,Iceland,672k,flac,2:29,Studio,LP
Björk,Isobel,Post,Art Pop; Electronic,2000,Iceland,854k,flac,5:48,Studio,LP
Björk,Possibly Maybe,Post,Art Pop; Electronic,2000,Iceland,770k,flac,4:51,Studio,LP
Björk,I Miss You,Post,Art Pop; Electronic,2000,Iceland,814k,flac,4:03,Studio,LP
Björk,Cover Me,Post,Art Pop; Electronic,2000,Iceland,684k,flac,2:06,Studio,LP
Björk,Headphones,Post,Art Pop; Electronic,2000,Iceland,521k,flac,5:45,Studio,LP
Björk,I Go Humble,Post,Art Pop; Electronic,2000,Iceland,841k,flac,4:44,Studio,LP
Preoccupations,Anxiety,Preoccupations,Indie,2016,USA,320k,mp3,4:29,Studio,LP
Preoccupations,Monotony,Preoccupations,Indie,2016,USA,320k,mp3,2:53,Studio,LP
Preoccupations,Zodiac,Preoccupations,Indie,2016,USA,320k,mp3,3:43,Studio,LP
Preoccupations,Memory,Preoccupations,Indie,2016,USA,320k,mp3,11:26,Studio,LP
Preoccupations,Degraded,Preoccupations,Indie,2016,USA,320k,mp3,4:00,Studio,LP
Preoccupations,Sense,Preoccupations,Indie,2016,USA,320k,mp3,1:01,Studio,LP
Preoccupations,Forbidden,Preoccupations,Indie,2016,USA,320k,mp3,1:32,Studio,LP
Preoccupations,Stimulation,Preoccupations,Indie,2016,USA,320k,mp3,4:41,Studio,LP
Preoccupations,Fever,Preoccupations,Indie,2016,USA,320k,mp3,4:32,Studio,LP
"Floating Points, Pharoah Sanders & The London Symphony Orchestra",Movement 1,Promises,Post-Minimalism; Third Stream; Spiritual Jazz; Progressive Electronic,2021,USA; UK,556k,flac,6:24,Studio,LP
"Floating Points, Pharoah Sanders & The London Symphony Orchestra",Movement 2,Promises,Post-Minimalism; Third Stream; Spiritual Jazz; Progressive Electronic,2021,USA; UK,672k,flac,1:53,Studio,LP
"Floating Points, Pharoah Sanders & The London Symphony Orchestra",Movement 3,Promises,Post-Minimalism; Third Stream; Spiritual Jazz; Progressive Electronic,2021,USA; UK,539k,flac,3:09,Studio,LP
"Floating Points, Pharoah Sanders & The London Symphony Orchestra",Movement 4,Promises,Post-Minimalism; Third Stream; Spiritual Jazz; Progressive Electronic,2021,USA; UK,450k,flac,1:15,Studio,LP
"Floating Points, Pharoah Sanders & The London Symphony Orchestra",Movement 5,Promises,Post-Minimalism; Third Stream; Spiritual Jazz; Progressive Electronic,2021,USA; UK,626k,flac,5:41,Studio,LP
"Floating Points, Pharoah Sanders & The London Symphony Orchestra",Movement 6,Promises,Post-Minimalism; Third Stream; Spiritual Jazz; Progressive Electronic,2021,USA; UK,696k,flac,8:50,Studio,LP
"Floating Points, Pharoah Sanders & The London Symphony Orchestra",Movement 7,Promises,Post-Minimalism; Third Stream; Spiritual Jazz; Progressive Electronic,2021,USA; UK,517k,flac,9:28,Studio,LP
"Floating Points, Pharoah Sanders & The London Symphony Orchestra",Movement 8,Promises,Post-Minimalism; Third Stream; Spiritual Jazz; Progressive Electronic,2021,USA; UK,394k,flac,7:23,Studio,LP
"Floating Points, Pharoah Sanders & The London Symphony Orchestra",Movement 9,Promises,Post-Minimalism; Third Stream; Spiritual Jazz; Progressive Electronic,2021,USA; UK,457k,flac,2:26,Studio,LP
Animal Collective,It’s You,Prospect Hummer,Psychedelic Folk,2005,USA; UK; England,320k,mp3,3:39,Studio,EP
Animal Collective,Prospect Hummer,Prospect Hummer,Psychedelic Folk,2005,USA; UK; England,320k,mp3,4:40,Studio,EP
Animal Collective,Baleen Sample,Prospect Hummer,Psychedelic Folk,2005,USA; UK; England,320k,mp3,5:05,Studio,EP
Animal Collective,I Remember Learning How to Dive,Prospect Hummer,Psychedelic Folk,2005,USA; UK; England,320k,mp3,2:17,Studio,EP
Alice Coltrane,"Ptah, the El Daoud",Ptah the El Daoud,Spiritual Jazz,1970,USA,320k,mp3,13:59,Studio,LP
Alice Coltrane,Turiya and Ramakrishna,Ptah the El Daoud,Spiritual Jazz,1970,USA,320k,mp3,8:21,Studio,LP
Alice Coltrane,Blue Nile,Ptah the El Daoud,Spiritual Jazz,1970,USA,320k,mp3,7:05,Studio,LP
Alice Coltrane,Mantra,Ptah the El Daoud,Spiritual Jazz,1970,USA,320k,mp3,16:34,Studio,LP
Women,Can't You See,Public Strain,Noise Rock,2010,USA,252k VBR,mp3,3:40,Studio,LP
Women,Heat Distraction,Public Strain,Noise Rock,2010,USA,249k VBR,mp3,4:05,Studio,LP
Women,Narrow With The Hall,Public Strain,Noise Rock,2010,USA,255k VBR,mp3,2:37,Studio,LP
Women,Penal Colony,Public Strain,Noise Rock,2010,USA,214k VBR,mp3,2:39,Studio,LP
Women,Bells,Public Strain,Noise Rock,2010,USA,217k VBR,mp3,3:22,Studio,LP
Women,China Steps,Public Strain,Noise Rock,2010,USA,235k VBR,mp3,4:21,Studio,LP
Women,Untogether,Public Strain,Noise Rock,2010,USA,228k VBR,mp3,3:08,Studio,LP
Women,Drag Open,Public Strain,Noise Rock,2010,USA,234k VBR,mp3,4:52,Studio,LP
Women,Locust Valley,Public Strain,Noise Rock,2010,USA,251k VBR,mp3,4:14,Studio,LP
Women,Venice Lockjaw,Public Strain,Noise Rock,2010,USA,221k VBR,mp3,2:47,Studio,LP
Women,Eyesore,Public Strain,Noise Rock,2010,USA,254k VBR,mp3,6:25,Studio,LP
julie,April's-Bloom,Pushing Daisies,Shoegaze,2021,USA,192k,mp3,2:42,Studio,EP
julie,"She Was Here Then, She Isn't Here Now",Pushing Daisies,Shoegaze,2021,USA,192k,mp3,0:18,Studio,EP
julie,Lochness,Pushing Daisies,Shoegaze,2021,USA,192k,mp3,3:24,Studio,EP
julie,Confirmation of Entry Dispatch (Read),Pushing Daisies,Shoegaze,2021,USA,192k,mp3,0:19,Studio,EP
julie,Skipping Tiles,Pushing Daisies,Shoegaze,2021,USA,192k,mp3,2:16,Studio,EP
julie,Daisy Pusher,Pushing Daisies,Shoegaze,2021,USA,192k,mp3,3:32,Studio,EP
Slowdive,Rutti,Pygmalion,Ambient Pop; Post-Rock; Dream Pop,1995,UK; England,211k VBR,mp3,10:06,Studio,LP
Slowdive,Crazy for You,Pygmalion,Ambient Pop; Post-Rock; Dream Pop,1995,UK; England,220k VBR,mp3,6:00,Studio,LP
Slowdive,Miranda,Pygmalion,Ambient Pop; Post-Rock; Dream Pop,1995,UK; England,218k VBR,mp3,4:49,Studio,LP
Slowdive,Trellisaze,Pygmalion,Ambient Pop; Post-Rock; Dream Pop,1995,UK; England,227k VBR,mp3,6:21,Studio,LP
Slowdive,Cello,Pygmalion,Ambient Pop; Post-Rock; Dream Pop,1995,UK; England,212k VBR,mp3,1:33,Studio,LP
Slowdive,J's Heaven,Pygmalion,Ambient Pop; Post-Rock; Dream Pop,1995,UK; England,222k VBR,mp3,6:45,Studio,LP
Slowdive,Visions of LA,Pygmalion,Ambient Pop; Post-Rock; Dream Pop,1995,UK; England,202k VBR,mp3,1:46,Studio,LP
Slowdive,Blue Skied an' Clear,Pygmalion,Ambient Pop; Post-Rock; Dream Pop,1995,UK; England,230k VBR,mp3,6:54,Studio,LP
Slowdive,All of Us,Pygmalion,Ambient Pop; Post-Rock; Dream Pop,1995,UK; England,209k VBR,mp3,4:09,Studio,LP
Radiohead,Pyramid Song,Pyramid Song,Art Rock,2008,UK; England,320k,mp3,4:48,Studio,Single
Radiohead,The Amazing Sounds of Orgy,Pyramid Song,Art Rock,2001,UK; England,320k,mp3,3:38,Studio,Single
Radiohead,Trans-Atlantic Drawl,Pyramid Song,Art Rock,2001,UK; England,320k,mp3,3:01,Studio,Single
Radiohead,Fast-Track,Pyramid Song,Art Rock,2001,UK; England,320k,mp3,3:17,Studio,Single
Radiohead,Kinetic,Pyramid Song,Art Rock,2001,UK; England,320k,mp3,4:06,Studio,Single
青葉市子 [Ichiko Aoba],夜明けのジュリアの谷の噴水,qp,Contemporary Folk,2018,Japan,320k,mp3,1:05,Studio,LP
青葉市子 [Ichiko Aoba],テリフリアメ,qp,Contemporary Folk,2018,Japan,320k,mp3,3:10,Studio,LP
青葉市子 [Ichiko Aoba],月の丘,qp,Contemporary Folk,2018,Japan,320k,mp3,3:26,Studio,LP
青葉市子 [Ichiko Aoba],みなしごの雨,qp,Contemporary Folk,2018,Japan,320k,mp3,3:23,Studio,LP
青葉市子 [Ichiko Aoba],誰かの世界,qp,Contemporary Folk,2018,Japan,320k,mp3,5:07,Studio,LP
青葉市子 [Ichiko Aoba],卯月の朧唄,qp,Contemporary Folk,2018,Japan,320k,mp3,1:26,Studio,LP
青葉市子 [Ichiko Aoba],水辺の妖精,qp,Contemporary Folk,2018,Japan,320k,mp3,5:18,Studio,LP
青葉市子 [Ichiko Aoba],妖精の手招き,qp,Contemporary Folk,2018,Japan,320k,mp3,2:45,Studio,LP
青葉市子 [Ichiko Aoba],羊のアンソニー,qp,Contemporary Folk,2018,Japan,320k,mp3,5:30,Studio,LP
青葉市子 [Ichiko Aoba],海辺の葬列,qp,Contemporary Folk,2018,Japan,320k,mp3,6:39,Studio,LP
King Gizzard & The Lizard Wizard,The River,Quarters,Psychedelic Rock; Psychedelic Pop; Neo-Psychedelia,2015,Australia,320k,mp3,10:10,Studio,LP
King Gizzard & The Lizard Wizard,Infinite Rise,Quarters,Psychedelic Rock; Psychedelic Pop; Neo-Psychedelia,2015,Australia,320k,mp3,10:10,Studio,LP
King Gizzard & The Lizard Wizard,God is in the Rhythm,Quarters,Psychedelic Rock; Psychedelic Pop; Neo-Psychedelia,2015,Australia,320k,mp3,10:10,Studio,LP
King Gizzard & The Lizard Wizard,Lonely Steel Sheet Flyer,Quarters,Psychedelic Rock; Psychedelic Pop; Neo-Psychedelia,2015,Australia,320k,mp3,10:10,Studio,LP
Qujaku,Shoku No Hakumei,Qujaku,Noise Rock,2018,Japan,128k,mp3,19:57,Studio,LP
Qujaku,Kami Ga Korosu,Qujaku,Noise Rock,2018,Japan,128k,mp3,1:57,Studio,LP
Qujaku,ZyouK,Qujaku,Noise Rock,2018,Japan,128k,mp3,10:15,Studio,LP
Qujaku,KEIREN,Qujaku,Noise Rock,2018,Japan,128k,mp3,7:58,Studio,LP
Qujaku,Ave,Qujaku,Noise Rock,2018,Japan,128k,mp3,6:30,Studio,LP
Qujaku,Hadaka No Inochi,Qujaku,Noise Rock,2018,Japan,128k,mp3,9:33,Studio,LP
Qujaku,Kagamie,Qujaku,Noise Rock,2018,Japan,128k,mp3,3:55,Studio,LP
Qujaku,"Yui, Hate No Romance",Qujaku,Noise Rock,2018,Japan,128k,mp3,6:30,Studio,LP
Qujaku,Sweet Love of Mine,Qujaku,Noise Rock,2018,Japan,128k,mp3,3:08,Studio,LP
Duster,Untitled (58),Rarities,Slowcore,2001,USA,128k,mp3,4:23,Studio,LP
Duster,Untitled (59),Rarities,Slowcore,2001,USA,150k VBR,mp3,2:41,Studio,LP
Duster,Untitled (60),Rarities,Slowcore,2001,USA,164k VBR,mp3,3:18,Studio,LP
Duster,Untitled (61),Rarities,Slowcore,2001,USA,192k,mp3,6:19,Studio,LP
Duster,Untitled (62),Rarities,Slowcore,2001,USA,192k,mp3,2:58,Studio,LP
Duster,Untitled (80),Rarities,Slowcore,2001,USA,256k,mp3,3:49,Studio,LP
Duster,Untitled (81),Rarities,Slowcore,2001,USA,256k,mp3,4:49,Studio,LP
Duster,Untitled (83),Rarities,Slowcore,2001,USA,256k,mp3,5:01,Studio,LP
Duster,Untitled (84),Rarities,Slowcore,2001,USA,256k,mp3,3:35,Studio,LP
King Crimson,Red,Red,Progressive Rock,1974,UK; England,320k,mp3,6:14,Studio,LP
King Crimson,Fallen Angel,Red,Progressive Rock,1974,UK; England,320k,mp3,6:02,Studio,LP
King Crimson,One More Red Nightmare,Red,Progressive Rock,1974,UK; England,320k,mp3,7:05,Studio,LP
King Crimson,Providence,Red,Progressive Rock,1974,UK; England,320k,mp3,8:09,Studio,LP
King Crimson,Starless,Red,Progressive Rock,1974,UK; England,320k,mp3,12:18,Studio,LP
Stereolab,Harmonium,Refried Ectoplasm (Switched On Volume 2),Indie Rock,1995,UK; France; England,320k,mp3,5:56,Studio,LP
Stereolab,Lo Boob Oscillator,Refried Ectoplasm (Switched On Volume 2),Indie Rock,1995,UK; France; England,320k,mp3,6:36,Studio,LP
Stereolab,Mountain,Refried Ectoplasm (Switched On Volume 2),Indie Rock,1995,UK; France; England,320k,mp3,4:05,Studio,LP
Stereolab,Revox,Refried Ectoplasm (Switched On Volume 2),Indie Rock,1995,UK; France; England,320k,mp3,4:13,Studio,LP
Stereolab,French Disko,Refried Ectoplasm (Switched On Volume 2),Indie Rock,1995,UK; France; England,320k,mp3,3:35,Studio,LP
Stereolab,Exploding Head Movie,Refried Ectoplasm (Switched On Volume 2),Indie Rock,1995,UK; France; England,320k,mp3,4:48,Studio,LP
Stereolab,Eloge D'Eros,Refried Ectoplasm (Switched On Volume 2),Indie Rock,1995,UK; France; England,320k,mp3,3:52,Studio,LP
Stereolab,Tone Burst (Country),Refried Ectoplasm (Switched On Volume 2),Indie Rock,1995,UK; France; England,320k,mp3,2:12,Studio,LP
Stereolab,Animal Or Vegetable (A Wonderful Wooden Reason...),Refried Ectoplasm (Switched On Volume 2),Indie Rock,1995,UK; France; England,320k,mp3,13:32,Studio,LP
Stereolab,John Cage Bubblegum,Refried Ectoplasm (Switched On Volume 2),Indie Rock,1995,UK; France; England,320k,mp3,3:18,Studio,LP
Stereolab,Sadistic,Refried Ectoplasm (Switched On Volume 2),Indie Rock,1995,UK; France; England,320k,mp3,2:36,Studio,LP
Stereolab,Farfisa,Refried Ectoplasm (Switched On Volume 2),Indie Rock,1995,UK; France; England,320k,mp3,2:23,Studio,LP
Stereolab,Tempter,Refried Ectoplasm (Switched On Volume 2),Indie Rock,1995,UK; France; England,320k,mp3,5:52,Studio,LP
Alt-J,3WW,Relaxer,Indie Rock,2017,UK; England,320k,mp3,5:00,Studio,LP
Alt-J,In Cold Blood,Relaxer,Indie Rock,2017,UK; England,320k,mp3,3:26,Studio,LP
Alt-J,House of the Rising Sun,Relaxer,Indie Rock,2017,UK; England,320k,mp3,5:20,Studio,LP
Alt-J,Hit Me Like That Snare,Relaxer,Indie Rock,2017,UK; England,320k,mp3,3:38,Studio,LP
Alt-J,Deadcrush,Relaxer,Indie Rock,2017,UK; England,320k,mp3,3:52,Studio,LP
Alt-J,Adeline,Relaxer,Indie Rock,2017,UK; England,320k,mp3,5:50,Studio,LP
Alt-J,Last Year,Relaxer,Indie Rock,2017,UK; England,320k,mp3,6:06,Studio,LP
Alt-J,Pleader,Relaxer,Indie Rock,2017,UK; England,320k,mp3,5:48,Studio,LP
Talking Heads,Born Under Punches (The Heat Goes On),Remain in Light,New Wave,1980,USA,320k,mp3,5:49,Studio,LP
Talking Heads,Crosseyed and Painless,Remain in Light,New Wave,1980,USA,320k,mp3,4:47,Studio,LP
Talking Heads,The Great Curve,Remain in Light,New Wave,1980,USA,320k,mp3,6:27,Studio,LP
Talking Heads,Once in a Lifetime,Remain in Light,New Wave,1980,USA,320k,mp3,4:22,Studio,LP
Talking Heads,Houses in Motion,Remain in Light,New Wave,1980,USA,320k,mp3,4:33,Studio,LP
Talking Heads,Seen and Not Seen,Remain in Light,New Wave,1980,USA,320k,mp3,3:24,Studio,LP
Talking Heads,Listening Wind,Remain in Light,New Wave,1980,USA,320k,mp3,4:43,Studio,LP
Talking Heads,The Overload,Remain in Light,New Wave,1980,USA,320k,mp3,6:00,Studio,LP
This Heat,Repeat,Repeat,Tape Music; Industrial,1993,UK; England,320k,mp3,20:22,Studio,LP
This Heat,Metal,Repeat,Tape Music; Industrial,1993,UK; England,320k,mp3,23:12,Studio,LP
This Heat,Graphic / Varispeed,Repeat,Tape Music; Industrial,1993,UK; England,320k,mp3,15:26,Studio,LP
Fugazi,Turnover,Repeater,Post-Hardcore,1990,USA,996k,flac,4:15,Studio,LP
Fugazi,Repeater,Repeater,Post-Hardcore,1990,USA,951k,flac,3:01,Studio,LP
Fugazi,Brendan #1,Repeater,Post-Hardcore,1990,USA,895k,flac,2:32,Studio,LP
Fugazi,Merchandise,Repeater,Post-Hardcore,1990,USA,967k,flac,2:58,Studio,LP
Fugazi,Blueprint,Repeater,Post-Hardcore,1990,USA,990k,flac,3:52,Studio,LP
Fugazi,Sieve-Fisted Find,Repeater,Post-Hardcore,1990,USA,1037k,flac,3:24,Studio,LP
Fugazi,Greed,Repeater,Post-Hardcore,1990,USA,1010k,flac,1:47,Studio,LP
Fugazi,Two Beats Off,Repeater,Post-Hardcore,1990,USA,965k,flac,3:28,Studio,LP
Fugazi,Styrofoam,Repeater,Post-Hardcore,1990,USA,1006k,flac,2:35,Studio,LP
Fugazi,Reprovisional,Repeater,Post-Hardcore,1990,USA,929k,flac,2:17,Studio,LP
Fugazi,Shut the Door,Repeater,Post-Hardcore,1990,USA,882k,flac,4:59,Studio,LP
Fugazi,Song #1,Repeater,Post-Hardcore,1990,USA,955k,flac,2:54,Studio,LP
Fugazi,Joe #1,Repeater,Post-Hardcore,1990,USA,892k,flac,3:01,Studio,LP
Fugazi,Break-In,Repeater,Post-Hardcore,1990,USA,1026k,flac,1:32,Studio,LP
Unwound,Message Received,Repetition,Noise Rock,1996,USA,320k,mp3,3:05,Studio,LP
Unwound,Corpse Pose,Repetition,Noise Rock,1996,USA,320k,mp3,3:05,Studio,LP
Unwound,Unauthorized Autobiography,Repetition,Noise Rock,1996,USA,320k,mp3,2:47,Studio,LP
Unwound,Lowest Common Denominator,Repetition,Noise Rock,1996,USA,320k,mp3,4:31,Studio,LP
Unwound,Sensible,Repetition,Noise Rock,1996,USA,320k,mp3,3:00,Studio,LP
Unwound,Lady Elect,Repetition,Noise Rock,1996,USA,320k,mp3,5:37,Studio,LP
Unwound,Fingernails on a Chalkboard,Repetition,Noise Rock,1996,USA,320k,mp3,4:56,Studio,LP
Unwound,Murder Movies,Repetition,Noise Rock,1996,USA,320k,mp3,1:48,Studio,LP
Unwound,Next Exit,Repetition,Noise Rock,1996,USA,320k,mp3,4:30,Studio,LP
Unwound,Devoid,Repetition,Noise Rock,1996,USA,320k,mp3,3:13,Studio,LP
Unwound,Go to Dallas and Take a Left,Repetition,Noise Rock,1996,USA,320k,mp3,4:10,Studio,LP
Unwound,For Your Entertainment,Repetition,Noise Rock,1996,USA,320k,mp3,5:45,Studio,LP
Ground-Zero,Opening - Flying Across the J P Yen,Revolutionary Pekinese Opera Ver.1.28,Avant-Garde Jazz,1996,Japan,320k,mp3,9:29,Studio,LP
Ground-Zero,Consume Mao,Revolutionary Pekinese Opera Ver.1.28,Avant-Garde Jazz,1996,Japan,320k,mp3,1:34,Studio,LP
Ground-Zero,Rush Capture of the Revolutionary Opera 1,Revolutionary Pekinese Opera Ver.1.28,Avant-Garde Jazz,1996,Japan,320k,mp3,2:07,Studio,LP
Ground-Zero,Red Mao Book by Sony,Revolutionary Pekinese Opera Ver.1.28,Avant-Garde Jazz,1996,Japan,320k,mp3,4:25,Studio,LP
Ground-Zero,Crossing Frankfurt Four Times,Revolutionary Pekinese Opera Ver.1.28,Avant-Garde Jazz,1996,Japan,320k,mp3,2:02,Studio,LP
Ground-Zero,The Glory of Hong Kong - Kabukicho Conference,Revolutionary Pekinese Opera Ver.1.28,Avant-Garde Jazz,1996,Japan,320k,mp3,4:55,Studio,LP
Ground-Zero,Paraiso 1,Revolutionary Pekinese Opera Ver.1.28,Avant-Garde Jazz,1996,Japan,320k,mp3,7:05,Studio,LP
Ground-Zero,Announcing Good News from the West,Revolutionary Pekinese Opera Ver.1.28,Avant-Garde Jazz,1996,Japan,320k,mp3,0:42,Studio,LP
Ground-Zero,Revolutionary Enka 2001,Revolutionary Pekinese Opera Ver.1.28,Avant-Garde Jazz,1996,Japan,242k VBR,mp3,1:14,Studio,LP
Ground-Zero,Grand Pink Junction Ballard,Revolutionary Pekinese Opera Ver.1.28,Avant-Garde Jazz,1996,Japan,320k,mp3,1:29,Studio,LP
Ground-Zero,Crossing Snow Mountains with Yamaha Bike,Revolutionary Pekinese Opera Ver.1.28,Avant-Garde Jazz,1996,Japan,320k,mp3,1:30,Studio,LP
Ground-Zero,Rush Capture of the Revolutionary Opera 2,Revolutionary Pekinese Opera Ver.1.28,Avant-Garde Jazz,1996,Japan,320k,mp3,0:53,Studio,LP
Ground-Zero,"Yellow Army, Beloved of the Various Nationalities",Revolutionary Pekinese Opera Ver.1.28,Avant-Garde Jazz,1996,Japan,320k,mp3,0:54,Studio,LP
Ground-Zero,Triumphant Junction (Grand Finale),Revolutionary Pekinese Opera Ver.1.28,Avant-Garde Jazz,1996,Japan,320k,mp3,1:09,Studio,LP
Ground-Zero,International - Epilogue,Revolutionary Pekinese Opera Ver.1.28,Avant-Garde Jazz,1996,Japan,320k,mp3,1:42,Studio,LP
Ground-Zero,Paraiso 2,Revolutionary Pekinese Opera Ver.1.28,Avant-Garde Jazz,1996,Japan,320k,mp3,6:38,Studio,LP
The Beatles,Taxman,Revolver,Pop Rock; Psychedelic Pop,1966,UK; England,3138k,flac,2:38,Studio,LP
The Beatles,Eleanor Rigby,Revolver,Pop Rock; Psychedelic Pop,1966,UK; England,2980k,flac,2:06,Studio,LP
The Beatles,I’m Only Sleeping,Revolver,Pop Rock; Psychedelic Pop,1966,UK; England,3053k,flac,3:00,Studio,LP
The Beatles,Love You To,Revolver,Pop Rock; Psychedelic Pop,1966,UK; England,3021k,flac,2:59,Studio,LP
The Beatles,"Here, There and Everywhere",Revolver,Pop Rock; Psychedelic Pop,1966,UK; England,2997k,flac,2:24,Studio,LP
The Beatles,Yellow Submarine,Revolver,Pop Rock; Psychedelic Pop,1966,UK; England,2999k,flac,2:38,Studio,LP
The Beatles,She Said She Said,Revolver,Pop Rock; Psychedelic Pop,1966,UK; England,3060k,flac,2:36,Studio,LP
The Beatles,Good Day Sunshine,Revolver,Pop Rock; Psychedelic Pop,1966,UK; England,3005k,flac,2:09,Studio,LP
The Beatles,And Your Bird Can Sing,Revolver,Pop Rock; Psychedelic Pop,1966,UK; England,3236k,flac,2:00,Studio,LP
The Beatles,For No One,Revolver,Pop Rock; Psychedelic Pop,1966,UK; England,3105k,flac,1:59,Studio,LP
The Beatles,Doctor Robert,Revolver,Pop Rock; Psychedelic Pop,1966,UK; England,2963k,flac,2:14,Studio,LP
The Beatles,I Want to Tell You,Revolver,Pop Rock; Psychedelic Pop,1966,UK; England,3030k,flac,2:27,Studio,LP
The Beatles,Got to Get You Into My Life,Revolver,Pop Rock; Psychedelic Pop,1966,UK; England,3092k,flac,2:29,Studio,LP
The Beatles,Tomorrow Never Knows,Revolver,Pop Rock; Psychedelic Pop,1966,UK; England,3221k,flac,2:57,Studio,LP
Jonsi & Alex Somers,Happiness,Riceboy Sleeps,Ambient,2019,USA; Iceland,320k,mp3,9:19,Studio,LP
Jonsi & Alex Somers,Atlas Song,Riceboy Sleeps,Ambient,2019,USA; Iceland,320k,mp3,8:15,Studio,LP
Jonsi & Alex Somers,Indian Summer,Riceboy Sleeps,Ambient,2019,USA; Iceland,320k,mp3,9:21,Studio,LP
Jonsi & Alex Somers,Stokkseyri,Riceboy Sleeps,Ambient,2019,USA; Iceland,320k,mp3,7:10,Studio,LP
Jonsi & Alex Somers,Boy 1904,Riceboy Sleeps,Ambient,2019,USA; Iceland,320k,mp3,5:05,Studio,LP
Jonsi & Alex Somers,All The Big Trees,Riceboy Sleeps,Ambient,2019,USA; Iceland,320k,mp3,5:15,Studio,LP
Jonsi & Alex Somers,Daníell In The Sea,Riceboy Sleeps,Ambient,2019,USA; Iceland,320k,mp3,7:07,Studio,LP
Jonsi & Alex Somers,Howl,Riceboy Sleeps,Ambient,2019,USA; Iceland,320k,mp3,8:26,Studio,LP
Jonsi & Alex Somers,Sleeping Giant,Riceboy Sleeps,Ambient,2019,USA; Iceland,320k,mp3,7:27,Studio,LP
Aphex Twin,4,Richard D. James Album,IDM; Drill and Bass,1996,UK; England,220k VBR,mp3,3:36,Studio,LP
Aphex Twin,Cornish Acid,Richard D. James Album,IDM; Drill and Bass,1996,UK; England,242k VBR,mp3,2:14,Studio,LP
Aphex Twin,Peek 824545201,Richard D. James Album,IDM; Drill and Bass,1996,UK; England,211k VBR,mp3,3:05,Studio,LP
Aphex Twin,Fingerbib,Richard D. James Album,IDM; Drill and Bass,1996,UK; England,205k VBR,mp3,3:48,Studio,LP
Aphex Twin,Corn Mouth,Richard D. James Album,IDM; Drill and Bass,1996,UK; England,266k VBR,mp3,2:33,Studio,LP
Aphex Twin,To Cure A Weakling Child,Richard D. James Album,IDM; Drill and Bass,1996,UK; England,226k VBR,mp3,4:03,Studio,LP
Aphex Twin,Goon Gumpas,Richard D. James Album,IDM; Drill and Bass,1996,UK; England,184k VBR,mp3,2:02,Studio,LP
Aphex Twin,Yellow Calx,Richard D. James Album,IDM; Drill and Bass,1996,UK; England,231k VBR,mp3,3:02,Studio,LP
Aphex Twin,Girl/Boy Song,Richard D. James Album,IDM; Drill and Bass,1996,UK; England,237k VBR,mp3,4:47,Studio,LP
Aphex Twin,Logon Rock Witch,Richard D. James Album,IDM; Drill and Bass,1996,UK; England,204k VBR,mp3,3:32,Studio,LP
Aphex Twin,Milk Man,Richard D. James Album,IDM; Drill and Bass,1996,UK; England,217k VBR,mp3,4:09,Studio,LP
Aphex Twin,Inkey$,Richard D. James Album,IDM; Drill and Bass,1996,UK; England,259k VBR,mp3,1:24,Studio,LP
Aphex Twin,Girl/Boy Song (£18 Snare Rush Mix),Richard D. James Album,IDM; Drill and Bass,1996,UK; England,236k VBR,mp3,1:57,Studio,LP
Aphex Twin,Beetles,Richard D. James Album,IDM; Drill and Bass,1996,UK; England,182k VBR,mp3,1:31,Studio,LP
Aphex Twin,Girl/Boy Song (Redruth Mix),Richard D. James Album,IDM; Drill and Bass,1996,UK; England,248k VBR,mp3,1:37,Studio,LP
Lightning Bolt,Forcefield,Ride the Skies,Noise Rock,2001,USA,192k,mp3,4:01,Studio,LP
Lightning Bolt,Saint Jacques,Ride the Skies,Noise Rock,2001,USA,192k,mp3,4:13,Studio,LP
Lightning Bolt,13 Monsters,Ride the Skies,Noise Rock,2001,USA,192k,mp3,2:48,Studio,LP
Lightning Bolt,Ride the Sky,Ride the Skies,Noise Rock,2001,USA,192k,mp3,4:27,Studio,LP
Lightning Bolt,The Faire Folk,Ride the Skies,Noise Rock,2001,USA,192k,mp3,6:16,Studio,LP
Lightning Bolt,Into the Mist 2,Ride the Skies,Noise Rock,2001,USA,192k,mp3,3:21,Studio,LP
Lightning Bolt,Wee Ones Parade,Ride the Skies,Noise Rock,2001,USA,192k,mp3,5:19,Studio,LP
Lightning Bolt,Rotator,Ride the Skies,Noise Rock,2001,USA,192k,mp3,5:08,Studio,LP
Sigur Rós,"Kem Eg Enn Af Köldum Heiðum (Still, I Come From Cold Hills)",Rimur,Post-Rock,2001,Iceland,224k,mp3,6:18,Studio,EP
Sigur Rós,Til Ei Lætur Tíðin Mér (No Time For Me To Act),Rimur,Post-Rock,2001,Iceland,224k,mp3,1:00,Studio,EP
Sigur Rós,Fjöll í Austri Fagurblá (From Stanza's First Rhyme),Rimur,Post-Rock,2001,Iceland,224k,mp3,6:00,Studio,EP
Sigur Rós,Slær á Hafið Himinblæ (The Rhythm of the Ocean),Rimur,Post-Rock,2001,Iceland,224k,mp3,1:28,Studio,EP
Sigur Rós,Hugann Seiða Svalli Frá (Youthful Carousal of the Mind),Rimur,Post-Rock,2001,Iceland,224k,mp3,6:02,Studio,EP
Sigur Rós,Lækurinn (Brook),Rimur,Post-Rock,2001,Iceland,224k,mp3,5:49,Studio,EP
Mogwai,Sine Wave,Rock Action,Post-Rock,2001,UK; Scotland,320k,mp3,4:55,Studio,LP
Mogwai,Take Me Somewhere Nice,Rock Action,Post-Rock,2001,UK; Scotland,320k,mp3,6:57,Studio,LP
Mogwai,O I Sleep,Rock Action,Post-Rock,2001,UK; Scotland,320k,mp3,0:55,Studio,LP
Mogwai,Dial; Revenge,Rock Action,Post-Rock,2001,UK; Scotland,320k,mp3,3:28,Studio,LP
Mogwai,You Don't Know Jesus,Rock Action,Post-Rock,2001,UK; Scotland,320k,mp3,8:02,Studio,LP
Mogwai,Robot Chant,Rock Action,Post-Rock,2001,UK; Scotland,320k,mp3,1:03,Studio,LP
Mogwai,2 Rights Make 1 Wrong,Rock Action,Post-Rock,2001,UK; Scotland,320k,mp3,9:31,Studio,LP
Mogwai,Secret Pint,Rock Action,Post-Rock,2001,UK; Scotland,320k,mp3,3:37,Studio,LP
Robert Wyatt,Sea Song,Rock Bottom,Art Rock,1974,UK; England,320k,mp3,6:31,Studio,LP
Robert Wyatt,Last Straw,Rock Bottom,Art Rock,1974,UK; England,320k,mp3,5:46,Studio,LP
Robert Wyatt,Little Red Riding Hood Hit the Road,Rock Bottom,Art Rock,1974,UK; England,320k,mp3,7:40,Studio,LP
Robert Wyatt,Alifib,Rock Bottom,Art Rock,1974,UK; England,320k,mp3,6:55,Studio,LP
Robert Wyatt,Alifie,Rock Bottom,Art Rock,1974,UK; England,320k,mp3,6:31,Studio,LP
Robert Wyatt,Little Red Robin Hood Hit the Road,Rock Bottom,Art Rock,1974,UK; England,320k,mp3,6:08,Studio,LP
Palm,Pearly,Rock Island,Math Rock,2018,USA,320k,mp3,2:47,Studio,LP
Palm,Composite,Rock Island,Math Rock,2018,USA,320k,mp3,4:13,Studio,LP
Palm,Dog Milk,Rock Island,Math Rock,2018,USA,320k,mp3,5:19,Studio,LP
Palm,Forced Hand,Rock Island,Math Rock,2018,USA,320k,mp3,4:26,Studio,LP
Palm,Theme From Rock Island,Rock Island,Math Rock,2018,USA,320k,mp3,2:18,Studio,LP
Palm,Bread,Rock Island,Math Rock,2018,USA,320k,mp3,4:53,Studio,LP
Palm,Color Code,Rock Island,Math Rock,2018,USA,320k,mp3,2:46,Studio,LP
Palm,Swimmer,Rock Island,Math Rock,2018,USA,320k,mp3,4:32,Studio,LP
Palm,Heavy Lifting,Rock Island,Math Rock,2018,USA,320k,mp3,4:43,Studio,LP
Palm,20664,Rock Island,Math Rock,2018,USA,320k,mp3,1:24,Studio,LP
Palm,(Didn't What You Want) Happen,Rock Island,Math Rock,2018,USA,320k,mp3,4:00,Studio,LP
The Strokes,What Ever Happened?,Room on Fire,Garage Rock Revival; Indie Rock; Post-Punk Revival,2003,USA,200k VBR,mp3,2:54,Studio,LP
The Strokes,Reptilia,Room on Fire,Garage Rock Revival; Indie Rock; Post-Punk Revival,2003,USA,243k VBR,mp3,3:41,Studio,LP
The Strokes,Automatic Stop,Room on Fire,Garage Rock Revival; Indie Rock; Post-Punk Revival,2003,USA,237k VBR,mp3,3:27,Studio,LP
The Strokes,12:51,Room on Fire,Garage Rock Revival; Indie Rock; Post-Punk Revival,2003,USA,270k VBR,mp3,2:33,Studio,LP
The Strokes,You Talk Way Too Much,Room on Fire,Garage Rock Revival; Indie Rock; Post-Punk Revival,2003,USA,278k VBR,mp3,3:04,Studio,LP
The Strokes,Between Love & Hate,Room on Fire,Garage Rock Revival; Indie Rock; Post-Punk Revival,2003,USA,244k VBR,mp3,3:15,Studio,LP
The Strokes,Meet Me in the Bathroom,Room on Fire,Garage Rock Revival; Indie Rock; Post-Punk Revival,2003,USA,249k VBR,mp3,2:57,Studio,LP
The Strokes,Under Control,Room on Fire,Garage Rock Revival; Indie Rock; Post-Punk Revival,2003,USA,216k VBR,mp3,3:06,Studio,LP
The Strokes,The Way It Is,Room on Fire,Garage Rock Revival; Indie Rock; Post-Punk Revival,2003,USA,232k VBR,mp3,2:22,Studio,LP
The Strokes,The End Has No End,Room on Fire,Garage Rock Revival; Indie Rock; Post-Punk Revival,2003,USA,191k VBR,mp3,3:07,Studio,LP
The Strokes,I Can’t Win,Room on Fire,Garage Rock Revival; Indie Rock; Post-Punk Revival,2003,USA,239k VBR,mp3,2:34,Studio,LP
Portishead,Humming,Roseland NYC Live 25,Trip Hop,1998,UK; England,1548k,flac,6:32,Live,LP
Portishead,Cowboys,Roseland NYC Live 25,Trip Hop,1998,UK; England,1631k,flac,4:57,Live,LP
Portishead,All Mine,Roseland NYC Live 25,Trip Hop,1998,UK; England,1592k,flac,4:01,Live,LP
Portishead,Mysterons,Roseland NYC Live 25,Trip Hop,1998,UK; England,1532k,flac,5:43,Live,LP
Portishead,Only You,Roseland NYC Live 25,Trip Hop,1998,UK; England,1411k,flac,5:21,Live,LP
Portishead,Half Day Closing,Roseland NYC Live 25,Trip Hop,1998,UK; England,1503k,flac,4:04,Live,LP
Portishead,Over,Roseland NYC Live 25,Trip Hop,1998,UK; England,1534k,flac,4:11,Live,LP
Portishead,Glory Box,Roseland NYC Live 25,Trip Hop,1998,UK; England,1585k,flac,5:31,Live,LP
Portishead,Sour Times,Roseland NYC Live 25,Trip Hop,1998,UK; England,1619k,flac,4:00,Live,LP
Portishead,Roads,Roseland NYC Live 25,Trip Hop,1998,UK; England,1519k,flac,5:30,Live,LP
Portishead,Strangers,Roseland NYC Live 25,Trip Hop,1998,UK; England,1605k,flac,5:17,Live,LP
Portishead,Undenied,Roseland NYC Live 25,Trip Hop,1998,UK; England,1512k,flac,4:31,Live,LP
Portishead,Numb,Roseland NYC Live 25,Trip Hop,1998,UK; England,1629k,flac,4:36,Live,LP
Portishead,Western Eyes,Roseland NYC Live 25,Trip Hop,1998,UK; England,1493k,flac,4:08,Live,LP
Four Tet,Hands,Rounds,Electronic,2003,UK; England,320k,mp3,5:41,Studio,LP
Four Tet,She Moves She,Rounds,Electronic,2003,UK; England,320k,mp3,4:41,Studio,LP
Four Tet,First Thing,Rounds,Electronic,2003,UK; England,320k,mp3,1:13,Studio,LP
Four Tet,My Angel Rocks Back And Forth,Rounds,Electronic,2003,UK; England,320k,mp3,5:07,Studio,LP
Four Tet,Spirit Fingers,Rounds,Electronic,2003,UK; England,320k,mp3,3:22,Studio,LP
Four Tet,Unspoken,Rounds,Electronic,2003,UK; England,320k,mp3,9:31,Studio,LP
Four Tet,Chia,Rounds,Electronic,2003,UK; England,320k,mp3,0:32,Studio,LP
Four Tet,As Serious As Your Life,Rounds,Electronic,2003,UK; England,320k,mp3,4:48,Studio,LP
Four Tet,And They Look Broken Hearted,Rounds,Electronic,2003,UK; England,320k,mp3,5:09,Studio,LP
Four Tet,Slow Jam,Rounds,Electronic,2003,UK; England,320k,mp3,5:18,Studio,LP
The Beatles,Drive My Car,Rubber Soul,Pop Rock; Folk Rock,1965,UK; England,320k,mp3,2:31,Studio,LP
The Beatles,Norwegian Wood (This Bird Has Flown),Rubber Soul,Pop Rock; Folk Rock,1965,UK; England,320k,mp3,2:05,Studio,LP
The Beatles,You Won't See Me,Rubber Soul,Pop Rock; Folk Rock,1965,UK; England,320k,mp3,3:23,Studio,LP
The Beatles,Nowhere Man,Rubber Soul,Pop Rock; Folk Rock,1965,UK; England,320k,mp3,2:44,Studio,LP
The Beatles,Think For Yourself,Rubber Soul,Pop Rock; Folk Rock,1965,UK; England,320k,mp3,2:19,Studio,LP
The Beatles,The Word,Rubber Soul,Pop Rock; Folk Rock,1965,UK; England,320k,mp3,2:43,Studio,LP
The Beatles,Michelle,Rubber Soul,Pop Rock; Folk Rock,1965,UK; England,320k,mp3,2:44,Studio,LP
The Beatles,What Goes On,Rubber Soul,Pop Rock; Folk Rock,1965,UK; England,320k,mp3,2:48,Studio,LP
The Beatles,Girl,Rubber Soul,Pop Rock; Folk Rock,1965,UK; England,320k,mp3,2:30,Studio,LP
The Beatles,I'm Looking Through You,Rubber Soul,Pop Rock; Folk Rock,1965,UK; England,320k,mp3,2:26,Studio,LP
The Beatles,In My Life,Rubber Soul,Pop Rock; Folk Rock,1965,UK; England,320k,mp3,2:27,Studio,LP
The Beatles,Wait,Rubber Soul,Pop Rock; Folk Rock,1965,UK; England,320k,mp3,2:15,Studio,LP
The Beatles,If I Needed Someone,Rubber Soul,Pop Rock; Folk Rock,1965,UK; England,320k,mp3,2:23,Studio,LP
The Beatles,Run For Your Life,Rubber Soul,Pop Rock; Folk Rock,1965,UK; England,320k,mp3,2:22,Studio,LP
Sigur Rós,Sæglópur (Lost at Sea),Sæglópur,Post-Rock,2006,Iceland,320k,mp3,8:11,Studio,Single
Sigur Rós,Refur (Fox),Sæglópur,Post-Rock,2006,Iceland,320k,mp3,2:45,Studio,Single
Sigur Rós,Ó Fridur (Oh Peace),Sæglópur,Post-Rock,2006,Iceland,320k,mp3,4:47,Studio,Single
Sigur Rós,Kafari (Diver),Sæglópur,Post-Rock,2006,Iceland,320k,mp3,6:10,Studio,Single
Sigur Rós,Hafsól (The Ocean's Sun),Sæglópur,Post-Rock,2006,Iceland,320k,mp3,10:01,Studio,Single
Captain Beefheart & His Magic Band,Sure 'nuff 'n Yes I Do,Safe as Milk,Blues Rock; Psychedelic Rock,1967,USA,167k VBR,mp3,2:13,Studio,LP
Captain Beefheart & His Magic Band,Zig Zag Wanderer,Safe as Milk,Blues Rock; Psychedelic Rock,1967,USA,163k VBR,mp3,2:34,Studio,LP
Captain Beefheart & His Magic Band,Plastic Factory,Safe as Milk,Blues Rock; Psychedelic Rock,1967,USA,173k VBR,mp3,3:05,Studio,LP
Captain Beefheart & His Magic Band,Call on Me,Safe as Milk,Blues Rock; Psychedelic Rock,1967,USA,173k VBR,mp3,2:36,Studio,LP
Captain Beefheart & His Magic Band,Dropout Boogie,Safe as Milk,Blues Rock; Psychedelic Rock,1967,USA,173k VBR,mp3,2:28,Studio,LP
Captain Beefheart & His Magic Band,I'm Glad,Safe as Milk,Blues Rock; Psychedelic Rock,1967,USA,156k VBR,mp3,3:23,Studio,LP
Captain Beefheart & His Magic Band,Electricity,Safe as Milk,Blues Rock; Psychedelic Rock,1967,USA,181k VBR,mp3,3:03,Studio,LP
Captain Beefheart & His Magic Band,Yellow Brick Road,Safe as Milk,Blues Rock; Psychedelic Rock,1967,USA,161k VBR,mp3,2:33,Studio,LP
Captain Beefheart & His Magic Band,Abba Zaba,Safe as Milk,Blues Rock; Psychedelic Rock,1967,USA,161k VBR,mp3,2:41,Studio,LP
Captain Beefheart & His Magic Band,Where There's Woman,Safe as Milk,Blues Rock; Psychedelic Rock,1967,USA,163k VBR,mp3,2:16,Studio,LP
Captain Beefheart & His Magic Band,Grown So Ugly,Safe as Milk,Blues Rock; Psychedelic Rock,1967,USA,165k VBR,mp3,2:26,Studio,LP
Captain Beefheart & His Magic Band,Autumn's Child,Safe as Milk,Blues Rock; Psychedelic Rock,1967,USA,162k VBR,mp3,3:57,Studio,LP
McCoy Tyner,Ebony Queen,Sahara,Post-Bop; Spiritual Jazz,1972,USA,1025k,flac,8:58,Studio,LP
McCoy Tyner,A Prayer for My Family,Sahara,Post-Bop; Spiritual Jazz,1972,USA,667k,flac,4:46,Studio,LP
McCoy Tyner,Valley of Life,Sahara,Post-Bop; Spiritual Jazz,1972,USA,823k,flac,5:17,Studio,LP
McCoy Tyner,Rebirth,Sahara,Post-Bop; Spiritual Jazz,1972,USA,1024k,flac,5:18,Studio,LP
McCoy Tyner,Sahara,Sahara,Post-Bop; Spiritual Jazz,1972,USA,988k,flac,23:27,Studio,LP
Erik Satie,3 Sarabandes (1887) No.1,"Satie: Gymnopédies, Gnossiennes, Sarabandes, etc.",Classical,2003,France,320k,mp3,5:33,Studio,LP
Erik Satie,3 Sarabandes (1887) No.2,"Satie: Gymnopédies, Gnossiennes, Sarabandes, etc.",Classical,2003,France,320k,mp3,5:00,Studio,LP
Erik Satie,3 Sarabandes (1887) No.3,"Satie: Gymnopédies, Gnossiennes, Sarabandes, etc.",Classical,2003,France,320k,mp3,4:14,Studio,LP
Erik Satie,3 Gymnopédies (1889) No.1 - Lent et douloureux,"Satie: Gymnopédies, Gnossiennes, Sarabandes, etc.",Classical,2003,France,320k,mp3,3:40,Studio,LP
Erik Satie,3 Gymnopédies (1889) No.2 - Lent et triste,"Satie: Gymnopédies, Gnossiennes, Sarabandes, etc.",Classical,2003,France,320k,mp3,3:17,Studio,LP
Erik Satie,3 Gymnopédies (1889) No.3 - Lent et grav,"Satie: Gymnopédies, Gnossiennes, Sarabandes, etc.",Classical,2003,France,320k,mp3,2:53,Studio,LP
Erik Satie,Gnossiennes 1-3 (1890) No.1,"Satie: Gymnopédies, Gnossiennes, Sarabandes, etc.",Classical,2003,France,320k,mp3,4:06,Studio,LP
Erik Satie,Gnossiennes 1-3 (1890) No.2,"Satie: Gymnopédies, Gnossiennes, Sarabandes, etc.",Classical,2003,France,320k,mp3,2:00,Studio,LP
Erik Satie,Gnossiennes 1-3 (1890) No.3,"Satie: Gymnopédies, Gnossiennes, Sarabandes, etc.",Classical,2003,France,320k,mp3,3:26,Studio,LP
Erik Satie,Gnossiennes 4-6 (1889-1897) No.4,"Satie: Gymnopédies, Gnossiennes, Sarabandes, etc.",Classical,2003,France,320k,mp3,2:50,Studio,LP
Erik Satie,Gnossiennes 4-6 (1889-1897) No.5,"Satie: Gymnopédies, Gnossiennes, Sarabandes, etc.",Classical,2003,France,320k,mp3,2:50,Studio,LP
Erik Satie,Gnossiennes 4-6 (1889-1897) No.6,"Satie: Gymnopédies, Gnossiennes, Sarabandes, etc.",Classical,2003,France,320k,mp3,1:33,Studio,LP
Erik Satie,"2 Préludes Du Nazaréen (1892) No.1, assez lent","Satie: Gymnopédies, Gnossiennes, Sarabandes, etc.",Classical,2003,France,320k,mp3,4:42,Studio,LP
Erik Satie,"2 Préludes Du Nazaréen (1892) No.2, assez lent","Satie: Gymnopédies, Gnossiennes, Sarabandes, etc.",Classical,2003,France,320k,mp3,3:05,Studio,LP
Erik Satie,Préludes De La Porte Héroique Du Ciel (1894),"Satie: Gymnopédies, Gnossiennes, Sarabandes, etc.",Classical,2003,France,320k,mp3,3:44,Studio,LP
Erik Satie,2 Pièces Froides (1897) No.1 - Airs a faire fuir : D'une maniere très particulaire,"Satie: Gymnopédies, Gnossiennes, Sarabandes, etc.",Classical,2003,France,320k,mp3,2:59,Studio,LP
Erik Satie,2 Pièces Froides (1897) No.1 - Airs a faire fuir : Modestemente,"Satie: Gymnopédies, Gnossiennes, Sarabandes, etc.",Classical,2003,France,320k,mp3,1:42,Studio,LP
Erik Satie,2 Pièces Froides (1897) No.1 - Airs a faire fuir : S'inviter,"Satie: Gymnopédies, Gnossiennes, Sarabandes, etc.",Classical,2003,France,320k,mp3,3:02,Studio,LP
Erik Satie,2 Pièces Froides (1897) No.2 - Danses de travers : En y regardant à deux fois,"Satie: Gymnopédies, Gnossiennes, Sarabandes, etc.",Classical,2003,France,320k,mp3,0:54,Studio,LP
Erik Satie,2 Pièces Froides (1897) No.2 - Danses de travers : Passer,"Satie: Gymnopédies, Gnossiennes, Sarabandes, etc.",Classical,2003,France,320k,mp3,0:46,Studio,LP
Erik Satie,2 Pièces Froides (1897) No.2 - Danses de travers : Encore,"Satie: Gymnopédies, Gnossiennes, Sarabandes, etc.",Classical,2003,France,320k,mp3,1:22,Studio,LP
Erik Satie,Petite Ouverture A Danser (1900),"Satie: Gymnopédies, Gnossiennes, Sarabandes, etc.",Classical,2003,France,320k,mp3,1:31,Studio,LP
Can,Don't Say No,Saw Delight,Krautrock,1977,Germany,320k,mp3,6:32,Studio,LP
Can,Sunshine Day And Night,Saw Delight,Krautrock,1977,Germany,320k,mp3,5:51,Studio,LP
Can,Call Me,Saw Delight,Krautrock,1977,Germany,320k,mp3,5:49,Studio,LP
Can,Animal Waves,Saw Delight,Krautrock,1977,Germany,320k,mp3,15:26,Studio,LP
Can,Fly By Night,Saw Delight,Krautrock,1977,Germany,320k,mp3,4:08,Studio,LP
Ryo Fukui,It Could Happen To You,Scenery,Hard Bop,1976,Japan,320k,mp3,4:17,Studio,LP
Ryo Fukui,I Want To Talk About You,Scenery,Hard Bop,1976,Japan,320k,mp3,6:32,Studio,LP
Ryo Fukui,Early Summer,Scenery,Hard Bop,1976,Japan,320k,mp3,10:44,Studio,LP
Ryo Fukui,Willow Weep For Me,Scenery,Hard Bop,1976,Japan,320k,mp3,7:43,Studio,LP
Ryo Fukui,Autumn Leaves,Scenery,Hard Bop,1976,Japan,320k,mp3,6:31,Studio,LP
Ryo Fukui,Scenery,Scenery,Hard Bop,1976,Japan,320k,mp3,5:31,Studio,LP
Masayoshi Fujita & Jan Jelinek,Cin,Schaum,Ambient,2016,Germany; Japan,320k,mp3,5:33,Studio,LP
Masayoshi Fujita & Jan Jelinek,Helio,Schaum,Ambient,2016,Germany; Japan,320k,mp3,5:23,Studio,LP
Masayoshi Fujita & Jan Jelinek,Urub,Schaum,Ambient,2016,Germany; Japan,320k,mp3,4:26,Studio,LP
Masayoshi Fujita & Jan Jelinek,What You Should Know About Me,Schaum,Ambient,2016,Germany; Japan,320k,mp3,3:47,Studio,LP
Masayoshi Fujita & Jan Jelinek,"Vague, Yet",Schaum,Ambient,2016,Germany; Japan,320k,mp3,4:14,Studio,LP
Masayoshi Fujita & Jan Jelinek,Botuto,Schaum,Ambient,2016,Germany; Japan,320k,mp3,5:13,Studio,LP
Masayoshi Fujita & Jan Jelinek,Leslang,Schaum,Ambient,2016,Germany; Japan,320k,mp3,4:22,Studio,LP
Masayoshi Fujita & Jan Jelinek,Parades,Schaum,Ambient,2016,Germany; Japan,320k,mp3,9:32,Studio,LP
black midi,953,Schlagenheim,Noise Rock; Math Rock; Experimental Rock,2019,UK; England,1071k,flac,5:20,Studio,LP
black midi,Speedway,Schlagenheim,Noise Rock; Math Rock; Experimental Rock,2019,UK; England,1055k,flac,3:17,Studio,LP
black midi,Reggae,Schlagenheim,Noise Rock; Math Rock; Experimental Rock,2019,UK; England,1076k,flac,3:29,Studio,LP
black midi,"Near DT, MI",Schlagenheim,Noise Rock; Math Rock; Experimental Rock,2019,UK; England,1160k,flac,2:20,Studio,LP
black midi,Western,Schlagenheim,Noise Rock; Math Rock; Experimental Rock,2019,UK; England,937k,flac,8:08,Studio,LP
black midi,Of Schlagenheim,Schlagenheim,Noise Rock; Math Rock; Experimental Rock,2019,UK; England,1024k,flac,6:24,Studio,LP
black midi,BMBMBM,Schlagenheim,Noise Rock; Math Rock; Experimental Rock,2019,UK; England,983k,flac,4:56,Studio,LP
black midi,Years Ago,Schlagenheim,Noise Rock; Math Rock; Experimental Rock,2019,UK; England,1001k,flac,2:34,Studio,LP
black midi,Ducter,Schlagenheim,Noise Rock; Math Rock; Experimental Rock,2019,UK; England,995k,flac,6:42,Studio,LP
Ornette Coleman,What Reason Could I Give,Science Fiction,Free Jazz,1972,USA,320k,mp3,3:07,Studio,LP
Ornette Coleman,Civilization Day,Science Fiction,Free Jazz,1972,USA,320k,mp3,6:05,Studio,LP
Ornette Coleman,Street Woman,Science Fiction,Free Jazz,1972,USA,320k,mp3,4:50,Studio,LP
Ornette Coleman,Science Fiction,Science Fiction,Free Jazz,1972,USA,320k,mp3,5:02,Studio,LP
Ornette Coleman,Rock the Clock,Science Fiction,Free Jazz,1972,USA,320k,mp3,3:17,Studio,LP
Ornette Coleman,All My Life,Science Fiction,Free Jazz,1972,USA,320k,mp3,3:56,Studio,LP
Ornette Coleman,Law Years,Science Fiction,Free Jazz,1972,USA,320k,mp3,5:22,Studio,LP
Ornette Coleman,The Jungle Is a Skyscraper,Science Fiction,Free Jazz,1972,USA,320k,mp3,5:28,Studio,LP
Radiohead,Arpeggi,Scotch Mist,Art Rock,2008,UK; England,739k,flac,5:26,Studio,LP
Radiohead,Bodysnatchers,Scotch Mist,Art Rock,2008,UK; England,760k,flac,4:17,Studio,LP
Radiohead,Jigsaw Falling Into Place,Scotch Mist,Art Rock,2008,UK; England,790k,flac,4:30,Studio,LP
Radiohead,Sky Sports,Scotch Mist,Art Rock,2008,UK; England,533k,flac,0:39,Studio,LP
Radiohead,Faust Arp,Scotch Mist,Art Rock,2008,UK; England,634k,flac,2:11,Studio,LP
Radiohead,15 Step,Scotch Mist,Art Rock,2008,UK; England,735k,flac,4:17,Studio,LP
Radiohead,Midsummer's Day in a Graveyard,Scotch Mist,Art Rock,2008,UK; England,580k,flac,0:50,Studio,LP
Radiohead,Videotape,Scotch Mist,Art Rock,2008,UK; England,622k,flac,5:06,Studio,LP
Radiohead,Reckoner,Scotch Mist,Art Rock,2008,UK; England,722k,flac,4:50,Studio,LP
Radiohead,House of Cards,Scotch Mist,Art Rock,2008,UK; England,652k,flac,5:33,Studio,LP
Radiohead,Head and Shoulders,Scotch Mist,Art Rock,2008,UK; England,590k,flac,1:18,Studio,LP
Radiohead,All I Need,Scotch Mist,Art Rock,2008,UK; England,674k,flac,4:48,Studio,LP
Boredoms,Seadrum,Seadrum/House of Sun,Neo-Psychedelia; Psychedelic Rock; Drone,2004,Japan,320k,mp3,23:03,Studio,LP
Boredoms,House of Sun,Seadrum/House of Sun,Neo-Psychedelia; Psychedelic Rock; Drone,2004,Japan,320k,mp3,20:03,Studio,LP
Xinlisupreme,Seaside Voice Guitar,Seaside Voice Guitar,Noise,2010,Japan,1288k,flac,7:21,Studio,Single
Macha,Riding the Rails,See It Another Way,Indie Rock,1999,USA,320k,mp3,1:35,Studio,LP
Macha,Salty,See It Another Way,Indie Rock,1999,USA,320k,mp3,4:53,Studio,LP
Macha,Until Your Temples Are Pounding,See It Another Way,Indie Rock,1999,USA,320k,mp3,3:14,Studio,LP
Macha,Man Wants to Be Bird,See It Another Way,Indie Rock,1999,USA,320k,mp3,0:37,Studio,LP
Macha,The Nipple-Gong,See It Another Way,Indie Rock,1999,USA,320k,mp3,6:03,Studio,LP
Macha,Come Close,See It Another Way,Indie Rock,1999,USA,320k,mp3,1:52,Studio,LP
Macha,Submarine Lover,See It Another Way,Indie Rock,1999,USA,320k,mp3,3:49,Studio,LP
Macha,Mirror,See It Another Way,Indie Rock,1999,USA,320k,mp3,5:55,Studio,LP
Macha,Between Stranded Sonars,See It Another Way,Indie Rock,1999,USA,320k,mp3,8:01,Studio,LP
Huremic,Seeking Darkness Pt. 1,Seeking Darkness,Post-Rock; Experimental Rock; Noise Rock,2025,South Korea,1863k,flac,14:15,Studio,LP
Huremic,Seeking Darkness Pt. 2,Seeking Darkness,Post-Rock; Experimental Rock; Noise Rock,2025,South Korea,1900k,flac,11:33,Studio,LP
Huremic,Seeking Darkness Pt. 3,Seeking Darkness,Post-Rock; Experimental Rock; Noise Rock,2025,South Korea,1831k,flac,13:33,Studio,LP
Huremic,Seeking Darkness Pt. 4,Seeking Darkness,Post-Rock; Experimental Rock; Noise Rock,2025,South Korea,1876k,flac,11:27,Studio,LP
Huremic,Seeking Darkness Pt. 5,Seeking Darkness,Post-Rock; Experimental Rock; Noise Rock,2025,South Korea,1737k,flac,9:12,Studio,LP
Aphex Twin,Xtal,Selected Ambient Works 85-92,Ambient Techno,1992,UK; England,128k,mp3,4:54,Studio,LP
Aphex Twin,Tha,Selected Ambient Works 85-92,Ambient Techno,1992,UK; England,128k,mp3,9:06,Studio,LP
Aphex Twin,Pulsewidth,Selected Ambient Works 85-92,Ambient Techno,1993,UK; England,128k,mp3,3:47,Studio,LP
Aphex Twin,Ageispolis,Selected Ambient Works 85-92,Ambient Techno,1992,UK; England,128k,mp3,5:23,Studio,LP
Aphex Twin,i,Selected Ambient Works 85-92,Ambient Techno,1992,UK; England,128k,mp3,1:17,Studio,LP
Aphex Twin,Green Calx,Selected Ambient Works 85-92,Ambient Techno,1992,UK; England,128k,mp3,6:04,Studio,LP
Aphex Twin,Heliosphan,Selected Ambient Works 85-92,Ambient Techno,1992,UK; England,128k,mp3,4:51,Studio,LP
Aphex Twin,We Are the Music Makers,Selected Ambient Works 85-92,Ambient Techno,1992,UK; England,128k,mp3,7:43,Studio,LP
Aphex Twin,Schottkey 7th Path,Selected Ambient Works 85-92,Ambient Techno,1992,UK; England,128k,mp3,5:08,Studio,LP
Aphex Twin,Ptolemy,Selected Ambient Works 85-92,Ambient Techno,1992,UK; England,128k,mp3,7:14,Studio,LP
Aphex Twin,Hedphelym,Selected Ambient Works 85-92,Ambient Techno,1992,UK; England,128k,mp3,6:04,Studio,LP
Aphex Twin,Delphium,Selected Ambient Works 85-92,Ambient Techno,1992,UK; England,128k,mp3,5:29,Studio,LP
Aphex Twin,Actium,Selected Ambient Works 85-92,Ambient Techno,1992,UK; England,128k,mp3,7:36,Studio,LP
Aphex Twin,Cliffs,Selected Ambient Works Volume II,Ambient,1994,UK; England,192k,mp3,7:21,Studio,LP
Aphex Twin,Radiator,Selected Ambient Works Volume II,Ambient,1994,UK; England,192k,mp3,6:27,Studio,LP
Aphex Twin,Rhubarb,Selected Ambient Works Volume II,Ambient,1994,UK; England,192k,mp3,7:36,Studio,LP
Aphex Twin,Hankie,Selected Ambient Works Volume II,Ambient,1994,UK; England,192k,mp3,4:34,Studio,LP
Aphex Twin,Grass,Selected Ambient Works Volume II,Ambient,1994,UK; England,192k,mp3,8:50,Studio,LP
Aphex Twin,Mould,Selected Ambient Works Volume II,Ambient,1994,UK; England,192k,mp3,3:27,Studio,LP
Aphex Twin,Curtains,Selected Ambient Works Volume II,Ambient,1994,UK; England,192k,mp3,8:42,Studio,LP
Aphex Twin,Blur,Selected Ambient Works Volume II,Ambient,1994,UK; England,192k,mp3,5:03,Studio,LP
Aphex Twin,Weathered Stone,Selected Ambient Works Volume II,Ambient,1994,UK; England,192k,mp3,6:47,Studio,LP
Aphex Twin,Tree,Selected Ambient Works Volume II,Ambient,1994,UK; England,192k,mp3,9:48,Studio,LP
Aphex Twin,Domino,Selected Ambient Works Volume II,Ambient,1994,UK; England,192k,mp3,7:10,Studio,LP
Aphex Twin,White Blur 1,Selected Ambient Works Volume II,Ambient,1994,UK; England,192k,mp3,2:38,Studio,LP
Aphex Twin,Blue Calx,Selected Ambient Works Volume II,Ambient; Electronic,1994,UK; England,192k,mp3,7:20,Studio,LP
Aphex Twin,Parallel Stripes,Selected Ambient Works Volume II,Ambient; Electronic,1994,UK; England,192k,mp3,8:00,Studio,LP
Aphex Twin,Shiny Metal Rods,Selected Ambient Works Volume II,Ambient; Electronic,1994,UK; England,192k,mp3,5:34,Studio,LP
Aphex Twin,Grey Stripe,Selected Ambient Works Volume II,Ambient; Electronic,1994,UK; England,192k,mp3,4:45,Studio,LP
Aphex Twin,Z Twig,Selected Ambient Works Volume II,Ambient; Electronic,1994,UK; England,192k,mp3,2:05,Studio,LP
Aphex Twin,Windowsill,Selected Ambient Works Volume II,Ambient; Electronic,1994,UK; England,192k,mp3,7:17,Studio,LP
Aphex Twin,Stone In Focus,Selected Ambient Works Volume II,Ambient; Electronic,1994,UK; England,192k,mp3,10:08,Studio,LP
Aphex Twin,Hexagon,Selected Ambient Works Volume II,Ambient; Electronic,1994,UK; England,192k,mp3,5:57,Studio,LP
Aphex Twin,Lichen,Selected Ambient Works Volume II,Ambient; Electronic,1994,UK; England,192k,mp3,4:15,Studio,LP
Aphex Twin,Spots,Selected Ambient Works Volume II,Ambient; Electronic,1994,UK; England,192k,mp3,7:09,Studio,LP
Aphex Twin,Tassels,Selected Ambient Works Volume II,Ambient; Electronic,1994,UK; England,192k,mp3,7:30,Studio,LP
Aphex Twin,White Blur 2,Selected Ambient Works Volume II,Ambient; Electronic,1994,UK; England,192k,mp3,11:27,Studio,LP
Aphex Twin,Matchsticks,Selected Ambient Works Volume II,Ambient; Electronic,1994,UK; England,192k,mp3,5:40,Studio,LP
Memo Boy,Insomniac,"Selections from the Billy Hole, Part II",Indietronica,2021,USA,721k,flac,3:32,Studio,EP
Memo Boy,I Do What He Say I Do,"Selections from the Billy Hole, Part II",Indietronica,2021,USA,588k,flac,5:32,Studio,EP
Memo Boy,Bucket,"Selections from the Billy Hole, Part II",Indietronica,2021,USA,724k,flac,2:58,Studio,EP
Memo Boy,Hell O Tender,"Selections from the Billy Hole, Part II",Indietronica,2021,USA,476k,flac,3:37,Studio,EP
Oxbow,Over,Serenade in Red,Noise Rock; Experimental Rock; Punk Blues,1997,USA,205k VBR,mp3,5:50,Studio,LP
Oxbow,Lucky,Serenade in Red,Noise Rock; Experimental Rock; Punk Blues,1997,USA,211k VBR,mp3,4:39,Studio,LP
Oxbow,The Last Good Time,Serenade in Red,Noise Rock; Experimental Rock; Punk Blues,1997,USA,213k VBR,mp3,4:46,Studio,LP
Oxbow,3 O’ Clock,Serenade in Red,Noise Rock; Experimental Rock; Punk Blues,1997,USA,200k VBR,mp3,11:07,Studio,LP
Oxbow,[untitled],Serenade in Red,Noise Rock; Experimental Rock; Punk Blues,1997,USA,202k VBR,mp3,1:05,Studio,LP
Oxbow,La Luna,Serenade in Red,Noise Rock; Experimental Rock; Punk Blues,1997,USA,223k VBR,mp3,4:44,Studio,LP
Oxbow,[untitled],Serenade in Red,Noise Rock; Experimental Rock; Punk Blues,1997,USA,186k VBR,mp3,2:36,Studio,LP
Oxbow,Babydoll,Serenade in Red,Noise Rock; Experimental Rock; Punk Blues,1997,USA,199k VBR,mp3,4:35,Studio,LP
Oxbow,The Killer,Serenade in Red,Noise Rock; Experimental Rock; Punk Blues,1997,USA,192k VBR,mp3,6:14,Studio,LP
Oxbow,[untitled],Serenade in Red,Noise Rock; Experimental Rock; Punk Blues,1997,USA,195k VBR,mp3,6:09,Studio,LP
The Beatles,Sgt. Pepper’s Lonely Hearts Club Band,Sgt. Pepper’s Lonely Hearts Club Band,Psychedelic Rock,1967,UK; England,909k,flac,1:58,Studio,LP
The Beatles,With a Little Help From My Friends,Sgt. Pepper’s Lonely Hearts Club Band,Psychedelic Rock,1967,UK; England,912k,flac,2:40,Studio,LP
The Beatles,Lucy in the Sky With Diamonds,Sgt. Pepper’s Lonely Hearts Club Band,Psychedelic Rock,1967,UK; England,903k,flac,3:21,Studio,LP
The Beatles,Getting Better,Sgt. Pepper’s Lonely Hearts Club Band,Psychedelic Rock,1967,UK; England,951k,flac,2:42,Studio,LP
The Beatles,Fixing a Hole,Sgt. Pepper’s Lonely Hearts Club Band,Psychedelic Rock,1967,UK; England,943k,flac,2:33,Studio,LP
The Beatles,She’s Leaving Home,Sgt. Pepper’s Lonely Hearts Club Band,Psychedelic Rock,1967,UK; England,884k,flac,3:19,Studio,LP
The Beatles,Being for the Benefit of Mr. Kite!,Sgt. Pepper’s Lonely Hearts Club Band,Psychedelic Rock,1967,UK; England,971k,flac,2:34,Studio,LP
The Beatles,Within You Without You,Sgt. Pepper’s Lonely Hearts Club Band,Psychedelic Rock,1967,UK; England,967k,flac,4:58,Studio,LP
The Beatles,When I’m Sixty‐Four,Sgt. Pepper’s Lonely Hearts Club Band,Psychedelic Rock,1967,UK; England,841k,flac,2:35,Studio,LP
The Beatles,Lovely Rita,Sgt. Pepper’s Lonely Hearts Club Band,Psychedelic Rock,1967,UK; England,959k,flac,2:40,Studio,LP
The Beatles,Good Morning Good Morning,Sgt. Pepper’s Lonely Hearts Club Band,Psychedelic Rock,1967,UK; England,981k,flac,2:29,Studio,LP
The Beatles,Sgt. Pepper’s Lonely Hearts Club Band (reprise),Sgt. Pepper’s Lonely Hearts Club Band,Psychedelic Rock,1967,UK; England,1048k,flac,1:18,Studio,LP
The Beatles,A Day in the Life,Sgt. Pepper’s Lonely Hearts Club Band,Psychedelic Rock,1967,UK; England,825k,flac,5:21,Studio,LP
Palm,Walkie Talkie,Shadow Expert,Experimental Rock; Math Rock,2017,USA,128k,mp3,2:33,Studio,EP
Palm,Shadow Expert,Shadow Expert,Experimental Rock; Math Rock,2017,USA,128k,mp3,2:17,Studio,EP
Palm,Two Toes,Shadow Expert,Experimental Rock; Math Rock,2017,USA,128k,mp3,3:29,Studio,EP
Palm,Walnut,Shadow Expert,Experimental Rock; Math Rock,2017,USA,128k,mp3,3:05,Studio,EP
Palm,Trying,Shadow Expert,Experimental Rock; Math Rock,2017,USA,128k,mp3,2:30,Studio,EP
Palm,Sign To Signal,Shadow Expert,Experimental Rock; Math Rock,2017,USA,128k,mp3,3:15,Studio,EP
Natural Snow Buildings,The Fall of Shadow Kingdom,Shadow Kingdom,Drone,2009,France,247k VBR,mp3,24:45,Studio,LP
Natural Snow Buildings,Gorgon,Shadow Kingdom,Drone,2009,France,301k VBR,mp3,2:37,Studio,LP
Natural Snow Buildings,For Fear They May Come Back / Childrens of the Seventh Circle / The Dark Road,Shadow Kingdom,Drone,2009,France,210k VBR,mp3,8:21,Studio,LP
Natural Snow Buildings,Cauled Ones and Birth Rugs,Shadow Kingdom,Drone,2009,France,227k VBR,mp3,5:35,Studio,LP
Natural Snow Buildings,Salty Tongue,Shadow Kingdom,Drone,2009,France,237k VBR,mp3,5:23,Studio,LP
Natural Snow Buildings,"Go Away, Disappear",Shadow Kingdom,Drone,2009,France,239k VBR,mp3,3:35,Studio,LP
Natural Snow Buildings,Os Deus Cannibais,Shadow Kingdom,Drone,2009,France,221k VBR,mp3,13:50,Studio,LP
Natural Snow Buildings,The Faceless,Shadow Kingdom,Drone,2009,France,212k VBR,mp3,4:44,Studio,LP
Natural Snow Buildings,The Crystal Bird,Shadow Kingdom,Drone,2009,France,263k VBR,mp3,10:49,Studio,LP
Natural Snow Buildings,Sunbone,Shadow Kingdom,Drone,2009,France,296k VBR,mp3,2:25,Studio,LP
Natural Snow Buildings,Chthonian Odyssey / Hell's Foundations / A Birth Mark Like a Scar,Shadow Kingdom,Drone,2009,France,237k VBR,mp3,23:49,Studio,LP
Natural Snow Buildings,From Their Body at Will,Shadow Kingdom,Drone,2009,France,263k VBR,mp3,7:10,Studio,LP
Natural Snow Buildings,The Desolated / Vampires Introduced to Fear / Slayer March,Shadow Kingdom,Drone,2009,France,228k VBR,mp3,12:47,Studio,LP
Natural Snow Buildings,The Vein Of Invisibilty,Shadow Kingdom,Drone,2009,France,219k VBR,mp3,3:30,Studio,LP
Natural Snow Buildings,Porridge Stick Into the Fire and Dust in the Direction of the Sun,Shadow Kingdom,Drone,2009,France,229k VBR,mp3,24:11,Studio,LP
Natural Snow Buildings,A Burial at Sea,Shadow Kingdom,Drone,2009,France,247k VBR,mp3,5:55,Studio,LP
Grizzly Bear,Sleeping Ute,Shields,Indie Rock; Indie Folk,2012,USA,320k,mp3,4:35,Studio,LP
Grizzly Bear,Speak In Rounds,Shields,Indie Rock; Indie Folk,2012,USA,320k,mp3,4:24,Studio,LP
Grizzly Bear,Adelma,Shields,Indie Rock; Indie Folk,2012,USA,320k,mp3,1:02,Studio,LP
Grizzly Bear,Yet Again,Shields,Indie Rock; Indie Folk,2012,USA,320k,mp3,5:18,Studio,LP
Grizzly Bear,The Hunt,Shields,Indie Rock; Indie Folk,2012,USA,320k,mp3,3:44,Studio,LP
Grizzly Bear,A Simple Answer,Shields,Indie Rock; Indie Folk,2012,USA,320k,mp3,6:00,Studio,LP
Grizzly Bear,What's Wrong,Shields,Indie Rock; Indie Folk,2012,USA,320k,mp3,5:44,Studio,LP
Grizzly Bear,gun-shy,Shields,Indie Rock; Indie Folk,2012,USA,320k,mp3,4:30,Studio,LP
Grizzly Bear,Half Gate,Shields,Indie Rock; Indie Folk,2012,USA,320k,mp3,5:29,Studio,LP
Grizzly Bear,Sun In Your Eyes,Shields,Indie Rock; Indie Folk,2012,USA,320k,mp3,7:06,Studio,LP
The Smashing Pumpkins,Cherub Rock,Siamese Dream,Alternative Rock,1993,USA,983k,flac,4:58,Studio,LP
The Smashing Pumpkins,Quiet,Siamese Dream,Alternative Rock,1993,USA,968k,flac,3:42,Studio,LP
The Smashing Pumpkins,Today,Siamese Dream,Alternative Rock,1993,USA,942k,flac,3:21,Studio,LP
The Smashing Pumpkins,Hummer,Siamese Dream,Alternative Rock,1993,USA,869k,flac,6:56,Studio,LP
The Smashing Pumpkins,Rocket,Siamese Dream,Alternative Rock,1993,USA,940k,flac,4:06,Studio,LP
The Smashing Pumpkins,Disarm,Siamese Dream,Alternative Rock,1993,USA,828k,flac,3:16,Studio,LP
The Smashing Pumpkins,Soma,Siamese Dream,Alternative Rock,1993,USA,788k,flac,6:38,Studio,LP
The Smashing Pumpkins,Geek U.S.A.,Siamese Dream,Alternative Rock,1993,USA,961k,flac,5:13,Studio,LP
The Smashing Pumpkins,Mayonaise,Siamese Dream,Alternative Rock,1993,USA,828k,flac,5:48,Studio,LP
The Smashing Pumpkins,Spaceboy,Siamese Dream,Alternative Rock,1993,USA,821k,flac,4:27,Studio,LP
The Smashing Pumpkins,Silverfuck,Siamese Dream,Alternative Rock,1993,USA,791k,flac,8:42,Studio,LP
The Smashing Pumpkins,Sweet Sweet,Siamese Dream,Alternative Rock,1993,USA,901k,flac,1:38,Studio,LP
The Smashing Pumpkins,Luna,Siamese Dream,Alternative Rock,1993,USA,796k,flac,3:22,Studio,LP
Autechre,M4 Lema,SIGN,Ambient; Electronic; IDM,2020,UK; England,320k,mp3,8:49,Studio,LP
Autechre,F7,SIGN,Ambient; Electronic; IDM,2020,UK; England,320k,mp3,5:56,Studio,LP
Autechre,si00,SIGN,Ambient; Electronic; IDM,2020,UK; England,320k,mp3,5:51,Studio,LP
Autechre,esc desc,SIGN,Ambient; Electronic; IDM,2020,UK; England,320k,mp3,4:56,Studio,LP
Autechre,au14,SIGN,Ambient; Electronic; IDM,2020,UK; England,320k,mp3,5:03,Studio,LP
Autechre,Metaz form8,SIGN,Ambient; Electronic; IDM,2020,UK; England,320k,mp3,6:00,Studio,LP
Autechre,sch.mefd 2,SIGN,Ambient; Electronic; IDM,2020,UK; England,320k,mp3,5:25,Studio,LP
Autechre,gr4,SIGN,Ambient; Electronic; IDM,2020,UK; England,320k,mp3,3:21,Studio,LP
Autechre,th red a,SIGN,Ambient; Electronic; IDM,2020,UK; England,320k,mp3,6:35,Studio,LP
Autechre,psin AM,SIGN,Ambient; Electronic; IDM,2020,UK; England,320k,mp3,6:20,Studio,LP
Autechre,r cazt,SIGN,Ambient; Electronic; IDM,2020,UK; England,320k,mp3,7:12,Studio,LP
Silver Apples,Oscillations,Silver Apples,Electronic,1968,USA,256k,mp3,2:49,Studio,LP
Silver Apples,Seagreen Serenades,Silver Apples,Electronic,1968,USA,256k,mp3,2:56,Studio,LP
Silver Apples,Lovefingers,Silver Apples,Electronic,1968,USA,256k,mp3,4:11,Studio,LP
Silver Apples,Program,Silver Apples,Electronic,1968,USA,256k,mp3,4:07,Studio,LP
Silver Apples,Velvet Cave,Silver Apples,Electronic,1968,USA,256k,mp3,3:30,Studio,LP
Silver Apples,Whirly-Bird,Silver Apples,Electronic,1968,USA,256k,mp3,2:41,Studio,LP
Silver Apples,Dust,Silver Apples,Electronic,1968,USA,256k,mp3,3:40,Studio,LP
Silver Apples,Dancing Gods,Silver Apples,Electronic,1968,USA,256k,mp3,5:57,Studio,LP
Silver Apples,Misty Mountain,Silver Apples,Electronic,1968,USA,256k,mp3,2:46,Studio,LP
White Suns,Fire Sermon,Sinews,Noise Rock,2012,USA,247k VBR,mp3,7:26,Studio,LP
White Suns,Footprints Filled,Sinews,Noise Rock,2012,USA,274k VBR,mp3,4:27,Studio,LP
White Suns,Cenote,Sinews,Noise Rock,2012,USA,265k VBR,mp3,6:20,Studio,LP
White Suns,Flesh Vault,Sinews,Noise Rock,2012,USA,239k VBR,mp3,4:00,Studio,LP
White Suns,Temple,Sinews,Noise Rock,2012,USA,253k VBR,mp3,4:31,Studio,LP
White Suns,Oath,Sinews,Noise Rock,2012,USA,236k VBR,mp3,6:34,Studio,LP
Sonic Youth,Schizophrenia,Sister,Post-Punk; Alternative Rock,1987,USA,262k VBR,mp3,4:38,Studio,LP
Sonic Youth,(I Got A) Catholic Block,Sister,Post-Punk; Alternative Rock,1987,USA,274k VBR,mp3,3:26,Studio,LP
Sonic Youth,Beauty Lies In The Eye,Sister,Post-Punk; Alternative Rock,1987,USA,293k VBR,mp3,2:17,Studio,LP
Sonic Youth,Stereo Sanctity,Sister,Post-Punk; Alternative Rock,1987,USA,274k VBR,mp3,3:48,Studio,LP
Sonic Youth,Kill Time,Sister,Post-Punk; Alternative Rock,1987,USA,276k VBR,mp3,4:33,Studio,LP
Sonic Youth,Tuff Gnarl,Sister,Post-Punk; Alternative Rock,1987,USA,281k VBR,mp3,3:14,Studio,LP
Sonic Youth,Pacific Coast Highway,Sister,Post-Punk; Alternative Rock,1987,USA,282k VBR,mp3,4:17,Studio,LP
Sonic Youth,Hot Wire My Heart,Sister,Post-Punk; Alternative Rock,1987,USA,287k VBR,mp3,3:22,Studio,LP
Sonic Youth,Cotton Crown,Sister,Post-Punk; Alternative Rock,1987,USA,275k VBR,mp3,5:07,Studio,LP
Sonic Youth,White Cross,Sister,Post-Punk; Alternative Rock,1987,USA,281k VBR,mp3,2:48,Studio,LP
Sonic Youth,Master-dik,Sister,Post-Punk; Alternative Rock,1987,USA,291k VBR,mp3,5:11,Studio,LP
King Gizzard & The Lizard Wizard,Sketches Of Brunswick East I,Sketches Of Brunswick East,Neo-Psychedelia; Jazz Rock; Jazz Fusion,2017,Australia,1476k,flac,1:20,Studio,LP
King Gizzard & The Lizard Wizard,Countdown,Sketches Of Brunswick East,Neo-Psychedelia; Jazz Rock; Jazz Fusion,2017,Australia,1589k,flac,3:22,Studio,LP
King Gizzard & The Lizard Wizard,D-Day,Sketches Of Brunswick East,Neo-Psychedelia; Jazz Rock; Jazz Fusion,2017,Australia,1643k,flac,1:39,Studio,LP
King Gizzard & The Lizard Wizard,Tezeta,Sketches Of Brunswick East,Neo-Psychedelia; Jazz Rock; Jazz Fusion,2017,Australia,1634k,flac,3:30,Studio,LP
King Gizzard & The Lizard Wizard,"Cranes, Planes, Migraines",Sketches Of Brunswick East,Neo-Psychedelia; Jazz Rock; Jazz Fusion,2017,Australia,1629k,flac,1:15,Studio,LP
King Gizzard & The Lizard Wizard,The Spider And Me,Sketches Of Brunswick East,Neo-Psychedelia; Jazz Rock; Jazz Fusion,2017,Australia,1646k,flac,3:16,Studio,LP
King Gizzard & The Lizard Wizard,Sketches Of Brunswick East II,Sketches Of Brunswick East,Neo-Psychedelia; Jazz Rock; Jazz Fusion,2017,Australia,1530k,flac,3:25,Studio,LP
King Gizzard & The Lizard Wizard,Dusk To Dawn On Lygon Street,Sketches Of Brunswick East,Neo-Psychedelia; Jazz Rock; Jazz Fusion,2017,Australia,1606k,flac,3:02,Studio,LP
King Gizzard & The Lizard Wizard,The Book,Sketches Of Brunswick East,Neo-Psychedelia; Jazz Rock; Jazz Fusion,2017,Australia,1597k,flac,4:59,Studio,LP
King Gizzard & The Lizard Wizard,A Journey To (S)Hell,Sketches Of Brunswick East,Neo-Psychedelia; Jazz Rock; Jazz Fusion,2017,Australia,1661k,flac,2:16,Studio,LP
King Gizzard & The Lizard Wizard,Rolling Stoned,Sketches Of Brunswick East,Neo-Psychedelia; Jazz Rock; Jazz Fusion,2017,Australia,1572k,flac,3:18,Studio,LP
King Gizzard & The Lizard Wizard,You Can Be Your Silhouette,Sketches Of Brunswick East,Neo-Psychedelia; Jazz Rock; Jazz Fusion,2017,Australia,1613k,flac,3:49,Studio,LP
King Gizzard & The Lizard Wizard,Sketches Of Brunswick East III,Sketches Of Brunswick East,Neo-Psychedelia; Jazz Rock; Jazz Fusion,2017,Australia,1436k,flac,2:08,Studio,LP
Pavement,Summer Babe (Winter Version),Slanted and Enchanted,Slacker Rock; Indie Rock,1992,USA,128k,mp3,3:16,Studio,LP
Pavement,Trigger Cut / Wounded-Kite at :17,Slanted and Enchanted,Slacker Rock; Indie Rock,1992,USA,128k,mp3,3:16,Studio,LP
Pavement,No Life Singed Her,Slanted and Enchanted,Slacker Rock; Indie Rock,1992,USA,128k,mp3,2:09,Studio,LP
Pavement,In the Mouth a Desert,Slanted and Enchanted,Slacker Rock; Indie Rock,1992,USA,128k,mp3,3:52,Studio,LP
Pavement,Conduit for Sale!,Slanted and Enchanted,Slacker Rock; Indie Rock,1992,USA,128k,mp3,2:52,Studio,LP
Pavement,Zurich Is Stained,Slanted and Enchanted,Slacker Rock; Indie Rock,1992,USA,128k,mp3,1:41,Studio,LP
Pavement,Chesley's Little Wrists,Slanted and Enchanted,Slacker Rock; Indie Rock,1992,USA,128k,mp3,1:16,Studio,LP
Pavement,Loretta's Scars,Slanted and Enchanted,Slacker Rock; Indie Rock,1992,USA,128k,mp3,2:55,Studio,LP
Pavement,Here,Slanted and Enchanted,Slacker Rock; Indie Rock,1992,USA,128k,mp3,3:56,Studio,LP
Pavement,Two States,Slanted and Enchanted,Slacker Rock; Indie Rock,1992,USA,128k,mp3,1:47,Studio,LP
Pavement,Perfume-V,Slanted and Enchanted,Slacker Rock; Indie Rock,1992,USA,128k,mp3,2:09,Studio,LP
Pavement,Fame Throwa,Slanted and Enchanted,Slacker Rock; Indie Rock,1992,USA,128k,mp3,3:23,Studio,LP
Pavement,"Jackals, False Grails: The Lonesome Era",Slanted and Enchanted,Slacker Rock; Indie Rock,1992,USA,128k,mp3,3:21,Studio,LP
Pavement,Our Singer,Slanted and Enchanted,Slacker Rock; Indie Rock,1992,USA,128k,mp3,3:10,Studio,LP
Slowdive,Sleep,Sleep,Shoegaze,2021,UK; England,1542k,flac,4:27,Studio,Single
Sun Ra and His Arkestra,Springtime Again,Sleeping Beauty,Avant-Garde Jazz,1979,USA,825k,flac,9:13,Studio,LP
Sun Ra and His Arkestra,Door of the Cosmos,Sleeping Beauty,Avant-Garde Jazz,1979,USA,811k,flac,8:56,Studio,LP
Sun Ra and His Arkestra,Sleeping Beauty,Sleeping Beauty,Avant-Garde Jazz,1979,USA,935k,flac,11:45,Studio,LP
Slint,Glenn,Slint,Math Rock,1994,USA,160k,mp3,6:11,Studio,EP
Slint,Rhoda,Slint,Math Rock,1994,USA,160k,mp3,6:53,Studio,EP
Godspeed You! Black Emperor,Moya,Slow Riot for New Zero Kanada,Post-Rock,1998,Canada,320k,mp3,10:51,Studio,EP
Godspeed You! Black Emperor,Blaise Bailey Finnegan III,Slow Riot for New Zero Kanada,Post-Rock,1998,Canada,320k,mp3,17:45,Studio,EP
Slowdive,Slomo,Slowdive,Dream Pop,2017,UK; England,320k,mp3,6:53,Studio,LP
Slowdive,Slowdive,Slowdive,Dream Pop,1990,UK; England,320k,mp3,5:18,Studio,LP
Slowdive,Avalyn I,Slowdive,Dream Pop,1990,UK; England,320k,mp3,4:54,Studio,LP
Slowdive,Star Roving,Slowdive,Dream Pop,2017,UK; England,320k,mp3,5:38,Studio,LP
Slowdive,Avalyn II,Slowdive,Dream Pop,1990,UK; England,320k,mp3,8:09,Studio,LP
Slowdive,Don't Know Why,Slowdive,Dream Pop,2017,UK; England,320k,mp3,4:37,Studio,LP
Slowdive,Sugar for the Pill,Slowdive,Dream Pop,2017,UK; England,320k,mp3,4:31,Studio,LP
Slowdive,Everyone Knows,Slowdive,Dream Pop,2017,UK; England,320k,mp3,4:22,Studio,LP
Slowdive,No Longer Making Time,Slowdive,Dream Pop,2017,UK; England,320k,mp3,5:48,Studio,LP
Slowdive,Go Get It,Slowdive,Dream Pop,2017,UK; England,320k,mp3,6:09,Studio,LP
Slowdive,Falling Ashes,Slowdive,Dream Pop,2017,UK; England,320k,mp3,8:00,Studio,LP
Faust,"It's a Rainy Day, Sunshine Girl",So Far,Krautrock,1972,Germany,192k,mp3,7:31,Studio,LP
Faust,On the Way to Abamäe,So Far,Krautrock,1972,Germany,192k,mp3,2:46,Studio,LP
Faust,No Harm,So Far,Krautrock,1972,Germany,192k,mp3,10:22,Studio,LP
Faust,So Far,So Far,Krautrock,1972,Germany,192k,mp3,6:20,Studio,LP
Faust,Mamie Is Blue,So Far,Krautrock,1972,Germany,160k,mp3,6:05,Studio,LP
Faust,I've Got My Car and My TV,So Far,Krautrock,1972,Germany,256k,mp3,3:51,Studio,LP
Faust,"Picnic on a Frozen River, Deuxieme Tableux",So Far,Krautrock,1972,Germany,192k,mp3,0:43,Studio,LP
Faust,Me Lack Space...,So Far,Krautrock,1972,Germany,192k,mp3,0:41,Studio,LP
Faust,... In the Spirit,So Far,Krautrock,1972,Germany,192k,mp3,2:17,Studio,LP
Julia Holter,Sun Girl,Something in the Room She Moves,Art Pop; Ambient Pop; Progressive Pop,2024,USA,843k,flac,5:52,Studio,LP
Julia Holter,These Morning,Something in the Room She Moves,Art Pop; Ambient Pop; Progressive Pop,2024,USA,798k,flac,3:49,Studio,LP
Julia Holter,Something in the Room She Moves,Something in the Room She Moves,Art Pop; Ambient Pop; Progressive Pop,2024,USA,762k,flac,6:18,Studio,LP
Julia Holter,Materia,Something in the Room She Moves,Art Pop; Ambient Pop; Progressive Pop,2024,USA,591k,flac,3:08,Studio,LP
Julia Holter,Meyou,Something in the Room She Moves,Art Pop; Ambient Pop; Progressive Pop,2024,USA,632k,flac,5:55,Studio,LP
Julia Holter,Spinning,Something in the Room She Moves,Art Pop; Ambient Pop; Progressive Pop,2024,USA,857k,flac,6:14,Studio,LP
Julia Holter,Ocean,Something in the Room She Moves,Art Pop; Ambient Pop; Progressive Pop,2024,USA,630k,flac,5:38,Studio,LP
Julia Holter,Evening Mood,Something in the Room She Moves,Art Pop; Ambient Pop; Progressive Pop,2024,USA,776k,flac,6:24,Studio,LP
Julia Holter,Talking to the Whisper,Something in the Room She Moves,Art Pop; Ambient Pop; Progressive Pop,2024,USA,799k,flac,6:52,Studio,LP
Julia Holter,Who Brings Me,Something in the Room She Moves,Art Pop; Ambient Pop; Progressive Pop,2024,USA,695k,flac,3:38,Studio,LP
Yasuhiro Kohno Trio + One,Song Of Island,Song Of Island,Modal Jazz; Post-Bop,1985,Japan,1571k,flac,10:48,Live,LP
Yasuhiro Kohno Trio + One,Time For Peace,Song Of Island,Modal Jazz; Post-Bop,1985,Japan,1478k,flac,7:43,Live,LP
Yasuhiro Kohno Trio + One,Love For Sale,Song Of Island,Modal Jazz; Post-Bop,1985,Japan,1624k,flac,8:33,Live,LP
Yasuhiro Kohno Trio + One,Mr. Nilson,Song Of Island,Modal Jazz; Post-Bop,1985,Japan,1567k,flac,13:19,Live,LP
Yasuhiro Kohno Trio + One,Village Festival (extended version),Song Of Island,Modal Jazz; Post-Bop,1985,Japan,1610k,flac,12:18,Live,LP
Yasuhiro Kohno Trio + One,Village Festival,Song Of Island,Modal Jazz; Post-Bop,1985,Japan,1592k,flac,4:00,Live,LP
Adrianne Lenker,two reverse,songs,Contemporary Folk,2020,USA,320k,mp3,3:33,Studio,LP
Adrianne Lenker,ingydar,songs,Contemporary Folk,2020,USA,320k,mp3,4:08,Studio,LP
Adrianne Lenker,anything,songs,Contemporary Folk,2020,USA,320k,mp3,3:22,Studio,LP
Adrianne Lenker,forwards beckon rebound,songs,Contemporary Folk,2020,USA,320k,mp3,3:09,Studio,LP
Adrianne Lenker,heavy focus,songs,Contemporary Folk,2020,USA,320k,mp3,2:34,Studio,LP
Adrianne Lenker,half return,songs,Contemporary Folk,2020,USA,320k,mp3,2:08,Studio,LP
Adrianne Lenker,come,songs,Contemporary Folk,2020,USA,320k,mp3,5:17,Studio,LP
Adrianne Lenker,zombie girl,songs,Contemporary Folk,2020,USA,320k,mp3,2:44,Studio,LP
Adrianne Lenker,"not a lot, just forever",songs,Contemporary Folk,2020,USA,320k,mp3,4:10,Studio,LP
Adrianne Lenker,dragon eyes,songs,Contemporary Folk,2020,USA,320k,mp3,3:26,Studio,LP
Adrianne Lenker,my angel,songs,Contemporary Folk,2020,USA,320k,mp3,5:04,Studio,LP
Adrianne Lenker,"red leaves, falling",songs,Contemporary Folk,2020,USA,320k,mp3,2:49,Studio,LP
Queens of the Stone Age,The Real Song for the Deaf,Songs for the Deaf,Stoner Rock; Alternative Rock,2002,USA,226k,flac,1:31,Studio,LP
Queens of the Stone Age,"You Think I Ain’t Worth a Dollar, but I Feel Like a Millionaire",Songs for the Deaf,Stoner Rock; Alternative Rock,2002,USA,883k,flac,3:12,Studio,LP
Queens of the Stone Age,No One Knows,Songs for the Deaf,Stoner Rock; Alternative Rock,2002,USA,971k,flac,4:38,Studio,LP
Queens of the Stone Age,First It Giveth,Songs for the Deaf,Stoner Rock; Alternative Rock,2002,USA,1110k,flac,3:18,Studio,LP
Queens of the Stone Age,Song for the Dead,Songs for the Deaf,Stoner Rock; Alternative Rock,2002,USA,972k,flac,5:52,Studio,LP
Queens of the Stone Age,The Sky Is Fallin’,Songs for the Deaf,Stoner Rock; Alternative Rock,2002,USA,980k,flac,6:15,Studio,LP
Queens of the Stone Age,Six Shooter,Songs for the Deaf,Stoner Rock; Alternative Rock,2002,USA,885k,flac,1:19,Studio,LP
Queens of the Stone Age,Hangin’ Tree,Songs for the Deaf,Stoner Rock; Alternative Rock,2002,USA,1045k,flac,3:06,Studio,LP
Queens of the Stone Age,Go With the Flow,Songs for the Deaf,Stoner Rock; Alternative Rock,2002,USA,1076k,flac,3:07,Studio,LP
Queens of the Stone Age,Gonna Leave You,Songs for the Deaf,Stoner Rock; Alternative Rock,2002,USA,994k,flac,2:50,Studio,LP
Queens of the Stone Age,Do It Again,Songs for the Deaf,Stoner Rock; Alternative Rock,2002,USA,912k,flac,4:04,Studio,LP
Queens of the Stone Age,God Is in the Radio,Songs for the Deaf,Stoner Rock; Alternative Rock,2002,USA,925k,flac,6:04,Studio,LP
Queens of the Stone Age,Another Love Song,Songs for the Deaf,Stoner Rock; Alternative Rock,2002,USA,1018k,flac,3:15,Studio,LP
Queens of the Stone Age,Song for the Deaf / Feel Good Hit of the Summer (reprise),Songs for the Deaf,Stoner Rock; Alternative Rock,2002,USA,802k,flac,6:42,Studio,LP
Queens of the Stone Age,Mosquito Song,Songs for the Deaf,Stoner Rock; Alternative Rock,2002,USA,859k,flac,5:38,Studio,LP
toe,leave word,"songs, ideas we forgot",Math Rock,2002,Japan,275k VBR,mp3,2:58,Studio,EP
toe,I dance alone,"songs, ideas we forgot",Math Rock,2002,Japan,246k VBR,mp3,4:10,Studio,EP
toe,"1, 2, 3, 4","songs, ideas we forgot",Math Rock,2002,Japan,246k VBR,mp3,2:34,Studio,EP
toe,path,"songs, ideas we forgot",Math Rock,2002,Japan,255k VBR,mp3,4:06,Studio,EP
toe,yoru wa akeru,"songs, ideas we forgot",Math Rock,2002,Japan,262k VBR,mp3,5:47,Studio,EP
Can,Dizzy Dizzy,Soon Over Babaluma,Krautrock,1974,Germany,320k,mp3,5:40,Studio,LP
Can,"Come sta, La Luna",Soon Over Babaluma,Krautrock,1974,Germany,320k,mp3,5:42,Studio,LP
Can,Splash,Soon Over Babaluma,Krautrock,1974,Germany,320k,mp3,7:45,Studio,LP
Can,Chain Reaction,Soon Over Babaluma,Krautrock,1974,Germany,320k,mp3,11:09,Studio,LP
Can,Quantum Physics,Soon Over Babaluma,Krautrock,1974,Germany,320k,mp3,8:31,Studio,LP
Boredoms,Your Name Is Limitless,Soul Discharge '99,Noise Rock; Experimental Rock; Art Punk,1994,Japan,256k,mp3,2:35,Studio,LP
Boredoms,Bubbllebop Shot,Soul Discharge '99,Noise Rock; Experimental Rock; Art Punk,1994,Japan,256k,mp3,3:47,Studio,LP
Boredoms,52 Boredom (Club Mix),Soul Discharge '99,Noise Rock; Experimental Rock; Art Punk,1994,Japan,256k,mp3,0:36,Studio,LP
Boredoms,"Sun, Gun, Run",Soul Discharge '99,Noise Rock; Experimental Rock; Art Punk,1994,Japan,256k,mp3,2:47,Studio,LP
Boredoms,Z & U & T & A,Soul Discharge '99,Noise Rock; Experimental Rock; Art Punk,1994,Japan,256k,mp3,4:05,Studio,LP
Boredoms,TV Scorpion,Soul Discharge '99,Noise Rock; Experimental Rock; Art Punk,1994,Japan,256k,mp3,1:30,Studio,LP
Boredoms,Pow Wow Now,Soul Discharge '99,Noise Rock; Experimental Rock; Art Punk,1994,Japan,256k,mp3,3:48,Studio,LP
Boredoms,J.B.Dick + Tin Turner Pussy,Soul Discharge '99,Noise Rock; Experimental Rock; Art Punk,1994,Japan,256k,mp3,3:07,Studio,LP
Boredoms,G.I.L. '77,Soul Discharge '99,Noise Rock; Experimental Rock; Art Punk,1994,Japan,256k,mp3,3:41,Studio,LP
Boredoms,Jup-Na-Keeeeeel,Soul Discharge '99,Noise Rock; Experimental Rock; Art Punk,1994,Japan,256k,mp3,2:29,Studio,LP
Boredoms,Catastro Mix '99,Soul Discharge '99,Noise Rock; Experimental Rock; Art Punk,1994,Japan,256k,mp3,2:53,Studio,LP
Boredoms,Milky Way,Soul Discharge '99,Noise Rock; Experimental Rock; Art Punk,1994,Japan,256k,mp3,1:32,Studio,LP
Boredoms,Songs Without Electric Guitars,Soul Discharge '99,Noise Rock; Experimental Rock; Art Punk,1994,Japan,256k,mp3,0:52,Studio,LP
Boredoms,Hawaiian Disco Bollocks,Soul Discharge '99,Noise Rock; Experimental Rock; Art Punk,1994,Japan,256k,mp3,4:37,Studio,LP
Boredoms,Hawaiian Disco Without Bollocks,Soul Discharge '99,Noise Rock; Experimental Rock; Art Punk,1994,Japan,256k,mp3,0:03,Studio,LP
Laika,Prairie Dog,Sounds of the Satellites,Downtempo,1997,UK; England,265k VBR,mp3,4:55,Studio,LP
Laika,Breather,Sounds of the Satellites,Downtempo,1997,UK; England,266k VBR,mp3,7:16,Studio,LP
Laika,Out of Sight and Snowblind,Sounds of the Satellites,Downtempo,1997,UK; England,259k VBR,mp3,5:27,Studio,LP
Laika,Almost Sleeping,Sounds of the Satellites,Downtempo,1997,UK; England,231k VBR,mp3,6:54,Studio,LP
Laika,Starry Night,Sounds of the Satellites,Downtempo,1997,UK; England,226k VBR,mp3,3:19,Studio,LP
Laika,Bedbugs,Sounds of the Satellites,Downtempo,1997,UK; England,282k VBR,mp3,5:52,Studio,LP
Laika,Martinis on the Moon,Sounds of the Satellites,Downtempo,1997,UK; England,246k VBR,mp3,1:43,Studio,LP
Laika,Poor Gal,Sounds of the Satellites,Downtempo,1997,UK; England,271k VBR,mp3,3:08,Studio,LP
Laika,Blood and Bones (Moody mix),Sounds of the Satellites,Downtempo,1997,UK; England,253k VBR,mp3,4:37,Studio,LP
Laika,Shut Off/Curl Up,Sounds of the Satellites,Downtempo,1997,UK; England,247k VBR,mp3,5:36,Studio,LP
Laika,Spooky Rhodes,Sounds of the Satellites,Downtempo,1997,UK; England,240k VBR,mp3,6:17,Studio,LP
Laika,Dirty Feet and Giggles,Sounds of the Satellites,Downtempo,1997,UK; England,97k VBR,mp3,21:46,Studio,LP
吉村弘 [Hiroshi Yoshimura],Time After Time,Soundscape 1: Surround,Ambient,1986,Japan,653k,m4a,11:03,Studio,LP
吉村弘 [Hiroshi Yoshimura],Surround,Soundscape 1: Surround,Ambient,1986,Japan,673k,m4a,3:44,Studio,LP
吉村弘 [Hiroshi Yoshimura],Something Blue,Soundscape 1: Surround,Ambient,1986,Japan,612k,m4a,5:46,Studio,LP
吉村弘 [Hiroshi Yoshimura],Time Forest,Soundscape 1: Surround,Ambient,1986,Japan,646k,m4a,10:48,Studio,LP
吉村弘 [Hiroshi Yoshimura],Water Planet,Soundscape 1: Surround,Ambient,1986,Japan,632k,m4a,2:21,Studio,LP
吉村弘 [Hiroshi Yoshimura],Green Shower,Soundscape 1: Surround,Ambient,1986,Japan,606k,m4a,6:07,Studio,LP
Can,Deadlock,Soundtracks,Krautrock; Psychedelic Rock,1970,Germany,320k,mp3,3:27,Studio,LP
Can,Tango Whiskeyman,Soundtracks,Krautrock; Psychedelic Rock,1970,Germany,320k,mp3,4:03,Studio,LP
Can,Deadlock (Titelmusic),Soundtracks,Krautrock; Psychedelic Rock,1970,Germany,320k,mp3,1:40,Studio,LP
Can,"Don't Turn The Light On, Leave Me Alone",Soundtracks,Krautrock; Psychedelic Rock,1970,Germany,320k,mp3,3:42,Studio,LP
Can,Soul Desert,Soundtracks,Krautrock; Psychedelic Rock,1970,Germany,320k,mp3,3:50,Studio,LP
Can,Mother Sky,Soundtracks,Krautrock; Psychedelic Rock,1970,Germany,320k,mp3,14:28,Studio,LP
Can,She Brings The Rain,Soundtracks,Krautrock; Psychedelic Rock,1970,Germany,320k,mp3,4:05,Studio,LP
Swans,Red Velvet Corridor,Soundtracks for the Blind,Alternative Rock,1996,USA,320k,mp3,3:04,Studio,LP
Swans,I Was a Prisoner in Your Skull,Soundtracks for the Blind,Alternative Rock,1996,USA,320k,mp3,6:39,Studio,LP
Swans,Helpless Child,Soundtracks for the Blind,Alternative Rock,1996,USA,320k,mp3,15:47,Studio,LP
Swans,Live Through Me,Soundtracks for the Blind,Alternative Rock,1996,USA,320k,mp3,2:32,Studio,LP
Swans,Yum-Yab Killers,Soundtracks for the Blind,Alternative Rock,1996,USA,320k,mp3,5:07,Studio,LP
Swans,The Beautiful Days,Soundtracks for the Blind,Alternative Rock,1996,USA,320k,mp3,7:49,Studio,LP
Swans,Volcano,Soundtracks for the Blind,Alternative Rock,1996,USA,320k,mp3,5:19,Studio,LP
Swans,Mellothumb,Soundtracks for the Blind,Alternative Rock,1996,USA,320k,mp3,2:45,Studio,LP
Swans,All Lined Up,Soundtracks for the Blind,Alternative Rock,1996,USA,320k,mp3,4:48,Studio,LP
Swans,Surrogate 2,Soundtracks for the Blind,Alternative Rock,1996,USA,320k,mp3,1:51,Studio,LP
Swans,How They Suffer,Soundtracks for the Blind,Alternative Rock,1996,USA,320k,mp3,5:52,Studio,LP
Swans,Animus,Soundtracks for the Blind,Alternative Rock,1996,USA,320k,mp3,10:42,Studio,LP
Swans,Red Velvet Wound,Soundtracks for the Blind,Alternative Rock,1996,USA,320k,mp3,2:02,Studio,LP
Swans,The Sound,Soundtracks for the Blind,Alternative Rock,1996,USA,320k,mp3,13:11,Studio,LP
Swans,Her Mouth Is Filled With Honey,Soundtracks for the Blind,Alternative Rock,1996,USA,320k,mp3,3:19,Studio,LP
Swans,Blood Section,Soundtracks for the Blind,Alternative Rock,1996,USA,320k,mp3,2:39,Studio,LP
Swans,Hypogirl,Soundtracks for the Blind,Alternative Rock,1996,USA,320k,mp3,2:44,Studio,LP
Swans,Minus Something,Soundtracks for the Blind,Alternative Rock,1996,USA,320k,mp3,4:14,Studio,LP
Swans,Empathy,Soundtracks for the Blind,Alternative Rock,1996,USA,320k,mp3,6:45,Studio,LP
Swans,I Love You This Much,Soundtracks for the Blind,Alternative Rock,1996,USA,320k,mp3,7:23,Studio,LP
Swans,YRP,Soundtracks for the Blind,Alternative Rock,1996,USA,320k,mp3,7:46,Studio,LP
Swans,Fan’s Lament,Soundtracks for the Blind,Alternative Rock,1996,USA,320k,mp3,1:28,Studio,LP
Swans,Secret Friends,Soundtracks for the Blind,Alternative Rock,1996,USA,320k,mp3,3:08,Studio,LP
Swans,The Final Sacrifice,Soundtracks for the Blind,Alternative Rock,1996,USA,320k,mp3,10:27,Studio,LP
Swans,YRP 2,Soundtracks for the Blind,Alternative Rock,1996,USA,320k,mp3,2:09,Studio,LP
Swans,Surrogate Drone,Soundtracks for the Blind,Alternative Rock,1996,USA,320k,mp3,2:09,Studio,LP
Slowdive,Alison,Souvlaki,Dream Pop; Shoegaze,1993,UK; England,905k,flac,3:50,Studio,LP
Slowdive,Machine Gun,Souvlaki,Dream Pop; Shoegaze,1993,UK; England,853k,flac,4:26,Studio,LP
Slowdive,40 Days,Souvlaki,Dream Pop; Shoegaze,1993,UK; England,925k,flac,3:14,Studio,LP
Slowdive,Sing,Souvlaki,Dream Pop; Shoegaze,1993,UK; England,831k,flac,4:48,Studio,LP
Slowdive,Here She Comes,Souvlaki,Dream Pop; Shoegaze,1993,UK; England,655k,flac,2:17,Studio,LP
Slowdive,Souvlaki Space Station,Souvlaki,Dream Pop; Shoegaze,1993,UK; England,900k,flac,5:57,Studio,LP
Slowdive,When the Sun Hits,Souvlaki,Dream Pop; Shoegaze,1993,UK; England,910k,flac,4:45,Studio,LP
Slowdive,Altogether,Souvlaki,Dream Pop; Shoegaze,1993,UK; England,779k,flac,3:41,Studio,LP
Slowdive,Melon Yellow,Souvlaki,Dream Pop; Shoegaze,1993,UK; England,753k,flac,3:52,Studio,LP
Slowdive,Dagger,Souvlaki,Dream Pop; Shoegaze,1993,UK; England,704k,flac,3:38,Studio,LP
Talking Heads,Burning Down the House,Speaking In Tongues,New Wave,1983,USA,320k,mp3,4:01,Studio,LP
Talking Heads,Making Flippy Floppy,Speaking in Tongues,New Wave,1983,USA,320k,mp3,5:54,Studio,LP
Talking Heads,Girlfriend Is Better,Speaking in Tongues,New Wave,1983,USA,320k,mp3,5:43,Studio,LP
Talking Heads,Slippery People,Speaking in Tongues,New Wave,1983,USA,320k,mp3,5:06,Studio,LP
Talking Heads,I Get Wild/Wild Gravity,Speaking in Tongues,New Wave,1983,USA,320k,mp3,5:16,Studio,LP
Talking Heads,Swamp,Speaking in Tongues,New Wave,1983,USA,320k,mp3,5:13,Studio,LP
Talking Heads,Moon Rocks,Speaking in Tongues,New Wave,1983,USA,320k,mp3,5:45,Studio,LP
Talking Heads,Pull Up the Roots,Speaking in Tongues,New Wave,1983,USA,320k,mp3,5:09,Studio,LP
Talking Heads,This Must Be the Place [Naive Melody],Speaking in Tongues,New Wave,1983,USA,320k,mp3,5:04,Studio,LP
Talking Heads,Two Note Swivel [Unfinished Outtake],Speaking in Tongues,New Wave,1983,USA,320k,mp3,5:51,Studio,LP
Talking Heads,Burning Down the House [Alternate Version],Speaking in Tongues,New Wave,1983,USA,320k,mp3,5:09,Studio,LP
Radiohead,Spectre,Spectre,Art Rock,2016,UK; England,320k,mp3,3:19,Studio,Single
Slint,Breadcrumb Trail,Spiderland,Alternative Rock,1991,USA,320k,mp3,5:55,Studio,LP
Slint,Nosferatu Man,Spiderland,Alternative Rock,1991,USA,320k,mp3,5:35,Studio,LP
Slint,"Don, Aman",Spiderland,Alternative Rock,1991,USA,320k,mp3,6:28,Studio,LP
Slint,Washer,Spiderland,Alternative Rock,1991,USA,320k,mp3,8:50,Studio,LP
Slint,For Dinner…,Spiderland,Alternative Rock,1991,USA,320k,mp3,5:05,Studio,LP
Slint,"Good Morning, Captain",Spiderland,Alternative Rock,1991,USA,320k,mp3,7:39,Studio,LP
Talk Talk,The Rainbow,Spirit of Eden,Post-Rock; Art Rock,1988,UK; England,593k,flac,9:09,Studio,LP
Talk Talk,Eden,Spirit of Eden,Post-Rock; Art Rock,1988,UK; England,607k,flac,6:34,Studio,LP
Talk Talk,Desire,Spirit of Eden,Post-Rock; Art Rock,1988,UK; England,683k,flac,6:57,Studio,LP
Talk Talk,Inheritance,Spirit of Eden,Post-Rock; Art Rock,1988,UK; England,738k,flac,5:23,Studio,LP
Talk Talk,I Believe in You,Spirit of Eden,Post-Rock; Art Rock,1988,UK; England,640k,flac,6:10,Studio,LP
Talk Talk,Wealth,Spirit of Eden,Post-Rock; Art Rock,1988,UK; England,477k,flac,6:43,Studio,LP
Animal Collective,Spirit They've Vanished,"Spirit They're Gone, Spirit They've Vanished",Neo-Psychedelia,2000,USA,1070k,flac,5:35,Studio,LP
Animal Collective,April and the Phantom,"Spirit They're Gone, Spirit They've Vanished",Neo-Psychedelia,2000,USA,1020k,flac,5:53,Studio,LP
Animal Collective,Untitled,"Spirit They're Gone, Spirit They've Vanished",Neo-Psychedelia,2000,USA,1138k,flac,2:58,Studio,LP
Animal Collective,Penny Dreadfuls,"Spirit They're Gone, Spirit They've Vanished",Neo-Psychedelia,2000,USA,869k,flac,7:58,Studio,LP
Animal Collective,Chocolate Girl,"Spirit They're Gone, Spirit They've Vanished",Neo-Psychedelia,2000,USA,942k,flac,8:28,Studio,LP
Animal Collective,Everyone Whistling,"Spirit They're Gone, Spirit They've Vanished",Neo-Psychedelia,2000,USA,1047k,flac,1:00,Studio,LP
Animal Collective,La Rapet,"Spirit They're Gone, Spirit They've Vanished",Neo-Psychedelia,2000,USA,981k,flac,7:52,Studio,LP
Animal Collective,Bat you'll fly,"Spirit They're Gone, Spirit They've Vanished",Neo-Psychedelia,2000,USA,1029k,flac,5:03,Studio,LP
Animal Collective,Someday I'll Grow to be as tall as the Giant,"Spirit They're Gone, Spirit They've Vanished",Neo-Psychedelia,2000,USA,974k,flac,3:10,Studio,LP
Animal Collective,Alvin Row,"Spirit They're Gone, Spirit They've Vanished",Neo-Psychedelia,2000,USA,1021k,flac,12:39,Studio,LP
julie,Starjump,Starjump / Kit,Shoegaze,2020,USA,192k,mp3,3:34,Studio,Single
julie,Kit,Starjump / Kit,Shoegaze,2020,USA,192k,mp3,3:43,Studio,Single
Tim Buckley,Come Here Woman,Starsailor,Avant-Folk,1970,USA,2978k,flac,4:11,Studio,LP
Tim Buckley,I Woke Up,Starsailor,Avant-Folk,1970,USA,2895k,flac,4:04,Studio,LP
Tim Buckley,Monterey,Starsailor,Avant-Folk,1970,USA,2924k,flac,4:31,Studio,LP
Tim Buckley,Moulin Rouge,Starsailor,Avant-Folk,1970,USA,2902k,flac,1:58,Studio,LP
Tim Buckley,Song to the Siren,Starsailor,Avant-Folk,1970,USA,2712k,flac,3:27,Studio,LP
Tim Buckley,Jungle Fire,Starsailor,Avant-Folk,1970,USA,2991k,flac,4:39,Studio,LP
Tim Buckley,Starsailor,Starsailor,Avant-Folk,1970,USA,2901k,flac,4:35,Studio,LP
Tim Buckley,The Healing Festival,Starsailor,Avant-Folk,1970,USA,3065k,flac,3:15,Studio,LP
Tim Buckley,Down by the Borderline,Starsailor,Avant-Folk,1970,USA,2926k,flac,5:19,Studio,LP
John Coltrane,Seraphic Light,Stellar Regions,Free Jazz; Spiritual Jazz,1995,USA,923k,flac,8:57,Studio,LP
John Coltrane,Sun Star,Stellar Regions,Free Jazz; Spiritual Jazz,1995,USA,1007k,flac,6:08,Studio,LP
John Coltrane,Stellar Regions,Stellar Regions,Free Jazz; Spiritual Jazz,1995,USA,991k,flac,3:34,Studio,LP
John Coltrane,Iris,Stellar Regions,Free Jazz; Spiritual Jazz,1995,USA,973k,flac,3:53,Studio,LP
John Coltrane,Offering,Stellar Regions,Free Jazz; Spiritual Jazz,1995,USA,974k,flac,8:22,Studio,LP
John Coltrane,Configuration,Stellar Regions,Free Jazz; Spiritual Jazz,1995,USA,1027k,flac,4:03,Studio,LP
John Coltrane,Jimmy's Mode,Stellar Regions,Free Jazz; Spiritual Jazz,1995,USA,642k,flac,6:00,Studio,LP
John Coltrane,Tranesonic,Stellar Regions,Free Jazz; Spiritual Jazz,1995,USA,999k,flac,4:17,Studio,LP
John Coltrane,Stellar Regions (alternate take),Stellar Regions,Free Jazz; Spiritual Jazz,1995,USA,1026k,flac,4:40,Studio,LP
John Coltrane,Sun Star (alternate take),Stellar Regions,Free Jazz; Spiritual Jazz,1995,USA,823k,flac,8:05,Studio,LP
John Coltrane,Tranesonic (alternate take),Stellar Regions,Free Jazz; Spiritual Jazz,1995,USA,1012k,flac,2:49,Studio,LP
Still House Plants,Warm in the Car,Still House Plants,Experimental Rock; Free Improvisation,2016,UK; Scotland,128k,mp3,7:02,Studio,EP
Still House Plants,The House Sound of Chicago,Still House Plants,Experimental Rock; Free Improvisation,2016,UK; Scotland,128k,mp3,6:55,Studio,EP
Still House Plants,Panels,Still House Plants,Experimental Rock; Free Improvisation,2016,UK; Scotland,128k,mp3,5:51,Studio,EP
Still House Plants,Obi/ Lowe's,Still House Plants,Experimental Rock; Free Improvisation,2016,UK; Scotland,128k,mp3,7:34,Studio,EP
Storm and Stress,"We Write Threnodies, We Write With Explosions",Storm & Stress,Free Improvisation; Experimental Rock,1997,USA,864k,flac,12:29,Studio,LP
Storm and Stress,Today Is Totally Crashing and Stunned in Bright Light,Storm & Stress,Free Improvisation; Experimental Rock,1997,USA,856k,flac,10:07,Studio,LP
Storm and Stress,Dance 'til the Record Skips Like Passengers Shift on Take Off,Storm & Stress,Free Improvisation; Experimental Rock,1997,USA,919k,flac,9:23,Studio,LP
Storm and Stress,Micah Gaugh Sings All Is All,Storm & Stress,Free Improvisation; Experimental Rock,1997,USA,636k,flac,3:03,Studio,LP
Storm and Stress,Guitar Cabinet Stack Way High Is Freedom or Gravity Gives Us Rhythm,Storm & Stress,Free Improvisation; Experimental Rock,1997,USA,830k,flac,11:16,Studio,LP
Storm and Stress,Piles of Blinkers Slip for New Years,Storm & Stress,Free Improvisation; Experimental Rock,1997,USA,825k,flac,2:17,Studio,LP
Storm and Stress,Orange Cone Made No Noise,Storm & Stress,Free Improvisation; Experimental Rock,1997,USA,868k,flac,10:20,Studio,LP
Duster,Moon Age,Stratosphere,Slowcore; Slacker Rock,1998,USA,320k,mp3,1:06,Studio,LP
Duster,Heading For the Door,Stratosphere,Slowcore; Slacker Rock,1998,USA,320k,mp3,3:08,Studio,LP
Duster,Gold Dust,Stratosphere,Slowcore; Slacker Rock,1998,USA,320k,mp3,2:05,Studio,LP
Duster,Topical Solution,Stratosphere,Slowcore; Slacker Rock,1998,USA,320k,mp3,5:00,Studio,LP
Duster,Docking the Pod,Stratosphere,Slowcore; Slacker Rock,1998,USA,320k,mp3,1:50,Studio,LP
Duster,The Landing,Stratosphere,Slowcore; Slacker Rock,1998,USA,320k,mp3,2:43,Studio,LP
Duster,"Echo, Bravo",Stratosphere,Slowcore; Slacker Rock,1998,USA,320k,mp3,4:32,Studio,LP
Duster,Constellations,Stratosphere,Slowcore; Slacker Rock,1998,USA,320k,mp3,3:43,Studio,LP
Duster,The Queen of Hearts,Stratosphere,Slowcore; Slacker Rock,1998,USA,320k,mp3,4:19,Studio,LP
Duster,Two Way Radio,Stratosphere,Slowcore; Slacker Rock,1998,USA,320k,mp3,0:19,Studio,LP
Duster,Inside Out,Stratosphere,Slowcore; Slacker Rock,1998,USA,320k,mp3,2:21,Studio,LP
Duster,Stratosphere,Stratosphere,Slowcore; Slacker Rock,1998,USA,320k,mp3,6:57,Studio,LP
Duster,Reed to Hillsborough,Stratosphere,Slowcore; Slacker Rock,1998,USA,320k,mp3,4:00,Studio,LP
Duster,Shadows of Planes,Stratosphere,Slowcore; Slacker Rock,1998,USA,320k,mp3,1:50,Studio,LP
Duster,Earth Moon Transit,Stratosphere,Slowcore; Slacker Rock,1998,USA,320k,mp3,4:23,Studio,LP
Duster,The Twins / Romantica,Stratosphere,Slowcore; Slacker Rock,1998,USA,320k,mp3,3:43,Studio,LP
Duster,Sideria,Stratosphere,Slowcore; Slacker Rock,1998,USA,320k,mp3,1:47,Studio,LP
Animal Collective,Peacebone,Strawberry Jam,Art Pop,2007,USA,320k,mp3,5:13,Studio,LP
Animal Collective,Unsolved Mysteries,Strawberry Jam,Art Pop,2007,USA,320k,mp3,4:25,Studio,LP
Animal Collective,Chores,Strawberry Jam,Art Pop,2007,USA,320k,mp3,4:30,Studio,LP
Animal Collective,For Reverend Green,Strawberry Jam,Art Pop,2007,USA,320k,mp3,6:34,Studio,LP
Animal Collective,Fireworks,Strawberry Jam,Art Pop,2007,USA,320k,mp3,6:50,Studio,LP
Animal Collective,#1,Strawberry Jam,Art Pop,2007,USA,320k,mp3,4:32,Studio,LP
Animal Collective,Winter Wonder Land,Strawberry Jam,Art Pop,2007,USA,320k,mp3,2:44,Studio,LP
Animal Collective,Cuckoo Cuckoo,Strawberry Jam,Art Pop,2007,USA,320k,mp3,5:42,Studio,LP
Animal Collective,Derek,Strawberry Jam,Art Pop,2007,USA,320k,mp3,3:01,Studio,LP
Kepler Quartet,"String Quartet no. 7: I. Prelude. Scurrying, Forceful, Intense","String Quartets nos. 6, 7, & 8",Microtonal Classical; Classical; Chamber Music,2016,USA,320k,mp3,2:36,Studio,LP
Kepler Quartet,String Quartet no. 7: II. Palindromes. Eerie,"String Quartets nos. 6, 7, & 8",Microtonal Classical; Classical; Chamber Music,2016,USA,320k,mp3,4:53,Studio,LP
Kepler Quartet,String Quartet no. 7: III. Variations. With Solemnity,"String Quartets nos. 6, 7, & 8",Microtonal Classical; Classical; Chamber Music,2016,USA,320k,mp3,16:21,Studio,LP
Kepler Quartet,"String Quartet no. 8: I. Vigorous, Aggressive","String Quartets nos. 6, 7, & 8",Microtonal Classical; Classical; Chamber Music,2016,USA,320k,mp3,5:24,Studio,LP
Kepler Quartet,"String Quartet no. 8: II. Lazy, Rocking","String Quartets nos. 6, 7, & 8",Microtonal Classical; Classical; Chamber Music,2016,USA,320k,mp3,6:06,Studio,LP
Kepler Quartet,"String Quartet no. 8: III. Scherzo. Fast, Skimming - Trio. Light","String Quartets nos. 6, 7, & 8",Microtonal Classical; Classical; Chamber Music,2016,USA,320k,mp3,3:27,Studio,LP
Kepler Quartet,String Quartet no. 8: IV. Extremely Light And Rhythmic,"String Quartets nos. 6, 7, & 8",Microtonal Classical; Classical; Chamber Music,2016,USA,320k,mp3,2:59,Studio,LP
Kepler Quartet,String Quartet no. 6,"String Quartets nos. 6, 7, & 8",Microtonal Classical; Classical; Chamber Music,2016,USA,320k,mp3,22:37,Studio,LP
Kepler Quartet,Quietness (in memory of Salvatore Martirano),"String Quartets nos. 6, 7, & 8",Microtonal Classical; Classical; Chamber Music,2016,USA,320k,mp3,2:17,Studio,LP
Steve Roach,Reflections in Suspension,Structures from Silence,Ambient; Space Ambient; Progressive Electronic,1984,USA,623k,flac,16:46,Studio,LP
Steve Roach,Quiet Friend,Structures from Silence,Ambient; Space Ambient; Progressive Electronic,1984,USA,516k,flac,13:23,Studio,LP
Steve Roach,Structures from Silence,Structures from Silence,Ambient; Space Ambient; Progressive Electronic,1984,USA,513k,flac,28:33,Studio,LP
Biosphere,As the Sun Kissed the Horizon,Substrata,Ambient,1997,Norway,538k,flac,1:47,Studio,LP
Biosphere,Poa Alpina,Substrata,Ambient,1997,Norway,574k,flac,4:10,Studio,LP
Biosphere,Chukhung,Substrata,Ambient,1997,Norway,590k,flac,7:34,Studio,LP
Biosphere,The Things I Tell You,Substrata,Ambient,1997,Norway,593k,flac,6:28,Studio,LP
Biosphere,Times When I Know You'll Be Sad,Substrata,Ambient,1997,Norway,583k,flac,3:44,Studio,LP
Biosphere,Hyperborea,Substrata,Ambient,1997,Norway,576k,flac,5:45,Studio,LP
Biosphere,Kobresia,Substrata,Ambient,1997,Norway,588k,flac,7:12,Studio,LP
Biosphere,Antennaria,Substrata,Ambient,1997,Norway,560k,flac,5:05,Studio,LP
Biosphere,Uva-Ursi,Substrata,Ambient,1997,Norway,629k,flac,3:00,Studio,LP
Biosphere,Sphere of No-Form,Substrata,Ambient,1997,Norway,571k,flac,5:47,Studio,LP
Biosphere,Silene,Substrata,Ambient,1997,Norway,576k,flac,7:54,Studio,LP
Suicide,Ghost Rider,Suicide,Post-Punk,1978,USA,160k,mp3,2:34,Studio,LP
Suicide,Rocket Usa,Suicide,Post-Punk,1978,USA,160k,mp3,4:16,Studio,LP
Suicide,Cheree,Suicide,Post-Punk,1978,USA,160k,mp3,3:42,Studio,LP
Suicide,Johnny,Suicide,Post-Punk,1978,USA,160k,mp3,2:10,Studio,LP
Suicide,Girl,Suicide,Post-Punk,1978,USA,160k,mp3,4:05,Studio,LP
Suicide,Frankie Teardrop,Suicide,Post-Punk,1978,USA,160k,mp3,10:26,Studio,LP
Suicide,Che,Suicide,Post-Punk,1978,USA,160k,mp3,4:52,Studio,LP
Bill Evans Trio,Gloria’s Step (take 2),Sunday at the Village Vanguard,Cool Jazz,1987,USA,320k,mp3,6:10,Live,LP
Bill Evans Trio,My Man’s Gone Now,Sunday at the Village Vanguard,Cool Jazz,1987,USA,320k,mp3,6:26,Live,LP
Bill Evans Trio,Solar,Sunday at the Village Vanguard,Cool Jazz,1987,USA,320k,mp3,8:57,Live,LP
Bill Evans Trio,Alice in Wonderland (take 2),Sunday at the Village Vanguard,Cool Jazz,1987,USA,320k,mp3,8:37,Live,LP
Bill Evans Trio,All of You (take 2),Sunday at the Village Vanguard,Cool Jazz,1987,USA,320k,mp3,8:21,Live,LP
Bill Evans Trio,Jade Visions (take 2),Sunday at the Village Vanguard,Cool Jazz,1987,USA,320k,mp3,3:47,Live,LP
Bill Evans Trio,Gloria’s Step (take 3),Sunday at the Village Vanguard,Cool Jazz,1987,USA,320k,mp3,6:58,Live,LP
Bill Evans Trio,Alice in Wonderland (take 1),Sunday at the Village Vanguard,Cool Jazz,1987,USA,320k,mp3,7:04,Live,LP
Bill Evans Trio,All of You (take 3),Sunday at the Village Vanguard,Cool Jazz,1987,USA,320k,mp3,8:08,Live,LP
Bill Evans Trio,Jade Visions (take 1),Sunday at the Village Vanguard,Cool Jazz,1987,USA,320k,mp3,5:15,Live,LP
Animal Collective,Leaf House,Sung Tongs,Freak Folk; Neo-Psychedelia; Avant-Folk,2004,USA,320k,mp3,2:42,Studio,LP
Animal Collective,Who could win a Rabbit,Sung Tongs,Freak Folk; Neo-Psychedelia; Avant-Folk,2004,USA,320k,mp3,2:18,Studio,LP
Animal Collective,The Softest Voice,Sung Tongs,Freak Folk; Neo-Psychedelia; Avant-Folk,2004,USA,320k,mp3,6:46,Studio,LP
Animal Collective,Winters Love,Sung Tongs,Freak Folk; Neo-Psychedelia; Avant-Folk,2004,USA,320k,mp3,4:55,Studio,LP
Animal Collective,Kids on Holiday,Sung Tongs,Freak Folk; Neo-Psychedelia; Avant-Folk,2004,USA,320k,mp3,5:47,Studio,LP
Animal Collective,Sweet Road,Sung Tongs,Freak Folk; Neo-Psychedelia; Avant-Folk,2004,USA,320k,mp3,1:15,Studio,LP
Animal Collective,Visiting Friends,Sung Tongs,Freak Folk; Neo-Psychedelia; Avant-Folk,2004,USA,320k,mp3,12:36,Studio,LP
Animal Collective,College,Sung Tongs,Freak Folk; Neo-Psychedelia; Avant-Folk,2004,USA,320k,mp3,0:53,Studio,LP
Animal Collective,We Tigers,Sung Tongs,Freak Folk; Neo-Psychedelia; Avant-Folk,2004,USA,320k,mp3,2:43,Studio,LP
Animal Collective,Mouth Wooed Her,Sung Tongs,Freak Folk; Neo-Psychedelia; Avant-Folk,2004,USA,320k,mp3,4:24,Studio,LP
Animal Collective,Good lovin Outside,Sung Tongs,Freak Folk; Neo-Psychedelia; Avant-Folk,2004,USA,320k,mp3,4:26,Studio,LP
Animal Collective,"Whaddit I Done, Brad?",Sung Tongs,Freak Folk; Neo-Psychedelia; Avant-Folk,2004,USA,320k,mp3,4:05,Studio,LP
"Black Country, New Road",Sunglasses,Sunglasses,Alternative Rock,2019,UK; England,320k,mp3,8:53,Studio,Single
Boredoms,Super 77,Super 77 / Super Sky,Field Recordings; Noise Rock,1998,Japan,192k,mp3,17:01,Studio,LP
Boredoms,Super Sky,Super 77 / Super Sky,Field Recordings; Noise Rock,1998,Japan,192k,mp3,17:25,Studio,LP
Boredoms,Super You,Super æ,Experimental Rock; Noise Rock; Psychedelic Rock; Krautrock,1998,Japan,987k,flac,7:37,Studio,LP
Boredoms,Super Are,Super æ,Experimental Rock; Noise Rock; Psychedelic Rock; Krautrock,1998,Japan,888k,flac,8:30,Studio,LP
Boredoms,Super Going,Super æ,Experimental Rock; Noise Rock; Psychedelic Rock; Krautrock,1998,Japan,980k,flac,12:26,Studio,LP
Boredoms,Super Coming,Super æ,Experimental Rock; Noise Rock; Psychedelic Rock; Krautrock,1998,Japan,861k,flac,12:20,Studio,LP
Boredoms,Super Are You,Super æ,Experimental Rock; Noise Rock; Psychedelic Rock; Krautrock,1998,Japan,811k,flac,8:47,Studio,LP
Boredoms,Super Shine,Super æ,Experimental Rock; Noise Rock; Psychedelic Rock; Krautrock,1998,Japan,866k,flac,12:45,Studio,LP
Boredoms,Super Good,Super æ,Experimental Rock; Noise Rock; Psychedelic Rock; Krautrock,1998,Japan,733k,flac,6:06,Studio,LP
Boredoms,Super Go!!!!!,Super Go !!!,Experimental Rock; Noise Rock,1998,Japan,192k,mp3,17:36,Studio,Single
Boredoms,Super Punk,Super Go !!!,Experimental Rock; Noise Rock,1998,Japan,192k,mp3,4:03,Studio,Single
Boredoms,Super AGO???,Super Go !!!,Experimental Rock; Noise Rock,1998,Japan,128k,mp3,11:53,Studio,Single
Boredoms,Super Rooy,Super Roots 10,Electronic,2009,Japan,320k,mp3,0:37,Studio,EP
Boredoms,Ant 10,Super Roots 10,Electronic,2009,Japan,320k,mp3,9:25,Studio,EP
Boredoms,Ant 10/Estereo 10 (Remix by ALTZ),Super Roots 10,Electronic,2009,Japan,320k,mp3,9:33,Studio,EP
Boredoms,Ant 10 (Remix by DJ Finger Hat),Super Roots 10,Electronic,2009,Japan,320k,mp3,5:24,Studio,EP
Boredoms,Ant 10 (Remix by Lindstrøm),Super Roots 10,Electronic,2009,Japan,320k,mp3,10:45,Studio,EP
Boredoms,Ant 10/Mineral Dub Break (Remix by ALTZ),Super Roots 10,Electronic,2009,Japan,320k,mp3,10:21,Studio,EP
Boredoms,GO!!!!!,Super Roots 5,Noise,1995,Japan,192k,mp3,64:19,Studio,EP
Boredoms,7〜(EWE Remix),Super Roots 7,Noise Rock,1998,Japan,320k,mp3,4:04,Studio,EP
Boredoms,7→(Boriginal),Super Roots 7,Noise Rock,1998,Japan,320k,mp3,20:55,Studio,EP
Boredoms,7＋(EYE Remix),Super Roots 7,Noise Rock,1998,Japan,320k,mp3,8:12,Studio,EP
Boredoms,Livwe!!,Super Roots 9,Electronic,2007,Japan,320k,mp3,40:29,Studio,EP
Radiohead,Supercollider,Supercollider / The Butcher,Electronic; Glitch Pop; Ambient Pop,2011,UK; England,320k,mp3,7:02,Studio,Single
Radiohead,The Butcher,Supercollider / The Butcher,Electronic; Glitch Pop; Ambient Pop,2011,UK; England,320k,mp3,4:40,Studio,Single
Pixies,Bone Machine,Surfer Rosa,Indie Rock; Alternative Rock,1988,USA,1099k,flac,3:03,Studio,LP
Pixies,Break My Body,Surfer Rosa,Indie Rock; Alternative Rock,1988,USA,1152k,flac,2:06,Studio,LP
Pixies,Something Against You,Surfer Rosa,Indie Rock; Alternative Rock,1988,USA,1194k,flac,1:48,Studio,LP
Pixies,Broken Face,Surfer Rosa,Indie Rock; Alternative Rock,1988,USA,1259k,flac,1:30,Studio,LP
Pixies,Gigantic,Surfer Rosa,Indie Rock; Alternative Rock,1988,USA,1016k,flac,3:55,Studio,LP
Pixies,River Euphrates,Surfer Rosa,Indie Rock; Alternative Rock,1988,USA,1139k,flac,2:32,Studio,LP
Pixies,Where Is My Mind?,Surfer Rosa,Indie Rock; Alternative Rock,1988,USA,1005k,flac,3:54,Studio,LP
Pixies,Cactus,Surfer Rosa,Indie Rock; Alternative Rock,1988,USA,968k,flac,2:16,Studio,LP
Pixies,Tony's Theme,Surfer Rosa,Indie Rock; Alternative Rock,1988,USA,1166k,flac,1:52,Studio,LP
Pixies,Oh My Golly!,Surfer Rosa,Indie Rock; Alternative Rock,1988,USA,1028k,flac,2:33,Studio,LP
Pixies,Vamos,Surfer Rosa,Indie Rock; Alternative Rock,1988,USA,1010k,flac,4:22,Studio,LP
Pixies,I'm Amazed,Surfer Rosa,Indie Rock; Alternative Rock,1988,USA,1164k,flac,1:43,Studio,LP
Pixies,Brick Is Red,Surfer Rosa,Indie Rock; Alternative Rock,1988,USA,1132k,flac,2:02,Studio,LP
Suuk,Šlaager,Suuk 1976,Psychedelic Rock; Progressive Rock,2000,Estonia,192k,mp3,3:46,Studio,LP
Suuk,Blues mesilumest,Suuk 1976,Psychedelic Rock; Progressive Rock,2000,Estonia,192k,mp3,5:08,Studio,LP
Suuk,Nuhtlemine,Suuk 1976,Psychedelic Rock; Progressive Rock,2000,Estonia,192k,mp3,3:43,Studio,LP
Suuk,Põrguplika,Suuk 1976,Psychedelic Rock; Progressive Rock,2000,Estonia,192k,mp3,2:24,Studio,LP
Suuk,Statistiline,Suuk 1976,Psychedelic Rock; Progressive Rock,2000,Estonia,192k,mp3,2:30,Studio,LP
Suuk,Fuuga,Suuk 1976,Psychedelic Rock; Progressive Rock,2000,Estonia,192k,mp3,6:27,Studio,LP
Suuk,Narkomaan,Suuk 1976,Psychedelic Rock; Progressive Rock,2000,Estonia,192k,mp3,7:46,Studio,LP
Suuk,Võõrsil,Suuk 1976,Psychedelic Rock; Progressive Rock,2000,Estonia,192k,mp3,3:36,Studio,LP
Suuk,"Linnapea sekretäri Drewonwski ja ""Ostrowieci"" ajakirjaniku Pienažeki kuplee",Suuk 1976,Psychedelic Rock; Progressive Rock,2000,Estonia,192k,mp3,0:57,Studio,LP
Suuk,Peo algus,Suuk 1976,Psychedelic Rock; Progressive Rock,2000,Estonia,192k,mp3,0:11,Studio,LP
Suuk,Peo lõpp,Suuk 1976,Psychedelic Rock; Progressive Rock,2000,Estonia,192k,mp3,1:11,Studio,LP
Suuk,Tähed,Suuk 1976,Psychedelic Rock; Progressive Rock,2000,Estonia,192k,mp3,3:13,Studio,LP
Suuk,Järel valgus ja Palverändur,Suuk 1976,Psychedelic Rock; Progressive Rock,2000,Estonia,192k,mp3,4:50,Studio,LP
Suuk,Suuk Maciej Chlemicki läheb partei vojevoodkonna sekretäri Stefan Szezukat tapma,Suuk 1976,Psychedelic Rock; Progressive Rock,2000,Estonia,192k,mp3,7:16,Studio,LP
Suuk,Kulisside taga,Suuk 1976,Psychedelic Rock; Progressive Rock,2000,Estonia,192k,mp3,2:08,Studio,LP
Suuk,Krystyna loeb Maciej kirja,Suuk 1976,Psychedelic Rock; Progressive Rock,2000,Estonia,192k,mp3,1:45,Studio,LP
Suuk,Peer Gynt,Suuk 1976,Psychedelic Rock; Progressive Rock,2000,Estonia,192k,mp3,12:43,Studio,LP
Aphex Twin,minipops 67 (source field mix),Syro,IDM,2014,UK; England,831k,flac,4:47,Studio,LP
Aphex Twin,XMAS_EVET10 (thanaton3 mix),Syro,IDM,2014,UK; England,725k,flac,10:31,Studio,LP
Aphex Twin,produk 29,Syro,IDM,2014,UK; England,820k,flac,5:03,Studio,LP
Aphex Twin,4 bit 9d api+e+6,Syro,IDM,2014,UK; England,776k,flac,4:28,Studio,LP
Aphex Twin,180db_,Syro,IDM,2014,UK; England,785k,flac,3:11,Studio,LP
Aphex Twin,CIRCLONT6A (syrobonkus mix),Syro,IDM,2014,UK; England,885k,flac,6:00,Studio,LP
Aphex Twin,fz pseudotimestretch+e+3,Syro,IDM,2014,UK; England,735k,flac,0:58,Studio,LP
Aphex Twin,CIRCLONT14 (shrymoming mix),Syro,IDM,2014,UK; England,845k,flac,7:21,Studio,LP
Aphex Twin,syro u473t8+e (piezoluminescence mix),Syro,IDM,2014,UK; England,758k,flac,6:32,Studio,LP
Aphex Twin,PAPAT4 (pineal mix),Syro,IDM,2014,UK; England,788k,flac,4:18,Studio,LP
Aphex Twin,s950tx16wasr10 (earth portal mix),Syro,IDM,2014,UK; England,817k,flac,6:01,Studio,LP
Aphex Twin,aisatsana,Syro,IDM,2014,UK; England,664k,flac,5:21,Studio,LP
tricot,pool side,T H E,Math Rock,2013,Japan,320k,mp3,1:01,Studio,LP
tricot,POOL,T H E,Math Rock,2013,Japan,320k,mp3,3:57,Studio,LP
tricot,飛べ (Tobe),T H E,Math Rock,2013,Japan,320k,mp3,3:55,Studio,LP
tricot,おもてなし (Omotenashi),T H E,Math Rock,2013,Japan,320k,mp3,3:26,Studio,LP
tricot,art sick,T H E,Math Rock,2013,Japan,320k,mp3,5:02,Studio,LP
tricot,C&C,T H E,Math Rock,2013,Japan,320k,mp3,3:08,Studio,LP
tricot,おちゃんせんすぅす (Ochansensu-Su),T H E,Math Rock,2013,Japan,320k,mp3,2:48,Studio,LP
tricot,初耳 (Hatsumimi),T H E,Math Rock,2013,Japan,320k,mp3,3:58,Studio,LP
tricot,99.974℃,T H E,Math Rock,2013,Japan,320k,mp3,4:21,Studio,LP
tricot,タラッタラッタ (Tarattaratta),T H E,Math Rock,2013,Japan,320k,mp3,4:53,Studio,LP
tricot,CGPP,T H E,Math Rock,2013,Japan,320k,mp3,3:46,Studio,LP
tricot,Swimmer,T H E,Math Rock,2013,Japan,320k,mp3,4:27,Studio,LP
tricot,おやすみ (Oyasumi),T H E,Math Rock,2013,Japan,320k,mp3,3:30,Studio,LP
Arvo Pärt,Fratres (For Violin & Piano),Tabula Rasa,Classical,1984,Estonia,560k,m4a,11:31,Studio,LP
Arvo Pärt,Cantus In Memory Of Benjamin Britten (For String Orchestra & Bell),Tabula Rasa,Classical,1984,Estonia,658k,m4a,5:08,Studio,LP
Arvo Pärt,Fratres (For 12 Celli),Tabula Rasa,Classical,1984,Estonia,506k,m4a,11:59,Studio,LP
Arvo Pärt,"Tabula Rasa (For Two Violins, String Orchestra & Prepared Piano) I. Ludus",Tabula Rasa,Classical,1984,Estonia,722k,m4a,9:36,Studio,LP
Arvo Pärt,"Tabula Rasa (For Two Violins, String Orchestra & Prepared Piano) II. Silentium",Tabula Rasa,Classical,1984,Estonia,632k,m4a,16:49,Studio,LP
Arvo Pärt,Fratres,"Tabula Rasa, Fratres, etc.",Classical,1994,Estonia,443k,flac,11:23,Studio,LP
Arvo Pärt,Cantus in Memoriam Benjamin Britten,"Tabula Rasa, Fratres, etc.",Classical,1994,Estonia,536k,flac,6:10,Studio,LP
Arvo Pärt,Summa,"Tabula Rasa, Fratres, etc.",Classical,1994,Estonia,500k,flac,5:21,Studio,LP
Arvo Pärt,Spiegel Im Spiegel,"Tabula Rasa, Fratres, etc.",Classical,1994,Estonia,394k,flac,8:16,Studio,LP
Arvo Pärt,Festina Lente,"Tabula Rasa, Fratres, etc.",Classical,1994,Estonia,516k,flac,6:07,Studio,LP
Arvo Pärt,Tabula Rasa - Ludus,"Tabula Rasa, Fratres, etc.",Classical,1994,Estonia,651k,flac,9:58,Studio,LP
Arvo Pärt,Tabula Rasa - Silentium,"Tabula Rasa, Fratres, etc.",Classical,1994,Estonia,543k,flac,16:21,Studio,LP
Can,Paperhouse,Tago Mago,Krautrock; Psychedelic Rock; Experimental Rock,1971,Germany,320k,mp3,7:28,Studio,LP
Can,Mushroom,Tago Mago,Krautrock; Psychedelic Rock; Experimental Rock,1971,Germany,320k,mp3,4:03,Studio,LP
Can,Oh Yeah,Tago Mago,Krautrock; Psychedelic Rock; Experimental Rock,1971,Germany,320k,mp3,7:23,Studio,LP
Can,Halleluhwah,Tago Mago,Krautrock; Psychedelic Rock; Experimental Rock,1971,Germany,320k,mp3,18:32,Studio,LP
Can,Aumgn,Tago Mago,Krautrock; Psychedelic Rock; Experimental Rock,1971,Germany,320k,mp3,17:37,Studio,LP
Can,Peking O,Tago Mago,Krautrock; Psychedelic Rock; Experimental Rock,1971,Germany,320k,mp3,11:37,Studio,LP
Can,Bring Me Coffee Or Tea,Tago Mago,Krautrock; Psychedelic Rock; Experimental Rock,1971,Germany,320k,mp3,6:47,Studio,LP
Sigur Rós,Takk...,Takk...,Post-Rock,2005,Iceland,700k,flac,1:57,Studio,LP
Sigur Rós,Glósóli,Takk...,Post-Rock,2005,Iceland,917k,flac,6:15,Studio,LP
Sigur Rós,Hoppípolla,Takk...,Post-Rock,2005,Iceland,955k,flac,4:28,Studio,LP
Sigur Rós,Með Blóðnasir,Takk...,Post-Rock,2005,Iceland,946k,flac,2:17,Studio,LP
Sigur Rós,Sé lest,Takk...,Post-Rock,2005,Iceland,699k,flac,8:40,Studio,LP
Sigur Rós,Sæglópur,Takk...,Post-Rock,2005,Iceland,871k,flac,7:38,Studio,LP
Sigur Rós,Mílanó,Takk...,Post-Rock,2005,Iceland,791k,flac,10:25,Studio,LP
Sigur Rós,Gong,Takk...,Post-Rock,2005,Iceland,989k,flac,5:33,Studio,LP
Sigur Rós,Andvari,Takk...,Post-Rock,2005,Iceland,802k,flac,6:40,Studio,LP
Sigur Rós,Svo hljótt,Takk...,Post-Rock,2005,Iceland,762k,flac,7:24,Studio,LP
Disco Inferno,Technicolour,Technicolour,Neo-Psychedelia; Experimental Rock; Noise Pop,1996,UK; England,192k,mp3,3:37,Studio,LP
Disco Inferno,Things Move Fast,Technicolour,Neo-Psychedelia; Experimental Rock; Noise Pop,1996,UK; England,192k,mp3,3:02,Studio,LP
Disco Inferno,I'm Still in Love,Technicolour,Neo-Psychedelia; Experimental Rock; Noise Pop,1996,UK; England,192k,mp3,2:10,Studio,LP
Disco Inferno,Sleight of Hand,Technicolour,Neo-Psychedelia; Experimental Rock; Noise Pop,1996,UK; England,192k,mp3,3:59,Studio,LP
Disco Inferno,Don't You Know,Technicolour,Neo-Psychedelia; Experimental Rock; Noise Pop,1996,UK; England,192k,mp3,4:48,Studio,LP
Disco Inferno,It's a Kid's World,Technicolour,Neo-Psychedelia; Experimental Rock; Noise Pop,1996,UK; England,192k,mp3,4:31,Studio,LP
Disco Inferno,When the Story Breaks,Technicolour,Neo-Psychedelia; Experimental Rock; Noise Pop,1996,UK; England,192k,mp3,3:11,Studio,LP
Disco Inferno,Can't See Through It,Technicolour,Neo-Psychedelia; Experimental Rock; Noise Pop,1996,UK; England,192k,mp3,3:53,Studio,LP
Disco Inferno,Over and Over,Technicolour,Neo-Psychedelia; Experimental Rock; Noise Pop,1996,UK; England,192k,mp3,3:51,Studio,LP
Mogwai,Summer,Ten Rapid,Post-Rock,1997,UK; Scotland,320k,mp3,4:25,Studio,LP
Mogwai,Helicon 2,Ten Rapid,Post-Rock,1997,UK; Scotland,320k,mp3,2:51,Studio,LP
Mogwai,Angels Versus Aliens,Ten Rapid,Post-Rock,1997,UK; Scotland,320k,mp3,5:37,Studio,LP
Mogwai,I Am No Batman,Ten Rapid,Post-Rock,1997,UK; Scotland,320k,mp3,3:32,Studio,LP
Mogwai,Tuner,Ten Rapid,Post-Rock,1997,UK; Scotland,320k,mp3,2:57,Studio,LP
Mogwai,Ithica 27 ϕ 9,Ten Rapid,Post-Rock,1997,UK; Scotland,320k,mp3,2:58,Studio,LP
Mogwai,A Place for Parks,Ten Rapid,Post-Rock,1997,UK; Scotland,320k,mp3,2:14,Studio,LP
Mogwai,Helicon 1,Ten Rapid,Post-Rock,1997,UK; Scotland,320k,mp3,6:00,Studio,LP
Mogwai,End,Ten Rapid,Post-Rock,1997,UK; Scotland,320k,mp3,2:44,Studio,LP
Broadcast,I Found the F,Tender Buttons,Indietronica; Ambient Pop,2005,UK; England,818k,flac,2:21,Studio,LP
Broadcast,Black Cat,Tender Buttons,Indietronica; Ambient Pop,2005,UK; England,854k,flac,3:58,Studio,LP
Broadcast,Tender Buttons,Tender Buttons,Indietronica; Ambient Pop,2005,UK; England,697k,flac,2:51,Studio,LP
Broadcast,America's Boy,Tender Buttons,Indietronica; Ambient Pop,2005,UK; England,802k,flac,3:34,Studio,LP
Broadcast,Tears in the Typing Pool,Tender Buttons,Indietronica; Ambient Pop,2005,UK; England,602k,flac,2:12,Studio,LP
Broadcast,Corporeal,Tender Buttons,Indietronica; Ambient Pop,2005,UK; England,689k,flac,3:55,Studio,LP
Broadcast,Bit 35,Tender Buttons,Indietronica; Ambient Pop,2005,UK; England,595k,flac,1:49,Studio,LP
Broadcast,Arc of a Journey,Tender Buttons,Indietronica; Ambient Pop,2005,UK; England,764k,flac,5:17,Studio,LP
Broadcast,Michael A Grammar,Tender Buttons,Indietronica; Ambient Pop,2005,UK; England,786k,flac,3:57,Studio,LP
Broadcast,Subject to the Ladder,Tender Buttons,Indietronica; Ambient Pop,2005,UK; England,816k,flac,3:14,Studio,LP
Broadcast,Minus 3,Tender Buttons,Indietronica; Ambient Pop,2005,UK; England,382k,flac,0:47,Studio,LP
Broadcast,Goodbye Girls,Tender Buttons,Indietronica; Ambient Pop,2005,UK; England,832k,flac,3:08,Studio,LP
Broadcast,You and Me in Time,Tender Buttons,Indietronica; Ambient Pop,2005,UK; England,669k,flac,1:24,Studio,LP
Broadcast,I Found the End,Tender Buttons,Indietronica; Ambient Pop,2005,UK; England,443k,flac,2:05,Studio,LP
Ali Akbar Khan,Alap (Solo),The 80 Minute Râga,Hindustani Classical Music,1969,India,320k,mp3,40:41,Studio,LP
Ali Akbar Khan,Gat (Tabla Accompaniment),The 80 Minute Râga,Hindustani Classical Music,1969,India,320k,mp3,40:50,Studio,LP
Sufjan Stevens,Futile Devices,The Age of Adz,Art Pop; Indietronica,2010,USA,232k VBR,mp3,2:11,Studio,LP
Sufjan Stevens,Too Much,The Age of Adz,Art Pop; Indietronica,2010,USA,264k VBR,mp3,6:43,Studio,LP
Sufjan Stevens,Age of Adz,The Age of Adz,Art Pop; Indietronica,2010,USA,246k VBR,mp3,7:59,Studio,LP
Sufjan Stevens,I Walked,The Age of Adz,Art Pop; Indietronica,2010,USA,245k VBR,mp3,5:00,Studio,LP
Sufjan Stevens,Now That I’m Older,The Age of Adz,Art Pop; Indietronica,2010,USA,228k VBR,mp3,4:55,Studio,LP
Sufjan Stevens,Get Real Get Right,The Age of Adz,Art Pop; Indietronica,2010,USA,255k VBR,mp3,5:10,Studio,LP
Sufjan Stevens,Bad Communication,The Age of Adz,Art Pop; Indietronica,2010,USA,220k VBR,mp3,2:24,Studio,LP
Sufjan Stevens,Vesuvius,The Age of Adz,Art Pop; Indietronica,2010,USA,237k VBR,mp3,5:26,Studio,LP
Sufjan Stevens,All for Myself,The Age of Adz,Art Pop; Indietronica,2010,USA,232k VBR,mp3,2:55,Studio,LP
Sufjan Stevens,I Want to Be Well,The Age of Adz,Art Pop; Indietronica,2010,USA,253k VBR,mp3,6:26,Studio,LP
Sufjan Stevens,Impossible Soul,The Age of Adz,Art Pop; Indietronica,2010,USA,248k VBR,mp3,25:34,Studio,LP
Coil,Fire Of The Mind,The Ape Of Naples,Post-Industrial; Darkwave,2005,UK; England,189k VBR,mp3,5:14,Studio,LP
Coil,The Last Amethyst Deceiver,The Ape Of Naples,Post-Industrial; Darkwave,2005,UK; England,184k VBR,mp3,10:11,Studio,LP
Coil,Tattooed Man,The Ape Of Naples,Post-Industrial; Darkwave,2005,UK; England,173k VBR,mp3,6:33,Studio,LP
Coil,Triple Sun,The Ape Of Naples,Post-Industrial; Darkwave,2005,UK; England,215k VBR,mp3,3:46,Studio,LP
Coil,It's In My Blood,The Ape Of Naples,Post-Industrial; Darkwave,2005,UK; England,183k VBR,mp3,4:51,Studio,LP
Coil,I Don't Get It,The Ape Of Naples,Post-Industrial; Darkwave,2005,UK; England,192k VBR,mp3,5:35,Studio,LP
Coil,Heaven's Blade,The Ape Of Naples,Post-Industrial; Darkwave,2005,UK; England,185k VBR,mp3,4:21,Studio,LP
Coil,Cold Cell,The Ape Of Naples,Post-Industrial; Darkwave,2005,UK; England,185k VBR,mp3,4:08,Studio,LP
Coil,Teenage Lightning 2005,The Ape Of Naples,Post-Industrial; Darkwave,2005,UK; England,199k VBR,mp3,7:11,Studio,LP
Coil,Amber Rain,The Ape Of Naples,Post-Industrial; Darkwave,2005,UK; England,179k VBR,mp3,5:12,Studio,LP
Coil,Going Up,The Ape Of Naples,Post-Industrial; Darkwave,2005,UK; England,197k VBR,mp3,8:30,Studio,LP
Glenn Branca,Lesson No. 2,The Ascension,No Wave; Totalism; Noise Rock; Post-Rock,1981,USA,320k,mp3,4:55,Studio,LP
Glenn Branca,The Spectacular Commodity,The Ascension,No Wave; Totalism; Noise Rock; Post-Rock,1981,USA,320k,mp3,12:38,Studio,LP
Glenn Branca,Structure,The Ascension,No Wave; Totalism; Noise Rock; Post-Rock,1981,USA,320k,mp3,3:09,Studio,LP
Glenn Branca,Light Field (In Consonance),The Ascension,No Wave; Totalism; Noise Rock; Post-Rock,1981,USA,320k,mp3,8:18,Studio,LP
Glenn Branca,The Ascension,The Ascension,No Wave; Totalism; Noise Rock; Post-Rock,1981,USA,320k,mp3,13:09,Studio,LP
Sufjan Stevens,The Avalanche,The Avalanche,Indie Folk; Chamber Pop,2006,USA,320k,mp3,3:14,Studio,LP
Sufjan Stevens,Dear Mr. Supercomputer,The Avalanche,Indie Folk; Chamber Pop,2006,USA,320k,mp3,4:20,Studio,LP
Sufjan Stevens,Adlai Stevenson,The Avalanche,Indie Folk; Chamber Pop,2006,USA,320k,mp3,2:34,Studio,LP
Sufjan Stevens,The Vivian Girls Are Visited in the Night by Saint Dargarius and His Squadron of Benevolent Butterflies,The Avalanche,Indie Folk; Chamber Pop,2006,USA,320k,mp3,1:49,Studio,LP
Sufjan Stevens,Chicago (Acoustic Version),The Avalanche,Indie Folk; Chamber Pop,2006,USA,320k,mp3,4:40,Studio,LP
Sufjan Stevens,The Henney Buggy Band,The Avalanche,Indie Folk; Chamber Pop,2006,USA,320k,mp3,3:16,Studio,LP
Sufjan Stevens,Saul Bellow,The Avalanche,Indie Folk; Chamber Pop,2006,USA,320k,mp3,2:53,Studio,LP
Sufjan Stevens,Carlyle Lake,The Avalanche,Indie Folk; Chamber Pop,2006,USA,320k,mp3,3:15,Studio,LP
Sufjan Stevens,"Springfield, or Bobby Got a Shadfly Caught in His Hair",The Avalanche,Indie Folk; Chamber Pop,2006,USA,320k,mp3,4:17,Studio,LP
Sufjan Stevens,"The Mistress Witch from McClure (Or, the Mind that Knows Itself)",The Avalanche,Indie Folk; Chamber Pop,2006,USA,320k,mp3,3:24,Studio,LP
Sufjan Stevens,Kaskaskia River,The Avalanche,Indie Folk; Chamber Pop,2006,USA,320k,mp3,2:15,Studio,LP
Sufjan Stevens,Chicago (Adult Contemporary Easy Listening Version),The Avalanche,Indie Folk; Chamber Pop,2006,USA,320k,mp3,6:07,Studio,LP
Sufjan Stevens,Inaugural Pop Music for Jane Margaret Byrne,The Avalanche,Indie Folk; Chamber Pop,2006,USA,320k,mp3,1:25,Studio,LP
Sufjan Stevens,No Man's Land,The Avalanche,Indie Folk; Chamber Pop,2006,USA,320k,mp3,4:45,Studio,LP
Sufjan Stevens,The Palm Sunday Tornado Hits Crystal Lake,The Avalanche,Indie Folk; Chamber Pop,2006,USA,320k,mp3,1:38,Studio,LP
Sufjan Stevens,The Pick-Up,The Avalanche,Indie Folk; Chamber Pop,2006,USA,320k,mp3,3:24,Studio,LP
Sufjan Stevens,"The Perpetual Self, or 'What Would Saul Alinsky Do?''",The Avalanche,Indie Folk; Chamber Pop,2006,USA,320k,mp3,2:24,Studio,LP
Sufjan Stevens,For Clyde Tombaugh,The Avalanche,Indie Folk; Chamber Pop,2006,USA,320k,mp3,3:43,Studio,LP
Sufjan Stevens,Chicago (Multiple Personality Disorder Version),The Avalanche,Indie Folk; Chamber Pop,2006,USA,320k,mp3,4:35,Studio,LP
Sufjan Stevens,Pittsfield,The Avalanche,Indie Folk; Chamber Pop,2006,USA,320k,mp3,6:51,Studio,LP
Sufjan Stevens,The Undivided Self (For Eppie and Popo),The Avalanche,Indie Folk; Chamber Pop,2006,USA,320k,mp3,4:59,Studio,LP
Björk,Atlantic,The B Sides,Art Pop,2005,Iceland,128k,mp3,2:02,Bootleg,LP
Björk,Glora,The B Sides,Art Pop,2005,Iceland,112k,mp3,1:43,Bootleg,LP
Björk,I Remember You,The B Sides,Art Pop,2005,Iceland,160k,mp3,4:12,Bootleg,LP
Björk,Karvel,The B Sides,Art Pop,2005,Iceland,128k,mp3,4:26,Bootleg,LP
Björk,Play Dead,The B Sides,Art Pop,2005,Iceland,128k,mp3,3:56,Bootleg,LP
Björk,Sidasta Eg,The B Sides,Art Pop,2005,Iceland,112k,mp3,2:57,Bootleg,LP
Björk,Stigdu Mig,The B Sides,Art Pop,2005,Iceland,160k,mp3,1:50,Bootleg,LP
Björk,Charlene,The B Sides,Art Pop,2005,Iceland,112k,mp3,4:45,Bootleg,LP
Björk,I Go Humble,The B Sides,Art Pop,2005,Iceland,112k,mp3,4:46,Bootleg,LP
Björk,Oxygen,The B Sides,Art Pop,2005,Iceland,128k,mp3,3:50,Bootleg,LP
Björk,Sod Off,The B Sides,Art Pop,2005,Iceland,128k,mp3,2:54,Bootleg,LP
Björk,Sweet Sweet Intuition,The B Sides,Art Pop,2005,Iceland,160k,mp3,6:09,Bootleg,LP
Björk,Visur Vatusenda Rotu,The B Sides,Art Pop,2005,Iceland,160k,mp3,4:19,Bootleg,LP
Björk,You Only Live Twice,The B Sides,Art Pop,2005,Iceland,128k,mp3,4:21,Bootleg,LP
Björk,Amphibian,The B Sides,Art Pop,2005,Iceland,128k,mp3,2:47,Bootleg,LP
Björk,My Snare,The B Sides,Art Pop,2005,Iceland,160k,mp3,3:39,Bootleg,LP
Björk,Scary,The B Sides,Art Pop,2005,Iceland,160k,mp3,2:37,Bootleg,LP
Björk,So Broken,The B Sides,Art Pop,2005,Iceland,128k,mp3,5:59,Bootleg,LP
Björk,Batabid,The B Sides,Art Pop,2005,Iceland,192k,mp3,2:25,Bootleg,LP
Björk,Domestica,The B Sides,Art Pop,2005,Iceland,192k,mp3,3:25,Bootleg,LP
Björk,Foot Soldier,The B Sides,Art Pop,2005,Iceland,192k,mp3,2:35,Bootleg,LP
Björk,Generous Palmstroke,The B Sides,Art Pop,2005,Iceland,192k,mp3,4:26,Bootleg,LP
The Beatles,Back in the U.S.S.R.,The Beatles,Pop Rock,1968,UK; England,279k VBR,mp3,2:43,Studio,LP
The Beatles,Dear Prudence,The Beatles,Pop Rock,1968,UK; England,237k VBR,mp3,3:55,Studio,LP
The Beatles,Glass Onion,The Beatles,Pop Rock,1968,UK; England,259k VBR,mp3,2:17,Studio,LP
The Beatles,"Ob-La-Di, Ob-La-Da",The Beatles,Pop Rock,1968,UK; England,247k VBR,mp3,3:09,Studio,LP
The Beatles,Wild Honey Pie,The Beatles,Pop Rock,1968,UK; England,242k VBR,mp3,0:53,Studio,LP
The Beatles,The Continuing Story of Bungalow Bill,The Beatles,Pop Rock,1968,UK; England,247k VBR,mp3,3:14,Studio,LP
The Beatles,While My Guitar Gently Weeps,The Beatles,Pop Rock,1968,UK; England,253k VBR,mp3,4:45,Studio,LP
The Beatles,Happiness Is A Warm Gun,The Beatles,Pop Rock,1968,UK; England,253k VBR,mp3,2:44,Studio,LP
The Beatles,Martha My Dear,The Beatles,Pop Rock,1968,UK; England,226k VBR,mp3,2:28,Studio,LP
The Beatles,I'm So Tired,The Beatles,Pop Rock,1968,UK; England,234k VBR,mp3,2:03,Studio,LP
The Beatles,Blackbird,The Beatles,Pop Rock,1968,UK; England,228k VBR,mp3,2:18,Studio,LP
The Beatles,Piggies,The Beatles,Pop Rock,1968,UK; England,255k VBR,mp3,2:04,Studio,LP
The Beatles,Rocky Raccoon,The Beatles,Pop Rock,1968,UK; England,241k VBR,mp3,3:33,Studio,LP
The Beatles,Don't Pass Me By,The Beatles,Pop Rock,1968,UK; England,241k VBR,mp3,3:50,Studio,LP
The Beatles,Why Don't We Do It In The Road?,The Beatles,Pop Rock,1968,UK; England,228k VBR,mp3,1:41,Studio,LP
The Beatles,I Will,The Beatles,Pop Rock,1968,UK; England,235k VBR,mp3,1:45,Studio,LP
The Beatles,Julia,The Beatles,Pop Rock,1968,UK; England,213k VBR,mp3,2:56,Studio,LP
The Beatles,Birthday,The Beatles,Pop Rock,1968,UK; England,260k VBR,mp3,2:43,Studio,LP
The Beatles,Yer Blues,The Beatles,Pop Rock,1968,UK; England,245k VBR,mp3,4:00,Studio,LP
The Beatles,Mother Nature's Son,The Beatles,Pop Rock,1968,UK; England,226k VBR,mp3,2:48,Studio,LP
The Beatles,Everybody's Got Something to Hide Except Me and My Monkey,The Beatles,Pop Rock,1968,UK; England,266k VBR,mp3,2:24,Studio,LP
The Beatles,Sexy Sadie,The Beatles,Pop Rock,1968,UK; England,241k VBR,mp3,3:15,Studio,LP
The Beatles,Helter Skelter,The Beatles,Pop Rock,1968,UK; England,284k VBR,mp3,4:29,Studio,LP
The Beatles,"Long, Long, Long",The Beatles,Pop Rock,1968,UK; England,225k VBR,mp3,3:06,Studio,LP
The Beatles,Revolution I,The Beatles,Pop Rock,1968,UK; England,228k VBR,mp3,4:15,Studio,LP
The Beatles,Honey Pie,The Beatles,Pop Rock,1968,UK; England,226k VBR,mp3,2:41,Studio,LP
The Beatles,Savoy Truffle,The Beatles,Pop Rock,1968,UK; England,271k VBR,mp3,2:54,Studio,LP
The Beatles,Cry Baby Cry,The Beatles,Pop Rock,1968,UK; England,243k VBR,mp3,3:02,Studio,LP
The Beatles,Revolution 9,The Beatles,Pop Rock,1968,UK; England,235k VBR,mp3,8:22,Studio,LP
The Beatles,Good Night,The Beatles,Pop Rock,1968,UK; England,221k VBR,mp3,3:13,Studio,LP
Swans,The Parasite,The Beggar,Post-Rock; Experimental Rock,2023,USA,706k,flac,8:27,Studio,LP
Swans,Paradise is Mine,The Beggar,Post-Rock; Experimental Rock,2023,USA,811k,flac,9:23,Studio,LP
Swans,Los Angeles: City of Death,The Beggar,Post-Rock; Experimental Rock,2023,USA,939k,flac,3:29,Studio,LP
Swans,Michael is Done,The Beggar,Post-Rock; Experimental Rock,2023,USA,842k,flac,6:08,Studio,LP
Swans,Unforming,The Beggar,Post-Rock; Experimental Rock,2023,USA,661k,flac,5:55,Studio,LP
Swans,The Beggar,The Beggar,Post-Rock; Experimental Rock,2023,USA,786k,flac,10:15,Studio,LP
Swans,No More of This,The Beggar,Post-Rock; Experimental Rock,2023,USA,763k,flac,6:55,Studio,LP
Swans,Ebbing,The Beggar,Post-Rock; Experimental Rock,2023,USA,865k,flac,11:04,Studio,LP
Swans,Why Can't I Have What I Want Any Time That I Want?,The Beggar,Post-Rock; Experimental Rock,2023,USA,770k,flac,7:38,Studio,LP
Swans,The Beggar Lover (Three),The Beggar,Post-Rock; Experimental Rock,2023,USA,837k,flac,43:51,Studio,LP
Swans,The Memorious,The Beggar,Post-Rock; Experimental Rock,2023,USA,932k,flac,8:38,Studio,LP
Radiohead,Planet Telex,The Bends,Alternative Rock,1995,UK; England,320k VBR,m4a,4:19,Studio,LP
Radiohead,The Bends,The Bends,Alternative Rock,1995,UK; England,320k VBR,m4a,4:06,Studio,LP
Radiohead,High And Dry,The Bends,Alternative Rock,1995,UK; England,320k VBR,m4a,4:17,Studio,LP
Radiohead,Fake Plastic Trees,The Bends,Alternative Rock,1995,UK; England,320k VBR,m4a,4:50,Studio,LP
Radiohead,Bones,The Bends,Alternative Rock,1995,UK; England,320k VBR,m4a,3:09,Studio,LP
Radiohead,(Nice Dream),The Bends,Alternative Rock,1995,UK; England,320k VBR,m4a,3:53,Studio,LP
Radiohead,Just,The Bends,Alternative Rock,1995,UK; England,320k VBR,m4a,3:54,Studio,LP
Radiohead,My Iron Lung,The Bends,Alternative Rock,1995,UK; England,320k VBR,m4a,4:36,Studio,LP
Radiohead,Bullet Proof...I Wish I Was,The Bends,Alternative Rock,1995,UK; England,320k VBR,m4a,3:28,Studio,LP
Radiohead,Black Star,The Bends,Alternative Rock,1995,UK; England,320k VBR,m4a,4:07,Studio,LP
Radiohead,Sulk,The Bends,Alternative Rock,1995,UK; England,320k VBR,m4a,3:43,Studio,LP
Radiohead,Street Spirit (Fade Out),The Bends,Alternative Rock,1995,UK; England,320k VBR,m4a,4:14,Studio,LP
Radiohead,The Trickster,The Bends,Alternative Rock,1995,UK; England,320k VBR,m4a,4:42,Studio,LP
Radiohead,Punchdrunk Lovesick Singalong,The Bends,Alternative Rock,1995,UK; England,320k VBR,m4a,4:41,Studio,LP
Radiohead,Lozenge Of Love,The Bends,Alternative Rock,1995,UK; England,320k VBR,m4a,2:17,Studio,LP
Radiohead,Lewis (Mistreated),The Bends,Alternative Rock,1995,UK; England,320k VBR,m4a,3:20,Studio,LP
Radiohead,Permanent Daylight,The Bends,Alternative Rock,1995,UK; England,320k VBR,m4a,2:49,Studio,LP
Radiohead,You Never Wash Up After Yourself,The Bends,Alternative Rock,1995,UK; England,320k VBR,m4a,1:44,Studio,LP
Radiohead,Maquiladora,The Bends,Alternative Rock,1995,UK; England,320k VBR,m4a,3:26,Studio,LP
Radiohead,Killer Cars,The Bends,Alternative Rock,1995,UK; England,320k VBR,m4a,3:03,Studio,LP
Radiohead,India Rubber,The Bends,Alternative Rock,1995,UK; England,320k VBR,m4a,3:26,Studio,LP
Radiohead,How Can You Be Sure?,The Bends,Alternative Rock,1995,UK; England,320k VBR,m4a,4:22,Studio,LP
Radiohead,Fake Plastic Trees (Acoustic),The Bends,Alternative Rock,1995,UK; England,320k VBR,m4a,4:41,Studio,LP
Radiohead,Bullet Proof...I Wish I Was (Acoustic),The Bends,Alternative Rock,1995,UK; England,320k VBR,m4a,3:35,Studio,LP
Radiohead,Street Spirit (Fade Out) (Acoustic),The Bends,Alternative Rock,1995,UK; England,320k VBR,m4a,4:25,Studio,LP
Radiohead,Talk Show Host,The Bends,Alternative Rock,1995,UK; England,320k VBR,m4a,4:41,Studio,LP
Radiohead,Bishop's Robes,The Bends,Alternative Rock,1995,UK; England,320k VBR,m4a,3:25,Studio,LP
Radiohead,Banana Co.,The Bends,Alternative Rock,1995,UK; England,320k VBR,m4a,2:21,Studio,LP
Radiohead,Molasses,The Bends,Alternative Rock,1995,UK; England,320k VBR,m4a,2:27,Studio,LP
Radiohead,Just [Evening Session 14.09.94],The Bends,Alternative Rock,1995,UK; England,320k VBR,m4a,3:45,Studio,LP
Radiohead,Maquiladora [Evening Session 14.09.94],The Bends,Alternative Rock,1995,UK; England,320k VBR,m4a,3:30,Studio,LP
Radiohead,Street Spirit (Fade Out) [Evening Session 14.09.94],The Bends,Alternative Rock,1995,UK; England,320k VBR,m4a,4:21,Studio,LP
Radiohead,Bones [Evening Session 14.09.94],The Bends,Alternative Rock,1995,UK; England,320k VBR,m4a,3:02,Studio,LP
Interpol,Say Hello to the Angels,The Black EP,Post-Punk Revival,2003,USA,985k,flac,4:28,Studio,EP
Interpol,NYC (Demo),The Black EP,Post-Punk Revival,2003,USA,865k,flac,4:28,Studio,EP
Interpol,Obstacle 1 (Black Session),The Black EP,Post-Punk Revival,2003,USA,767k,flac,4:18,Live,EP
Interpol,Specialist (Black Session),The Black EP,Post-Punk Revival,2003,USA,696k,flac,6:33,Live,EP
Interpol,Leif Erikson (Black Session),The Black EP,Post-Punk Revival,2003,USA,694k,flac,3:55,Live,EP
Interpol,PDA (Black Session),The Black EP,Post-Punk Revival,2003,USA,759k,flac,5:17,Live,EP
Charles Mingus,Solo Dancer,The Black Saint And The Sinner Lady,Avant-Garde Jazz; Third Stream,1963,USA,224k,mp3,6:39,Studio,LP
Charles Mingus,Duet Solo Dancers,The Black Saint And The Sinner Lady,Avant-Garde Jazz; Third Stream,1963,USA,224k,mp3,6:45,Studio,LP
Charles Mingus,Group Dancers,The Black Saint And The Sinner Lady,Avant-Garde Jazz; Third Stream,1963,USA,224k,mp3,7:22,Studio,LP
Charles Mingus,Trio And Group Dancers,The Black Saint And The Sinner Lady,Avant-Garde Jazz; Third Stream,1963,USA,224k,mp3,18:39,Studio,LP
Coldplay,Bigger Stronger,The Blue Room EP,Alternative Rock; Post-Britpop,1999,UK; England,320k,mp3,4:49,Studio,EP
Coldplay,Don't Panic,The Blue Room EP,Alternative Rock; Post-Britpop,1999,UK; England,320k,mp3,2:38,Studio,EP
Coldplay,High Speed,The Blue Room EP,Alternative Rock; Post-Britpop,1999,UK; England,320k,mp3,4:16,Studio,EP
Coldplay,Such A Rush,The Blue Room EP,Alternative Rock; Post-Britpop,1999,UK; England,320k,mp3,4:57,Studio,EP
toe,反逆する風景,the book about my idle plot on a vague anxiety,Math Rock; Post-Rock,2005,Japan,268k VBR,mp3,0:58,Studio,LP
toe,孤独の発明,the book about my idle plot on a vague anxiety,Math Rock; Post-Rock,2005,Japan,268k VBR,mp3,3:23,Studio,LP
toe,tremolo+delay,the book about my idle plot on a vague anxiety,Math Rock; Post-Rock,2005,Japan,256k VBR,mp3,3:03,Studio,LP
toe,向こう岸が視る夢,the book about my idle plot on a vague anxiety,Math Rock; Post-Rock,2005,Japan,265k VBR,mp3,4:42,Studio,LP
toe,all i understand is that i don't understand,the book about my idle plot on a vague anxiety,Math Rock; Post-Rock,2005,Japan,262k VBR,mp3,4:54,Studio,LP
toe,c,the book about my idle plot on a vague anxiety,Math Rock; Post-Rock,2005,Japan,264k VBR,mp3,4:07,Studio,LP
toe,past and language,the book about my idle plot on a vague anxiety,Math Rock; Post-Rock,2005,Japan,263k VBR,mp3,5:30,Studio,LP
toe,music for you,the book about my idle plot on a vague anxiety,Math Rock; Post-Rock,2005,Japan,277k VBR,mp3,1:48,Studio,LP
toe,i do still wrong,the book about my idle plot on a vague anxiety,Math Rock; Post-Rock,2005,Japan,269k VBR,mp3,3:00,Studio,LP
toe,メトロノーム,the book about my idle plot on a vague anxiety,Math Rock; Post-Rock,2005,Japan,262k VBR,mp3,3:37,Studio,LP
toe,everything means nothing,the book about my idle plot on a vague anxiety,Math Rock; Post-Rock,2005,Japan,262k VBR,mp3,3:14,Studio,LP
Alice Coltrane,Journey In Satchidananda (Live),The Carnegie Hall Concert (Live),Spiritual Jazz; Avant-Garde Jazz,2024,USA,3052k,flac,15:02,Live,LP
Alice Coltrane,Shiva-Loka (Live),The Carnegie Hall Concert (Live),Spiritual Jazz; Avant-Garde Jazz,2024,USA,3096k,flac,14:40,Live,LP
Alice Coltrane,Africa (Live),The Carnegie Hall Concert (Live),Spiritual Jazz; Avant-Garde Jazz,2024,USA,3181k,flac,28:09,Live,LP
Alice Coltrane,Leo (Live),The Carnegie Hall Concert (Live),Spiritual Jazz; Avant-Garde Jazz,2024,USA,3205k,flac,21:34,Live,LP
Talk Talk,Happiness Is Easy,The Colour of Spring,Art Pop,1986,UK; England,320k,mp3,6:30,Studio,LP
Talk Talk,I Don’t Believe in You,The Colour of Spring,Art Pop,1986,UK; England,320k,mp3,5:03,Studio,LP
Talk Talk,Life’s What You Make It,The Colour of Spring,Art Pop,1986,UK; England,320k,mp3,4:27,Studio,LP
Talk Talk,April 5th,The Colour of Spring,Art Pop,1986,UK; England,320k,mp3,5:53,Studio,LP
Talk Talk,Living in Another World,The Colour of Spring,Art Pop,1986,UK; England,320k,mp3,6:57,Studio,LP
Talk Talk,Give It Up,The Colour of Spring,Art Pop,1986,UK; England,320k,mp3,5:15,Studio,LP
Talk Talk,Chameleon Day,The Colour of Spring,Art Pop,1986,UK; England,320k,mp3,3:20,Studio,LP
Talk Talk,Time It’s Time,The Colour of Spring,Art Pop,1986,UK; England,320k,mp3,8:14,Studio,LP
Horse Lords,Fanfare for Effective Freedom,The Common Task,Totalism; Math Rock; Krautrock; Experimental Rock,2020,USA,959k,flac,7:21,Studio,LP
Horse Lords,Against Gravity,The Common Task,Totalism; Math Rock; Krautrock; Experimental Rock,2020,USA,978k,flac,7:48,Studio,LP
Horse Lords,The Radiant City,The Common Task,Totalism; Math Rock; Krautrock; Experimental Rock,2020,USA,916k,flac,3:03,Studio,LP
Horse Lords,People's Park,The Common Task,Totalism; Math Rock; Krautrock; Experimental Rock,2020,USA,913k,flac,4:20,Studio,LP
Horse Lords,Integral Accident,The Common Task,Totalism; Math Rock; Krautrock; Experimental Rock,2020,USA,875k,flac,18:38,Studio,LP
Miles Davis,Pharaoh's Dance,The Complete Bitches Brew Sessions,Jazz Fusion; Avant-Garde Jazz,1998,USA,2844k,flac,20:05,Studio,LP
Miles Davis,Bitches Brew,The Complete Bitches Brew Sessions,Jazz Fusion; Avant-Garde Jazz,1998,USA,2876k,flac,26:57,Studio,LP
Miles Davis,Spanish Key,The Complete Bitches Brew Sessions,Jazz Fusion; Avant-Garde Jazz,1998,USA,3000k,flac,17:32,Studio,LP
Miles Davis,John McLaughlin,The Complete Bitches Brew Sessions,Jazz Fusion; Avant-Garde Jazz,1998,USA,2975k,flac,4:23,Studio,LP
Miles Davis,Miles Runs the Voodoo Down,The Complete Bitches Brew Sessions,Jazz Fusion; Avant-Garde Jazz,1998,USA,2949k,flac,14:01,Studio,LP
Miles Davis,Sanctuary,The Complete Bitches Brew Sessions,Jazz Fusion; Avant-Garde Jazz,1998,USA,2879k,flac,10:57,Studio,LP
Miles Davis,Great Expectations,The Complete Bitches Brew Sessions,Jazz Fusion; Avant-Garde Jazz,1998,USA,256k VBR,m4a,13:48,Studio,LP
Miles Davis,Orange Lady,The Complete Bitches Brew Sessions,Jazz Fusion; Avant-Garde Jazz,1998,USA,256k VBR,m4a,13:51,Studio,LP
Miles Davis,Yaphet,The Complete Bitches Brew Sessions,Jazz Fusion; Avant-Garde Jazz,1998,USA,256k VBR,m4a,9:41,Studio,LP
Miles Davis,Corrado,The Complete Bitches Brew Sessions,Jazz Fusion; Avant-Garde Jazz,1998,USA,256k VBR,m4a,13:11,Studio,LP
Miles Davis,Trevere,The Complete Bitches Brew Sessions,Jazz Fusion; Avant-Garde Jazz,1998,USA,256k VBR,m4a,5:58,Studio,LP
Miles Davis,The Big Green Serpent,The Complete Bitches Brew Sessions,Jazz Fusion; Avant-Garde Jazz,1998,USA,256k VBR,m4a,3:38,Studio,LP
Miles Davis,The Little Blue Frog (alt),The Complete Bitches Brew Sessions,Jazz Fusion; Avant-Garde Jazz,1998,USA,256k VBR,m4a,12:15,Studio,LP
Miles Davis,The Little Blue Frog (mst),The Complete Bitches Brew Sessions,Jazz Fusion; Avant-Garde Jazz,1998,USA,256k VBR,m4a,9:11,Studio,LP
Miles Davis,Lonely Fire,The Complete Bitches Brew Sessions,Jazz Fusion; Avant-Garde Jazz,1998,USA,256k VBR,m4a,21:11,Studio,LP
Miles Davis,Guinnevere,The Complete Bitches Brew Sessions,Jazz Fusion; Avant-Garde Jazz,1998,USA,256k VBR,m4a,21:07,Studio,LP
Miles Davis,Feio,The Complete Bitches Brew Sessions,Jazz Fusion; Avant-Garde Jazz,1998,USA,256k VBR,m4a,11:52,Studio,LP
Miles Davis,Double Image,The Complete Bitches Brew Sessions,Jazz Fusion; Avant-Garde Jazz,1998,USA,256k VBR,m4a,8:28,Studio,LP
Miles Davis,Recollections,The Complete Bitches Brew Sessions,Jazz Fusion; Avant-Garde Jazz,1998,USA,256k VBR,m4a,18:57,Studio,LP
Miles Davis,Take It or Leave It,The Complete Bitches Brew Sessions,Jazz Fusion; Avant-Garde Jazz,1998,USA,256k VBR,m4a,2:16,Studio,LP
Miles Davis,Double Image,The Complete Bitches Brew Sessions,Jazz Fusion; Avant-Garde Jazz,1998,USA,256k VBR,m4a,5:52,Studio,LP
Miles Davis,Mademoiselle Mabry,The Complete in a Silent Way Sessions,Jazz Fusion; Modal Jazz,2001,USA,718k,flac,16:37,Studio,LP
Miles Davis,Frelon Brun,The Complete in a Silent Way Sessions,Jazz Fusion; Modal Jazz,2001,USA,878k,flac,5:40,Studio,LP
Miles Davis,Two Faced,The Complete in a Silent Way Sessions,Jazz Fusion; Modal Jazz,2001,USA,738k,flac,18:03,Studio,LP
Miles Davis,Dual Mr. Anthony Tillmon Williams Process,The Complete in a Silent Way Sessions,Jazz Fusion; Modal Jazz,2001,USA,871k,flac,13:23,Studio,LP
Miles Davis,Splash,The Complete in a Silent Way Sessions,Jazz Fusion; Modal Jazz,2001,USA,888k,flac,10:08,Studio,LP
Miles Davis,Splashdown,The Complete in a Silent Way Sessions,Jazz Fusion; Modal Jazz,2001,USA,870k,flac,8:03,Studio,LP
Miles Davis,Ascent,The Complete in a Silent Way Sessions,Jazz Fusion; Modal Jazz,2001,USA,803k,flac,14:54,Studio,LP
Miles Davis,Directions I,The Complete in a Silent Way Sessions,Jazz Fusion; Modal Jazz,2001,USA,948k,flac,6:50,Studio,LP
Miles Davis,Directions II,The Complete in a Silent Way Sessions,Jazz Fusion; Modal Jazz,2001,USA,938k,flac,4:53,Studio,LP
Miles Davis,Shhh/Peaceful,The Complete in a Silent Way Sessions,Jazz Fusion; Modal Jazz,2001,USA,721k,flac,19:17,Studio,LP
Miles Davis,In a Silent Way (Rehearsal),The Complete in a Silent Way Sessions,Jazz Fusion; Modal Jazz,2001,USA,643k,flac,5:26,Studio,LP
Miles Davis,In a Silent Way,The Complete in a Silent Way Sessions,Jazz Fusion; Modal Jazz,2001,USA,579k,flac,4:18,Studio,LP
Miles Davis,It's About That Time,The Complete in a Silent Way Sessions,Jazz Fusion; Modal Jazz,2001,USA,643k,flac,11:27,Studio,LP
Miles Davis,The Ghetto Walk,The Complete in a Silent Way Sessions,Jazz Fusion; Modal Jazz,2001,USA,730k,flac,26:49,Studio,LP
Miles Davis,Early Minor,The Complete in a Silent Way Sessions,Jazz Fusion; Modal Jazz,2001,USA,650k,flac,6:58,Studio,LP
Miles Davis,Shhh / Peaceful,The Complete in a Silent Way Sessions,Jazz Fusion; Modal Jazz,2001,USA,795k,flac,18:18,Studio,LP
Miles Davis,In a Silent Way / It's About That Time,The Complete in a Silent Way Sessions,Jazz Fusion; Modal Jazz,2001,USA,736k,flac,19:52,Studio,LP
Natural Snow Buildings,Carved Heart,The Dance of the Moon and the Sun,Drone; Psychedelic Folk; Avant-Folk,2006,France,320k,mp3,1:05,Studio,LP
Natural Snow Buildings,Cut Joint Sinews & Divided Reincarnation,The Dance of the Moon and the Sun,Drone; Psychedelic Folk; Avant-Folk,2006,France,320k,mp3,15:18,Studio,LP
Natural Snow Buildings,Interstate Roads,The Dance of the Moon and the Sun,Drone; Psychedelic Folk; Avant-Folk,2006,France,320k,mp3,3:14,Studio,LP
Natural Snow Buildings,Wisconsin,The Dance of the Moon and the Sun,Drone; Psychedelic Folk; Avant-Folk,2006,France,320k,mp3,11:57,Studio,LP
Natural Snow Buildings,Rain Serenade,The Dance of the Moon and the Sun,Drone; Psychedelic Folk; Avant-Folk,2006,France,320k,mp3,3:20,Studio,LP
Natural Snow Buildings,Dance of the Moon & the Sun,The Dance of the Moon and the Sun,Drone; Psychedelic Folk; Avant-Folk,2006,France,320k,mp3,6:26,Studio,LP
Natural Snow Buildings,"Felt Presence, Ghostly Humming",The Dance of the Moon and the Sun,Drone; Psychedelic Folk; Avant-Folk,2006,France,320k,mp3,25:14,Studio,LP
Natural Snow Buildings,Breaking Waters,The Dance of the Moon and the Sun,Drone; Psychedelic Folk; Avant-Folk,2006,France,320k,mp3,2:45,Studio,LP
Natural Snow Buildings,"Eu un miroir, obscurement",The Dance of the Moon and the Sun,Drone; Psychedelic Folk; Avant-Folk,2006,France,320k,mp3,4:38,Studio,LP
Natural Snow Buildings,The Cover-Up,The Dance of the Moon and the Sun,Drone; Psychedelic Folk; Avant-Folk,2006,France,320k,mp3,5:09,Studio,LP
William Basinski,dlp 1.1,The Disintegration Loops,Tape Music; Ambient; Minimalism,2002,USA,320k,mp3,63:35,Studio,LP
William Basinski,dlp 2.1,The Disintegration Loops,Tape Music; Ambient; Minimalism,2002,USA,320k,mp3,10:50,Studio,LP
William Basinski,d|p 2.2,The Disintegration Loops,Tape Music; Ambient; Minimalism,2003,USA,320k,mp3,32:40,Studio,LP
William Basinski,d|p 3,The Disintegration Loops,Tape Music; Ambient; Minimalism,2003,USA,320k,mp3,41:50,Studio,LP
William Basinski,dlp 4,The Disintegration Loops,Tape Music; Ambient; Minimalism,2003,USA,320k,mp3,20:11,Studio,LP
William Basinski,dlp 5,The Disintegration Loops,Tape Music; Ambient; Minimalism,2003,USA,320k,mp3,52:20,Studio,LP
William Basinski,dlp 6,The Disintegration Loops,Tape Music; Ambient; Minimalism,2002,USA,320k,mp3,40:37,Studio,LP
William Basinski,dlp 1.2,The Disintegration Loops,Tape Music; Ambient; Minimalism,2002,USA,320k,mp3,21:44,Studio,LP
William Basinski,dlp 1.3,The Disintegration Loops,Tape Music; Ambient; Minimalism,2002,USA,320k,mp3,11:57,Studio,LP
The Doors,Break On Through (To The Other Side),The Doors,Psychedelic Rock,1967,USA,320k,mp3,2:29,Studio,LP
The Doors,Soul Kitchen,The Doors,Psychedelic Rock,1967,USA,320k,mp3,3:35,Studio,LP
The Doors,The Crystal Ship,The Doors,Psychedelic Rock,1967,USA,320k,mp3,2:34,Studio,LP
The Doors,Twentieth Century Fox,The Doors,Psychedelic Rock,1967,USA,320k,mp3,2:33,Studio,LP
The Doors,Alabama Song (Whisky Bar),The Doors,Psychedelic Rock,1967,USA,320k,mp3,3:20,Studio,LP
The Doors,Light My Fire,The Doors,Psychedelic Rock,1967,USA,320k,mp3,7:08,Studio,LP
The Doors,Back Door Man,The Doors,Psychedelic Rock,1967,USA,320k,mp3,3:34,Studio,LP
The Doors,I Looked At You,The Doors,Psychedelic Rock,1967,USA,320k,mp3,2:22,Studio,LP
The Doors,End Of The Night,The Doors,Psychedelic Rock,1967,USA,320k,mp3,2:52,Studio,LP
The Doors,Take It As It Comes,The Doors,Psychedelic Rock,1967,USA,320k,mp3,2:17,Studio,LP
The Doors,The End,The Doors,Psychedelic Rock,1967,USA,320k,mp3,11:45,Studio,LP
Explosions in the Sky,First Breath After Coma,The Earth Is Not a Cold Dead Place,Post-Rock,2003,USA,266k VBR,mp3,9:33,Studio,LP
Explosions in the Sky,The Only Moment We Were Alone,The Earth Is Not a Cold Dead Place,Post-Rock,2003,USA,262k VBR,mp3,10:14,Studio,LP
Explosions in the Sky,Six Days At The Bottom Of The Ocean,The Earth Is Not a Cold Dead Place,Post-Rock,2003,USA,254k VBR,mp3,8:43,Studio,LP
Explosions in the Sky,Memorial,The Earth Is Not a Cold Dead Place,Post-Rock,2003,USA,261k VBR,mp3,8:50,Studio,LP
Explosions in the Sky,Your Hand In Mine,The Earth Is Not a Cold Dead Place,Post-Rock,2003,USA,252k VBR,mp3,8:17,Studio,LP
Steve Reich,Pulse - Sections I-X - Pulse,The ECM Recordings,Minimalism; Modern Classical,2016,USA,659k,flac,56:31,Studio,LP
Steve Reich,Music for a Large Ensemble,The ECM Recordings,Minimalism; Modern Classical,2016,USA,724k,flac,15:38,Studio,LP
Steve Reich,Violin Phase,The ECM Recordings,Minimalism; Modern Classical,2016,USA,728k,flac,15:19,Studio,LP
Steve Reich,Octet,The ECM Recordings,Minimalism; Modern Classical,2016,USA,733k,flac,17:29,Studio,LP
Steve Reich,"Tehillim, Parts I & II",The ECM Recordings,Minimalism; Modern Classical,2016,USA,747k,flac,17:31,Studio,LP
Steve Reich,"Tehillim, Parts III & IV",The ECM Recordings,Minimalism; Modern Classical,2016,USA,741k,flac,12:26,Studio,LP
Joe Henderson featuring Alice Coltrane,Fire,The Elements,Spiritual Jazz,1974,USA,320k,mp3,11:07,Studio,LP
Joe Henderson featuring Alice Coltrane,Air,The Elements,Spiritual Jazz,1974,USA,320k,mp3,9:58,Studio,LP
Joe Henderson featuring Alice Coltrane,Water,The Elements,Spiritual Jazz,1974,USA,320k,mp3,7:32,Studio,LP
Joe Henderson featuring Alice Coltrane,Earth,The Elements,Spiritual Jazz,1974,USA,320k,mp3,13:13,Studio,LP
Thom Yorke,The Eraser,The Eraser,Electronic,2006,UK; England,178k VBR,mp3,4:55,Studio,LP
Thom Yorke,Analyse,The Eraser,Electronic,2006,UK; England,208k VBR,mp3,4:02,Studio,LP
Thom Yorke,The Clock,The Eraser,Electronic,2006,UK; England,225k VBR,mp3,4:13,Studio,LP
Thom Yorke,Black Swan,The Eraser,Electronic,2006,UK; England,224k VBR,mp3,4:49,Studio,LP
Thom Yorke,Skip Divided,The Eraser,Electronic,2006,UK; England,190k VBR,mp3,3:35,Studio,LP
Thom Yorke,Atoms For Peace,The Eraser,Electronic,2006,UK; England,198k VBR,mp3,5:13,Studio,LP
Thom Yorke,And It Rained All Night,The Eraser,Electronic,2006,UK; England,187k VBR,mp3,4:15,Studio,LP
Thom Yorke,Harrowdown Hill,The Eraser,Electronic,2006,UK; England,197k VBR,mp3,4:38,Studio,LP
Thom Yorke,Cymbal Rush,The Eraser,Electronic,2006,UK; England,182k VBR,mp3,5:15,Studio,LP
Faust,Exercise - With Several Hands on a Piano,The Faust Tapes,Krautrock,1973,Germany,320k,mp3,0:52,Studio,LP
Faust,"Exercise - With Voices, Drum and Sax",The Faust Tapes,Krautrock,1973,Germany,320k,mp3,0:21,Studio,LP
Faust,Flashback Caruso,The Faust Tapes,Krautrock,1973,Germany,320k,mp3,4:01,Studio,LP
Faust,Exercise - With Voices,The Faust Tapes,Krautrock,1973,Germany,320k,mp3,1:48,Studio,LP
Faust,J'ai Mal Aux Dents,The Faust Tapes,Krautrock,1973,Germany,320k,mp3,7:15,Studio,LP
Faust,Untitled,The Faust Tapes,Krautrock,1973,Germany,320k,mp3,1:04,Studio,LP
Faust,Untitled - Arnulf and Zappi on Drums,The Faust Tapes,Krautrock,1973,Germany,320k,mp3,1:42,Studio,LP
Faust,Dr. Schwitters Intro,The Faust Tapes,Krautrock,1973,Germany,320k,mp3,0:25,Studio,LP
Faust,Exercise (Continues Track 1),The Faust Tapes,Krautrock,1973,Germany,320k,mp3,1:11,Studio,LP
Faust,Untitled,The Faust Tapes,Krautrock,1973,Germany,320k,mp3,1:18,Studio,LP
Faust,Untitled,The Faust Tapes,Krautrock,1973,Germany,320k,mp3,0:50,Studio,LP
Faust,Dr. Schwitters Snippet,The Faust Tapes,Krautrock,1973,Germany,320k,mp3,0:49,Studio,LP
Faust,Untitled - Arnulf on Drums,The Faust Tapes,Krautrock,1973,Germany,320k,mp3,1:04,Studio,LP
Faust,Untitled - Arnulf on Drums,The Faust Tapes,Krautrock,1973,Germany,320k,mp3,0:48,Studio,LP
Faust,Untitled - All on Saxes,The Faust Tapes,Krautrock,1973,Germany,320k,mp3,1:33,Studio,LP
Faust,Untitled,The Faust Tapes,Krautrock,1973,Germany,320k,mp3,2:19,Studio,LP
Faust,Untitled - Rudolf,The Faust Tapes,Krautrock,1973,Germany,320k,mp3,0:34,Studio,LP
Faust,Untitled - Rudolf,The Faust Tapes,Krautrock,1973,Germany,320k,mp3,0:51,Studio,LP
Faust,Untitled - Rudolf,The Faust Tapes,Krautrock,1973,Germany,320k,mp3,1:15,Studio,LP
Faust,Untitled,The Faust Tapes,Krautrock,1973,Germany,320k,mp3,2:31,Studio,LP
Faust,Untitled,The Faust Tapes,Krautrock,1973,Germany,320k,mp3,0:20,Studio,LP
Faust,Untitled,The Faust Tapes,Krautrock,1973,Germany,320k,mp3,1:13,Studio,LP
Faust,Untitled,The Faust Tapes,Krautrock,1973,Germany,320k,mp3,0:59,Studio,LP
Faust,Stretch Out Time,The Faust Tapes,Krautrock,1973,Germany,320k,mp3,1:36,Studio,LP
Faust,Der Baum,The Faust Tapes,Krautrock,1973,Germany,320k,mp3,3:51,Studio,LP
Faust,Chиre Chambre,The Faust Tapes,Krautrock,1973,Germany,320k,mp3,3:08,Studio,LP
Fjarri,Bloom,The Fjarri Collection,Experimental,2018,UK; England,192k,mp3,3:15,Studio,LP
Fjarri,Hal,The Fjarri Collection,Experimental,2020,UK; England,192k,mp3,2:36,Studio,LP
Fjarri,Bond,The Fjarri Collection,Experimental,2018,UK; England,128k,mp3,3:37,Studio,LP
Fjarri,Lavender's Blue,The Fjarri Collection,Experimental,2018,UK; England,128k,mp3,2:18,Studio,LP
Fjarri,Milieu,The Fjarri Collection,Experimental,2018,UK; England,128k,mp3,2:42,Studio,LP
Bob Dylan,Blowin' In The Wind,The Freewheelin’ Bob Dylan,Contemporary Folk,1963,USA,320k,mp3,2:48,Studio,LP
Bob Dylan,Girl From The North Country,The Freewheelin’ Bob Dylan,Contemporary Folk,1963,USA,320k,mp3,3:23,Studio,LP
Bob Dylan,Masters Of War,The Freewheelin’ Bob Dylan,Contemporary Folk,1963,USA,320k,mp3,4:38,Studio,LP
Bob Dylan,Down The Highway,The Freewheelin’ Bob Dylan,Contemporary Folk,1963,USA,320k,mp3,3:32,Studio,LP
Bob Dylan,Bob Dylan's Blues,The Freewheelin’ Bob Dylan,Contemporary Folk,1963,USA,320k,mp3,2:28,Studio,LP
Bob Dylan,A Hard Rain's A-Gonna Fall,The Freewheelin’ Bob Dylan,Contemporary Folk,1963,USA,320k,mp3,6:53,Studio,LP
Bob Dylan,"Don't Think Twice, It's All Right",The Freewheelin’ Bob Dylan,Contemporary Folk,1963,USA,320k,mp3,3:41,Studio,LP
Bob Dylan,Bob Dylan's Dream,The Freewheelin’ Bob Dylan,Contemporary Folk,1963,USA,320k,mp3,5:02,Studio,LP
Bob Dylan,Oxford Town,The Freewheelin’ Bob Dylan,Contemporary Folk,1963,USA,320k,mp3,1:50,Studio,LP
Bob Dylan,Talking World War III Blues,The Freewheelin’ Bob Dylan,Contemporary Folk,1963,USA,320k,mp3,6:27,Studio,LP
Bob Dylan,"Corrina, Corrina",The Freewheelin’ Bob Dylan,Contemporary Folk,1963,USA,320k,mp3,2:44,Studio,LP
Bob Dylan,"Honey, Just Allow Me One More Chance",The Freewheelin’ Bob Dylan,Contemporary Folk,1963,USA,320k,mp3,2:00,Studio,LP
Bob Dylan,I Shall Be Free,The Freewheelin’ Bob Dylan,Contemporary Folk,1963,USA,320k,mp3,4:47,Studio,LP
Unwound,New Energy,The Future of What,Indie Rock,1995,USA,320k,mp3,1:57,Studio,LP
Unwound,Demolished,The Future of What,Indie Rock,1995,USA,320k,mp3,2:49,Studio,LP
Unwound,Natural Disasters,The Future of What,Indie Rock,1995,USA,320k,mp3,3:15,Studio,LP
Unwound,Re-Enact the Crime,The Future of What,Indie Rock,1995,USA,320k,mp3,2:42,Studio,LP
Unwound,Equally Stupid,The Future of What,Indie Rock,1995,USA,320k,mp3,3:06,Studio,LP
Unwound,Pardon My French,The Future of What,Indie Rock,1995,USA,320k,mp3,1:30,Studio,LP
Unwound,Descension,The Future of What,Indie Rock,1995,USA,320k,mp3,4:21,Studio,LP
Unwound,Accidents on Purpose,The Future of What,Indie Rock,1995,USA,320k,mp3,1:55,Studio,LP
Unwound,Petals Like Bricks,The Future of What,Indie Rock,1995,USA,320k,mp3,2:22,Studio,LP
Unwound,Vern's Answer to the Masses,The Future of What,Indie Rock,1995,USA,320k,mp3,0:38,Studio,LP
Unwound,Here Come the Dogs,The Future of What,Indie Rock,1995,USA,320k,mp3,2:06,Studio,LP
Unwound,Disappoint,The Future of What,Indie Rock,1995,USA,320k,mp3,5:17,Studio,LP
Unwound,Swan,The Future of What,Indie Rock,1995,USA,320k,mp3,8:09,Studio,LP
Unwound,Full Explanation of Answer,The Future of What,Indie Rock,1995,USA,320k,mp3,5:23,Studio,LP
Unwound,Excuse Me...,The Future of What,Indie Rock,1995,USA,320k,mp3,4:02,Studio,LP
Unwound,...But Pardon...,The Future of What,Indie Rock,1995,USA,320k,mp3,2:41,Studio,LP
Unwound,...My French,The Future of What,Indie Rock,1995,USA,320k,mp3,6:53,Studio,LP
Camberwell Now,Working Nights,The Ghost Trade,Art Rock,1986,UK; England,192k,mp3,7:28,Studio,LP
Camberwell Now,Sitcom,The Ghost Trade,Art Rock,1986,UK; England,192k,mp3,4:31,Studio,LP
Camberwell Now,Wheat Futures,The Ghost Trade,Art Rock,1986,UK; England,192k,mp3,6:00,Studio,LP
Camberwell Now,Speculative Fiction,The Ghost Trade,Art Rock,1986,UK; England,192k,mp3,5:57,Studio,LP
Camberwell Now,Green Lantern,The Ghost Trade,Art Rock,1986,UK; England,192k,mp3,3:06,Studio,LP
Camberwell Now,The Ghost Trade,The Ghost Trade,Art Rock,1986,UK; England,192k,mp3,10:51,Studio,LP
The Microphones,I Want Wind to Blow,The Glow Pt. 2,Indie Folk; Psychedelic Folk; Slacker Rock,2001,USA,885k,flac,5:32,Studio,LP
The Microphones,The Glow Pt. 2,The Glow Pt. 2,Indie Folk; Psychedelic Folk; Slacker Rock,2001,USA,979k,flac,4:58,Studio,LP
The Microphones,The Moon,The Glow Pt. 2,Indie Folk; Psychedelic Folk; Slacker Rock,2001,USA,1005k,flac,5:16,Studio,LP
The Microphones,Headless Horseman,The Glow Pt. 2,Indie Folk; Psychedelic Folk; Slacker Rock,2001,USA,792k,flac,3:08,Studio,LP
The Microphones,My Roots Are Strong and Deep,The Glow Pt. 2,Indie Folk; Psychedelic Folk; Slacker Rock,2001,USA,898k,flac,1:53,Studio,LP
The Microphones,Instrumental I,The Glow Pt. 2,Indie Folk; Psychedelic Folk; Slacker Rock,2001,USA,784k,flac,1:38,Studio,LP
The Microphones,The Mansion,The Glow Pt. 2,Indie Folk; Psychedelic Folk; Slacker Rock,2001,USA,793k,flac,3:52,Studio,LP
The Microphones,(Something) I,The Glow Pt. 2,Indie Folk; Psychedelic Folk; Slacker Rock,2001,USA,709k,flac,1:38,Studio,LP
The Microphones,(Something) II,The Glow Pt. 2,Indie Folk; Psychedelic Folk; Slacker Rock,2001,USA,781k,flac,2:42,Studio,LP
The Microphones,I'll Not Contain You,The Glow Pt. 2,Indie Folk; Psychedelic Folk; Slacker Rock,2001,USA,809k,flac,2:50,Studio,LP
The Microphones,The Gleam Pt. 2,The Glow Pt. 2,Indie Folk; Psychedelic Folk; Slacker Rock,2001,USA,854k,flac,1:57,Studio,LP
The Microphones,Map,The Glow Pt. 2,Indie Folk; Psychedelic Folk; Slacker Rock,2001,USA,939k,flac,5:00,Studio,LP
The Microphones,You'll Be in the Air,The Glow Pt. 2,Indie Folk; Psychedelic Folk; Slacker Rock,2001,USA,903k,flac,2:41,Studio,LP
The Microphones,I Want to Be Cold,The Glow Pt. 2,Indie Folk; Psychedelic Folk; Slacker Rock,2001,USA,1094k,flac,1:41,Studio,LP
The Microphones,I Am Bored,The Glow Pt. 2,Indie Folk; Psychedelic Folk; Slacker Rock,2001,USA,888k,flac,1:36,Studio,LP
The Microphones,I Felt My Size,The Glow Pt. 2,Indie Folk; Psychedelic Folk; Slacker Rock,2001,USA,821k,flac,2:24,Studio,LP
The Microphones,Instrumental II,The Glow Pt. 2,Indie Folk; Psychedelic Folk; Slacker Rock,2001,USA,810k,flac,1:52,Studio,LP
The Microphones,I Felt Your Shape,The Glow Pt. 2,Indie Folk; Psychedelic Folk; Slacker Rock,2001,USA,802k,flac,1:54,Studio,LP
The Microphones,Samurai Sword,The Glow Pt. 2,Indie Folk; Psychedelic Folk; Slacker Rock,2001,USA,965k,flac,4:07,Studio,LP
The Microphones,My Warm Blood,The Glow Pt. 2,Indie Folk; Psychedelic Folk; Slacker Rock,2001,USA,639k,flac,9:28,Studio,LP
Swans,Cloud Of Forgetting,The Glowing Man,Post-Rock; Experimental Rock,2016,USA,320k,mp3,12:43,Studio,LP
Swans,Cloud Of Unknowing,The Glowing Man,Post-Rock; Experimental Rock,2016,USA,320k,mp3,25:12,Studio,LP
Swans,The World Looks Red / The World Looks Black,The Glowing Man,Post-Rock; Experimental Rock,2016,USA,320k,mp3,14:27,Studio,LP
Swans,People Like Us,The Glowing Man,Post-Rock; Experimental Rock,2016,USA,320k,mp3,4:32,Studio,LP
Swans,Frankie M,The Glowing Man,Post-Rock; Experimental Rock,2016,USA,320k,mp3,20:58,Studio,LP
Swans,When Will I Return?,The Glowing Man,Post-Rock; Experimental Rock,2016,USA,320k,mp3,5:26,Studio,LP
Swans,The Glowing Man,The Glowing Man,Post-Rock; Experimental Rock,2016,USA,320k,mp3,28:50,Studio,LP
Swans,"Finally, Peace",The Glowing Man,Post-Rock; Experimental Rock,2016,USA,320k,mp3,6:15,Studio,LP
Swans,In,The Great Annihilator,Post-Punk; Experimental Rock; Gothic Rock,1995,USA,248k VBR,mp3,2:27,Studio,LP
Swans,I Am The Sun,The Great Annihilator,Post-Punk; Experimental Rock; Gothic Rock,1995,USA,248k VBR,mp3,3:23,Studio,LP
Swans,She Lives,The Great Annihilator,Post-Punk; Experimental Rock; Gothic Rock,1995,USA,251k VBR,mp3,7:01,Studio,LP
Swans,Celebrity Lifestyle,The Great Annihilator,Post-Punk; Experimental Rock; Gothic Rock,1995,USA,272k VBR,mp3,4:10,Studio,LP
Swans,Mother/Father,The Great Annihilator,Post-Punk; Experimental Rock; Gothic Rock,1995,USA,272k VBR,mp3,4:07,Studio,LP
Swans,Blood Promise,The Great Annihilator,Post-Punk; Experimental Rock; Gothic Rock,1995,USA,230k VBR,mp3,4:15,Studio,LP
Swans,Mind/Body/Light/Sound,The Great Annihilator,Post-Punk; Experimental Rock; Gothic Rock,1995,USA,256k VBR,mp3,4:52,Studio,LP
Swans,My Buried Child,The Great Annihilator,Post-Punk; Experimental Rock; Gothic Rock,1995,USA,266k VBR,mp3,2:58,Studio,LP
Swans,Warm,The Great Annihilator,Post-Punk; Experimental Rock; Gothic Rock,1995,USA,238k VBR,mp3,4:54,Studio,LP
Swans,Alcohol The Seed,The Great Annihilator,Post-Punk; Experimental Rock; Gothic Rock,1995,USA,276k VBR,mp3,3:29,Studio,LP
Swans,Killing For Company,The Great Annihilator,Post-Punk; Experimental Rock; Gothic Rock,1995,USA,244k VBR,mp3,6:55,Studio,LP
Swans,Mother's Milk,The Great Annihilator,Post-Punk; Experimental Rock; Gothic Rock,1995,USA,228k VBR,mp3,2:26,Studio,LP
Swans,Where Does A Body End?,The Great Annihilator,Post-Punk; Experimental Rock; Gothic Rock,1995,USA,243k VBR,mp3,3:42,Studio,LP
Swans,Telepathy,The Great Annihilator,Post-Punk; Experimental Rock; Gothic Rock,1995,USA,283k VBR,mp3,6:11,Studio,LP
Swans,The Great Annihilator,The Great Annihilator,Post-Punk; Experimental Rock; Gothic Rock,1995,USA,279k VBR,mp3,4:53,Studio,LP
Swans,Out,The Great Annihilator,Post-Punk; Experimental Rock; Gothic Rock,1995,USA,214k VBR,mp3,2:13,Studio,LP
Swans,I Am The Sun (Live at The Flesh Club),The Great Annihilator,Post-Punk; Experimental Rock; Gothic Rock,1995,USA,157k VBR,mp3,5:48,Studio,LP
Mogwai,I'm Jim Morrison I'm Dead,The Hawk Is Howling,Post-Rock,2008,UK; Scotland,192k,mp3,6:48,Studio,LP
Mogwai,Batcat,The Hawk Is Howling,Post-Rock,2008,UK; Scotland,192k,mp3,5:25,Studio,LP
Mogwai,Danphe And The Brain,The Hawk Is Howling,Post-Rock,2008,UK; Scotland,192k,mp3,5:19,Studio,LP
Mogwai,Local Authority,The Hawk Is Howling,Post-Rock,2008,UK; Scotland,192k,mp3,4:16,Studio,LP
Mogwai,The Sun Smells Too Loud,The Hawk Is Howling,Post-Rock,2008,UK; Scotland,192k,mp3,7:00,Studio,LP
Mogwai,Kings Meadow,The Hawk Is Howling,Post-Rock,2008,UK; Scotland,192k,mp3,4:43,Studio,LP
Mogwai,"I Love You, I'm Going To Blow Up Your School",The Hawk Is Howling,Post-Rock,2008,UK; Scotland,192k,mp3,7:35,Studio,LP
Mogwai,Scotland's Shame,The Hawk Is Howling,Post-Rock,2008,UK; Scotland,192k,mp3,8:02,Studio,LP
Mogwai,Thank You Space Expert,The Hawk Is Howling,Post-Rock,2008,UK; Scotland,192k,mp3,7:56,Studio,LP
Triosk,Visions IV,The Headlight Serenade,Contemporary Jazz,2006,Australia,320k,mp3,4:01,Studio,LP
Triosk,Lost Broadcast,The Headlight Serenade,Contemporary Jazz,2006,Australia,320k,mp3,5:20,Studio,LP
Triosk,Lost Reprise,The Headlight Serenade,Contemporary Jazz,2006,Australia,320k,mp3,0:56,Studio,LP
Triosk,Intensives Leben,The Headlight Serenade,Contemporary Jazz,2006,Australia,320k,mp3,6:19,Studio,LP
Triosk,Lazyboat,The Headlight Serenade,Contemporary Jazz,2006,Australia,320k,mp3,10:49,Studio,LP
Triosk,Not to Hurt You,The Headlight Serenade,Contemporary Jazz,2006,Australia,320k,mp3,4:31,Studio,LP
Triosk,Headlights,The Headlight Serenade,Contemporary Jazz,2006,Australia,320k,mp3,5:04,Studio,LP
Triosk,"One, Twenty-Four",The Headlight Serenade,Contemporary Jazz,2006,Australia,320k,mp3,3:12,Studio,LP
Triosk,Vostok,The Headlight Serenade,Contemporary Jazz,2006,Australia,320k,mp3,5:14,Studio,LP
Triosk,Moment Returns,The Headlight Serenade,Contemporary Jazz,2006,Australia,320k,mp3,7:16,Studio,LP
Triosk,Fear Survivor,The Headlight Serenade,Contemporary Jazz,2006,Australia,320k,mp3,3:23,Studio,LP
Triosk,"$ 20,000 Handshake",The Headlight Serenade,Contemporary Jazz,2006,Australia,320k,mp3,5:41,Studio,LP
Triosk,The Great Cities,The Headlight Serenade,Contemporary Jazz,2006,Australia,320k,mp3,9:30,Studio,LP
Triosk,"One, Twenty-Four",The Headlight Serenade,Contemporary Jazz,2006,Australia,320k,mp3,4:08,Studio,LP
Triosk,Lazyboat,The Headlight Serenade,Contemporary Jazz,2006,Australia,320k,mp3,10:02,Studio,LP
Triosk,Autumn Descends,The Headlight Serenade,Contemporary Jazz,2006,Australia,320k,mp3,8:13,Studio,LP
Triosk,Past Life Romantic,The Headlight Serenade,Contemporary Jazz,2006,Australia,320k,mp3,6:14,Studio,LP
Henry Cow,Nirvana For Mice,The Henry Cow Legend,Rock in Opposition; Canterbury Scene,1973,UK; England,320k,mp3,4:56,Studio,LP
Henry Cow,Amygdala,The Henry Cow Legend,Rock in Opposition; Canterbury Scene,1973,UK; England,320k,mp3,6:57,Studio,LP
Henry Cow,Teenbeat Introduction,The Henry Cow Legend,Rock in Opposition; Canterbury Scene,1973,UK; England,320k,mp3,4:32,Studio,LP
Henry Cow,Teenbeat,The Henry Cow Legend,Rock in Opposition; Canterbury Scene,1973,UK; England,320k,mp3,6:47,Studio,LP
Henry Cow,"Extract From ""With The Yellow Half-Moon And Blue Star""",The Henry Cow Legend,Rock in Opposition; Canterbury Scene,1973,UK; England,320k,mp3,3:38,Studio,LP
Henry Cow,Teenbeat Reprise,The Henry Cow Legend,Rock in Opposition; Canterbury Scene,1973,UK; England,320k,mp3,5:04,Studio,LP
Henry Cow,The Tenth Chaffinch,The Henry Cow Legend,Rock in Opposition; Canterbury Scene,1973,UK; England,320k,mp3,6:04,Studio,LP
Henry Cow,Nine Funerals Of The Citizen King,The Henry Cow Legend,Rock in Opposition; Canterbury Scene,1973,UK; England,320k,mp3,5:30,Studio,LP
Howlin' Wolf,Spoonful,The Howlin' Wolf Album,Electric Blues; Chicago Blues; Acid Rock,1968,USA,320k,mp3,3:50,Studio,LP
Howlin' Wolf,Tail Dragger,The Howlin' Wolf Album,Electric Blues; Chicago Blues; Acid Rock,1968,USA,320k,mp3,4:33,Studio,LP
Howlin' Wolf,Smokestack Lightning,The Howlin' Wolf Album,Electric Blues; Chicago Blues; Acid Rock,1968,USA,320k,mp3,3:54,Studio,LP
Howlin' Wolf,Moanin at Midnight,The Howlin' Wolf Album,Electric Blues; Chicago Blues; Acid Rock,1968,USA,320k,mp3,3:12,Studio,LP
Howlin' Wolf,Built for Comfort,The Howlin' Wolf Album,Electric Blues; Chicago Blues; Acid Rock,1968,USA,320k,mp3,5:13,Studio,LP
Howlin' Wolf,The Red Rooster,The Howlin' Wolf Album,Electric Blues; Chicago Blues; Acid Rock,1968,USA,320k,mp3,3:52,Studio,LP
Howlin' Wolf,Evil,The Howlin' Wolf Album,Electric Blues; Chicago Blues; Acid Rock,1968,USA,320k,mp3,4:06,Studio,LP
Howlin' Wolf,Down in the Bottom,The Howlin' Wolf Album,Electric Blues; Chicago Blues; Acid Rock,1968,USA,320k,mp3,2:45,Studio,LP
Howlin' Wolf,Three Hundred Pounds,The Howlin' Wolf Album,Electric Blues; Chicago Blues; Acid Rock,1968,USA,320k,mp3,2:34,Studio,LP
Howlin' Wolf,Back Door Man,The Howlin' Wolf Album,Electric Blues; Chicago Blues; Acid Rock,1968,USA,320k,mp3,6:53,Studio,LP
Wes Montgomery,Airegin,The Incredible Jazz Guitar of Wes Montgomery,Hard Bop,1960,USA,320k,mp3,4:28,Studio,LP
Wes Montgomery,D-Natural Blues,The Incredible Jazz Guitar of Wes Montgomery,Hard Bop,1960,USA,320k,mp3,5:22,Studio,LP
Wes Montgomery,Polka Dots and Moonbeams,The Incredible Jazz Guitar of Wes Montgomery,Hard Bop,1960,USA,320k,mp3,4:42,Studio,LP
Wes Montgomery,Four on Six,The Incredible Jazz Guitar of Wes Montgomery,Hard Bop,1960,USA,320k,mp3,6:15,Studio,LP
Wes Montgomery,West Coast Blues,The Incredible Jazz Guitar of Wes Montgomery,Hard Bop,1960,USA,320k,mp3,7:23,Studio,LP
Wes Montgomery,In Your Own Sweet Way,The Incredible Jazz Guitar of Wes Montgomery,Hard Bop,1960,USA,320k,mp3,4:53,Studio,LP
Wes Montgomery,Mr. Walker,The Incredible Jazz Guitar of Wes Montgomery,Hard Bop,1960,USA,320k,mp3,4:32,Studio,LP
Wes Montgomery,Gone with the Wind,The Incredible Jazz Guitar of Wes Montgomery,Hard Bop,1960,USA,320k,mp3,6:20,Studio,LP
Mahavishnu Orchestra,Meeting of the Spirits,The Inner Mounting Flame,Jazz Fusion; Jazz Rock,1971,USA; UK; England,320k,mp3,6:51,Studio,LP
Mahavishnu Orchestra,Dawn,The Inner Mounting Flame,Jazz Fusion; Jazz Rock,1971,USA; UK; England,320k,mp3,5:11,Studio,LP
Mahavishnu Orchestra,The Noonward Race,The Inner Mounting Flame,Jazz Fusion; Jazz Rock,1971,USA; UK; England,320k,mp3,6:29,Studio,LP
Mahavishnu Orchestra,A Lotus on Irish Streams,The Inner Mounting Flame,Jazz Fusion; Jazz Rock,1971,USA; UK; England,320k,mp3,5:41,Studio,LP
Mahavishnu Orchestra,Vital Transformation,The Inner Mounting Flame,Jazz Fusion; Jazz Rock,1971,USA; UK; England,320k,mp3,6:17,Studio,LP
Mahavishnu Orchestra,The Dance of Maya,The Inner Mounting Flame,Jazz Fusion; Jazz Rock,1971,USA; UK; England,320k,mp3,7:18,Studio,LP
Mahavishnu Orchestra,You Know You Know,The Inner Mounting Flame,Jazz Fusion; Jazz Rock,1971,USA; UK; England,320k,mp3,5:09,Studio,LP
Mahavishnu Orchestra,Awakening,The Inner Mounting Flame,Jazz Fusion; Jazz Rock,1971,USA; UK; England,320k,mp3,3:33,Studio,LP
Radiohead,Momentum (part 1),The Kid A Theory,Art Rock,2007,UK; England,192k,mp3,1:08,Bootleg,LP
Radiohead,Everything in it's right place (Rollmottle mix),The Kid A Theory,Art Rock,2007,UK; England,192k,mp3,5:59,Bootleg,LP
Radiohead,The Kid A theory,The Kid A Theory,Art Rock,2007,UK; England,192k,mp3,4:37,Bootleg,LP
Radiohead,Everyone (The National Anthem),The Kid A Theory,Art Rock,2007,UK; England,192k,mp3,5:17,Bootleg,LP
Radiohead,How to disappear completely and never be found,The Kid A Theory,Art Rock,2007,UK; England,192k,mp3,6:07,Bootleg,LP
Radiohead,Treefingers (extended),The Kid A Theory,Art Rock,2007,UK; England,192k,mp3,4:43,Bootleg,LP
Radiohead,Lost at sea (In limbo),The Kid A Theory,Art Rock,2007,UK; England,192k,mp3,4:13,Bootleg,LP
Radiohead,Mild und leise (Paul Lansky),The Kid A Theory,Art Rock,2007,UK; England,192k,mp3,3:10,Bootleg,LP
Radiohead,Idiotique (Lapetus mix),The Kid A Theory,Art Rock,2007,UK; England,192k,mp3,4:54,Bootleg,LP
Radiohead,Momentum (part 2),The Kid A Theory,Art Rock,2007,UK; England,192k,mp3,1:52,Bootleg,LP
Radiohead,Motion picture soundtrack (acoustic),The Kid A Theory,Art Rock,2007,UK; England,192k,mp3,3:10,Bootleg,LP
Radiohead,Thief,The Kid A Theory,Art Rock,2007,UK; England,192k,mp3,5:18,Bootleg,LP
Radiohead,Lift,The Kid A Theory,Art Rock,2007,UK; England,192k,mp3,3:36,Bootleg,LP
Radiohead,Big boots,The Kid A Theory,Art Rock,2007,UK; England,192k,mp3,4:03,Bootleg,LP
Radiohead,"Big ideas (Nude, acoustic)",The Kid A Theory,Art Rock,2007,UK; England,192k,mp3,4:39,Bootleg,LP
Radiohead,Jonny's techno,The Kid A Theory,Art Rock,2007,UK; England,192k,mp3,3:42,Bootleg,LP
Radiohead,Kid A (early),The Kid A Theory,Art Rock,2007,UK; England,192k,mp3,4:21,Bootleg,LP
Radiohead,Optimistic (early),The Kid A Theory,Art Rock,2007,UK; England,192k,mp3,4:32,Bootleg,LP
Radiohead,Ed's scary song,The Kid A Theory,Art Rock,2007,UK; England,192k,mp3,3:18,Bootleg,LP
Radiohead,Bloom,The King of Limbs,Electronic; Experimental Rock; Neo-Psychedelia,2011,UK; England,320k VBR,m4a,5:14,Studio,LP
Radiohead,Morning Mr Magpie,The King of Limbs,Electronic; Experimental Rock; Neo-Psychedelia,2011,UK; England,320k VBR,m4a,4:40,Studio,LP
Radiohead,Little by Little,The King of Limbs,Electronic; Experimental Rock; Neo-Psychedelia,2011,UK; England,320k VBR,m4a,4:27,Studio,LP
Radiohead,Feral,The King of Limbs,Electronic; Experimental Rock; Neo-Psychedelia,2011,UK; England,320k VBR,m4a,3:12,Studio,LP
Radiohead,Lotus Flower,The King of Limbs,Electronic; Experimental Rock; Neo-Psychedelia,2011,UK; England,320k VBR,m4a,5:00,Studio,LP
Radiohead,Codex,The King of Limbs,Electronic; Experimental Rock; Neo-Psychedelia,2011,UK; England,320k VBR,m4a,4:46,Studio,LP
Radiohead,Give up the Ghost,The King of Limbs,Electronic; Experimental Rock; Neo-Psychedelia,2011,UK; England,320k VBR,m4a,4:50,Studio,LP
Radiohead,Separator,The King of Limbs,Electronic; Experimental Rock; Neo-Psychedelia,2011,UK; England,320k VBR,m4a,5:20,Studio,LP
Radiohead,Bloom,The King of Limbs: Live from the Basement,Art Rock,2011,UK; England,649k,flac,6:23,Live,LP
Radiohead,The Daily Mail,The King of Limbs: Live from the Basement,Art Rock,2011,UK; England,480k,flac,4:09,Live,LP
Radiohead,Feral,The King of Limbs: Live from the Basement,Art Rock,2011,UK; England,625k,flac,3:26,Live,LP
Radiohead,Little by Little,The King of Limbs: Live from the Basement,Art Rock,2011,UK; England,665k,flac,5:15,Live,LP
Radiohead,Codex,The King of Limbs: Live from the Basement,Art Rock,2011,UK; England,445k,flac,5:22,Live,LP
Radiohead,Separator,The King of Limbs: Live from the Basement,Art Rock,2011,UK; England,585k,flac,6:33,Live,LP
Radiohead,Lotus Flower,The King of Limbs: Live from the Basement,Art Rock,2011,UK; England,693k,flac,5:30,Live,LP
Radiohead,Staircase,The King of Limbs: Live from the Basement,Art Rock,2011,UK; England,763k,flac,5:12,Live,LP
Radiohead,Morning Mr. Magpie,The King of Limbs: Live from the Basement,Art Rock,2011,UK; England,617k,flac,5:37,Live,LP
Radiohead,Give up the Ghost,The King of Limbs: Live from the Basement,Art Rock,2011,UK; England,514k,flac,5:27,Live,LP
Radiohead,Supercollider (Bonus Track),The King of Limbs: Live from the Basement,Art Rock,2011,UK; England,639k,flac,5:39,Live,LP
Sprain,"Man Proposes, God Disposes",The Lamb As Effigy,Experimental Rock; Noise Rock; Post-Rock,2023,USA,966k,flac,7:09,Studio,LP
Sprain,Reiterations,The Lamb As Effigy,Experimental Rock; Noise Rock; Post-Rock,2023,USA,980k,flac,6:42,Studio,LP
Sprain,Privilege of Being,The Lamb As Effigy,Experimental Rock; Noise Rock; Post-Rock,2023,USA,847k,flac,5:28,Studio,LP
Sprain,Margin for Error,The Lamb As Effigy,Experimental Rock; Noise Rock; Post-Rock,2023,USA,963k,flac,24:36,Studio,LP
Sprain,The Commercial Nude,The Lamb As Effigy,Experimental Rock; Noise Rock; Post-Rock,2023,USA,803k,flac,10:54,Studio,LP
Sprain,The Reclining Nude,The Lamb As Effigy,Experimental Rock; Noise Rock; Post-Rock,2023,USA,702k,flac,12:56,Studio,LP
Sprain,We Think So Ill of You,The Lamb As Effigy,Experimental Rock; Noise Rock; Post-Rock,2023,USA,986k,flac,4:15,Studio,LP
Sprain,"God, or Whatever You Call It",The Lamb As Effigy,Experimental Rock; Noise Rock; Post-Rock,2023,USA,669k,flac,24:38,Studio,LP
The Books,The Lemon of Pink,The Lemon of Pink,Alternative Rock,2003,USA; Netherlands,320k,mp3,4:40,Studio,LP
The Books,The Lemon of Pink,The Lemon of Pink,Alternative Rock,2003,USA; Netherlands,320k,mp3,1:35,Studio,LP
The Books,Tokyo,The Lemon of Pink,Alternative Rock,2003,USA; Netherlands,320k,mp3,3:43,Studio,LP
The Books,Bonanza,The Lemon of Pink,Alternative Rock,2003,USA; Netherlands,320k,mp3,0:52,Studio,LP
The Books,S Is for Evrysing,The Lemon of Pink,Alternative Rock,2003,USA; Netherlands,320k,mp3,3:32,Studio,LP
The Books,Explanation Mark,The Lemon of Pink,Alternative Rock,2003,USA; Netherlands,320k,mp3,0:19,Studio,LP
The Books,There Is No There,The Lemon of Pink,Alternative Rock,2003,USA; Netherlands,320k,mp3,3:36,Studio,LP
The Books,Take Time,The Lemon of Pink,Alternative Rock,2003,USA; Netherlands,320k,mp3,3:36,Studio,LP
The Books,Don't Even Sing About It,The Lemon of Pink,Alternative Rock,2003,USA; Netherlands,320k,mp3,4:09,Studio,LP
The Books,"The Future, Wouldn't That Be Nice?",The Lemon of Pink,Alternative Rock,2003,USA; Netherlands,320k,mp3,3:15,Studio,LP
The Books,A True Story of a Story of True Love,The Lemon of Pink,Alternative Rock,2003,USA; Netherlands,320k,mp3,4:25,Studio,LP
The Books,That Right Ain't Shit,The Lemon of Pink,Alternative Rock,2003,USA; Netherlands,320k,mp3,2:48,Studio,LP
The Books,PS,The Lemon of Pink,Alternative Rock,2003,USA; Netherlands,320k,mp3,0:55,Studio,LP
Modest Mouse,Teeth Like God’s Shoeshine,The Lonesome Crowded West,Indie Rock,1997,USA,192k,mp3,6:53,Studio,LP
Modest Mouse,Heart Cooks Brain,The Lonesome Crowded West,Indie Rock,1997,USA,192k,mp3,4:03,Studio,LP
Modest Mouse,Convenient Parking,The Lonesome Crowded West,Indie Rock,1997,USA,192k,mp3,4:08,Studio,LP
Modest Mouse,Lounge (Closing Time),The Lonesome Crowded West,Indie Rock,1997,USA,192k,mp3,7:03,Studio,LP
Modest Mouse,Jesus Christ Was an Only Child,The Lonesome Crowded West,Indie Rock,1997,USA,192k,mp3,2:36,Studio,LP
Modest Mouse,Doin’ the Cockroach,The Lonesome Crowded West,Indie Rock,1997,USA,192k,mp3,4:18,Studio,LP
Modest Mouse,Cowboy Dan,The Lonesome Crowded West,Indie Rock,1997,USA,192k,mp3,6:14,Studio,LP
Modest Mouse,Trailer Trash,The Lonesome Crowded West,Indie Rock,1997,USA,192k,mp3,5:49,Studio,LP
Modest Mouse,Out of Gas,The Lonesome Crowded West,Indie Rock,1997,USA,192k,mp3,2:31,Studio,LP
Modest Mouse,Long Distance Drunk,The Lonesome Crowded West,Indie Rock,1997,USA,192k,mp3,3:42,Studio,LP
Modest Mouse,Shit Luck,The Lonesome Crowded West,Indie Rock,1997,USA,192k,mp3,2:22,Studio,LP
Modest Mouse,Truckers Atlas,The Lonesome Crowded West,Indie Rock,1997,USA,192k,mp3,10:57,Studio,LP
Modest Mouse,Polar Opposites,The Lonesome Crowded West,Indie Rock,1997,USA,192k,mp3,3:30,Studio,LP
Modest Mouse,Bankrupt on Selling,The Lonesome Crowded West,Indie Rock,1997,USA,192k,mp3,2:53,Studio,LP
Modest Mouse,"Styrofoam Boots / It’s All Nice on Ice, Alright",The Lonesome Crowded West,Indie Rock,1997,USA,192k,mp3,6:53,Studio,LP
Can,Millionenspiel,The Lost Tapes,Krautrock,2012,Germany,261k VBR,mp3,5:49,Studio,LP
Can,Waiting for the Streetcar,The Lost Tapes,Krautrock,2012,Germany,279k VBR,mp3,10:08,Studio,LP
Can,Evening All Day,The Lost Tapes,Krautrock,2012,Germany,258k VBR,mp3,6:57,Studio,LP
Can,Deadly Doris,The Lost Tapes,Krautrock,2012,Germany,277k VBR,mp3,3:10,Studio,LP
Can,Graublau,The Lost Tapes,Krautrock,2012,Germany,284k VBR,mp3,16:46,Studio,LP
Can,When Darkness Comes,The Lost Tapes,Krautrock,2012,Germany,255k VBR,mp3,3:47,Studio,LP
Can,Blind Mirror Surf,The Lost Tapes,Krautrock,2012,Germany,259k VBR,mp3,8:39,Studio,LP
Can,Oscura Primavera,The Lost Tapes,Krautrock,2012,Germany,255k VBR,mp3,3:19,Studio,LP
Can,Bubble Rap,The Lost Tapes,Krautrock,2012,Germany,257k VBR,mp3,9:23,Studio,LP
Can,Your Friendly Neighbourhood Whore,The Lost Tapes,Krautrock,2012,Germany,255k VBR,mp3,3:42,Studio,LP
Can,True Story,The Lost Tapes,Krautrock,2012,Germany,254k VBR,mp3,4:30,Studio,LP
Can,The Agreement,The Lost Tapes,Krautrock,2012,Germany,270k VBR,mp3,0:36,Studio,LP
Can,Midnight Sky,The Lost Tapes,Krautrock,2012,Germany,292k VBR,mp3,2:44,Studio,LP
Can,Desert,The Lost Tapes,Krautrock,2012,Germany,253k VBR,mp3,3:19,Studio,LP
Can,Spoon (Live),The Lost Tapes,Krautrock,2012,Germany,257k VBR,mp3,16:46,Studio,LP
Can,Dead Pigeon Suite,The Lost Tapes,Krautrock,2012,Germany,264k VBR,mp3,11:46,Studio,LP
Can,Abra Cada Braxas,The Lost Tapes,Krautrock,2012,Germany,258k VBR,mp3,10:12,Studio,LP
Can,A Swan Is Born,The Lost Tapes,Krautrock,2012,Germany,282k VBR,mp3,3:00,Studio,LP
Can,The Loop,The Lost Tapes,Krautrock,2012,Germany,267k VBR,mp3,2:33,Studio,LP
Can,Godzilla Fragment,The Lost Tapes,Krautrock,2012,Germany,296k VBR,mp3,1:59,Studio,LP
Can,On the Way to Mother Sky,The Lost Tapes,Krautrock,2012,Germany,279k VBR,mp3,4:35,Studio,LP
Can,Midnight Men,The Lost Tapes,Krautrock,2012,Germany,259k VBR,mp3,7:35,Studio,LP
Can,Networks of Foam,The Lost Tapes,Krautrock,2012,Germany,267k VBR,mp3,12:36,Studio,LP
Can,"Messer, Scissors, Fork and Light",The Lost Tapes,Krautrock,2012,Germany,260k VBR,mp3,8:23,Studio,LP
Can,Barnacles,The Lost Tapes,Krautrock,2012,Germany,255k VBR,mp3,7:46,Studio,LP
Can,E.F.S. 108,The Lost Tapes,Krautrock,2012,Germany,255k VBR,mp3,2:07,Studio,LP
Can,Private Nocturnal,The Lost Tapes,Krautrock,2012,Germany,256k VBR,mp3,6:49,Studio,LP
Can,Alice,The Lost Tapes,Krautrock,2012,Germany,253k VBR,mp3,1:56,Studio,LP
Can,Mushroom (Live),The Lost Tapes,Krautrock,2012,Germany,255k VBR,mp3,8:18,Studio,LP
Can,One More Saturday Night (Live),The Lost Tapes,Krautrock,2012,Germany,256k VBR,mp3,6:34,Studio,LP
Modest Mouse,3rd Planet,The Moon & Antarctica,Alternative Rock,2000,USA,245k VBR,mp3,3:59,Studio,LP
Modest Mouse,Gravity Rides Everything,The Moon & Antarctica,Alternative Rock,2004,USA,239k VBR,mp3,4:19,Studio,LP
Modest Mouse,Dark Center of the Universe,The Moon & Antarctica,Alternative Rock,2004,USA,205k VBR,mp3,5:03,Studio,LP
Modest Mouse,Perfect Disguise,The Moon & Antarctica,Alternative Rock,2004,USA,228k VBR,mp3,2:41,Studio,LP
Modest Mouse,Tiny Cities Made of Ashes,The Moon & Antarctica,Alternative Rock,2004,USA,236k VBR,mp3,3:41,Studio,LP
Modest Mouse,A Different City,The Moon & Antarctica,Alternative Rock,2004,USA,238k VBR,mp3,3:07,Studio,LP
Modest Mouse,The Cold Part,The Moon & Antarctica,Alternative Rock,2004,USA,230k VBR,mp3,5:00,Studio,LP
Modest Mouse,Alone Down There,The Moon & Antarctica,Alternative Rock,2004,USA,232k VBR,mp3,2:22,Studio,LP
Modest Mouse,The Stars Are Projectors,The Moon & Antarctica,Alternative Rock,2004,USA,234k VBR,mp3,8:46,Studio,LP
Modest Mouse,Wild Packs of Family Dogs,The Moon & Antarctica,Alternative Rock,2004,USA,212k VBR,mp3,1:46,Studio,LP
Modest Mouse,Paper Thin Walls,The Moon & Antarctica,Alternative Rock,2004,USA,215k VBR,mp3,3:02,Studio,LP
Modest Mouse,I Came as a Rat,The Moon & Antarctica,Alternative Rock,2004,USA,241k VBR,mp3,3:48,Studio,LP
Modest Mouse,Lives,The Moon & Antarctica,Alternative Rock,2004,USA,239k VBR,mp3,3:18,Studio,LP
Modest Mouse,Life Like Weeds,The Moon & Antarctica,Alternative Rock,2004,USA,227k VBR,mp3,6:30,Studio,LP
Modest Mouse,What People Are Made of,The Moon & Antarctica,Alternative Rock,2004,USA,202k VBR,mp3,2:25,Studio,LP
Talking Heads,New Feeling,The Name of This Band Is Talking Heads,Art Punk,1985,USA,251k VBR,mp3,3:09,Live,LP
Talking Heads,A Clean Break (Let’s Work),The Name of This Band Is Talking Heads,Art Punk,1985,USA,256k VBR,mp3,5:05,Live,LP
Talking Heads,Don’t Worry About the Government,The Name of This Band Is Talking Heads,Art Punk,1985,USA,262k VBR,mp3,3:03,Live,LP
Talking Heads,Pulled Up,The Name of This Band Is Talking Heads,Art Punk,1985,USA,261k VBR,mp3,4:04,Live,LP
Talking Heads,Psycho Killer,The Name of This Band Is Talking Heads,Art Punk,1985,USA,258k VBR,mp3,5:31,Live,LP
Talking Heads,Who Is It?,The Name of This Band Is Talking Heads,Art Punk,1985,USA,261k VBR,mp3,1:44,Live,LP
Talking Heads,The Book I Read,The Name of This Band Is Talking Heads,Art Punk,1985,USA,254k VBR,mp3,4:22,Live,LP
Talking Heads,The Big Country,The Name of This Band Is Talking Heads,Art Punk,1985,USA,255k VBR,mp3,5:09,Live,LP
Talking Heads,I’m Not in Love,The Name of This Band Is Talking Heads,Art Punk,1985,USA,278k VBR,mp3,4:57,Live,LP
Talking Heads,The Girls Want to Be With the Girls,The Name of This Band Is Talking Heads,Art Punk,1985,USA,261k VBR,mp3,3:44,Live,LP
Talking Heads,Electricity (Drugs),The Name of This Band Is Talking Heads,Art Punk,1985,USA,262k VBR,mp3,3:28,Live,LP
Talking Heads,Found a Job,The Name of This Band Is Talking Heads,Art Punk,1985,USA,260k VBR,mp3,5:35,Live,LP
Talking Heads,Mind,The Name of This Band Is Talking Heads,Art Punk,1985,USA,264k VBR,mp3,4:55,Live,LP
Talking Heads,Artists Only,The Name of This Band Is Talking Heads,Art Punk,1985,USA,254k VBR,mp3,3:49,Live,LP
Talking Heads,Stay Hungry,The Name of This Band Is Talking Heads,Art Punk,1985,USA,273k VBR,mp3,4:05,Live,LP
Talking Heads,Air,The Name of This Band Is Talking Heads,Art Punk,1985,USA,304k VBR,mp3,4:01,Live,LP
Talking Heads,Love → Building on Fire,The Name of This Band Is Talking Heads,Art Punk,1985,USA,254k VBR,mp3,3:46,Live,LP
Talking Heads,Memories (Can’t Wait),The Name of This Band Is Talking Heads,Art Punk,1985,USA,257k VBR,mp3,3:44,Live,LP
Talking Heads,Heaven,The Name of This Band Is Talking Heads,Art Punk,1985,USA,275k VBR,mp3,4:31,Live,LP
Talking Heads,Psycho Killer,The Name of This Band Is Talking Heads,Art Punk,1985,USA,284k VBR,mp3,5:33,Live,LP
Talking Heads,Warning Sign,The Name of This Band Is Talking Heads,Art Punk,1985,USA,290k VBR,mp3,5:39,Live,LP
Talking Heads,Stay Hungry,The Name of This Band Is Talking Heads,Art Punk,1985,USA,298k VBR,mp3,3:56,Live,LP
Talking Heads,Cities,The Name of This Band Is Talking Heads,Art Punk,1985,USA,291k VBR,mp3,5:00,Live,LP
Talking Heads,I Zimbra,The Name of This Band Is Talking Heads,Art Punk,1985,USA,222k VBR,mp3,3:30,Live,LP
Talking Heads,Drugs (Electricity),The Name of This Band Is Talking Heads,Art Punk,1985,USA,260k VBR,mp3,4:41,Live,LP
Talking Heads,Once in a Lifetime,The Name of This Band Is Talking Heads,Art Punk,1985,USA,277k VBR,mp3,5:57,Live,LP
Talking Heads,Animals,The Name of This Band Is Talking Heads,Art Punk,1985,USA,251k VBR,mp3,4:05,Live,LP
Talking Heads,Houses in Motion,The Name of This Band Is Talking Heads,Art Punk,1985,USA,289k VBR,mp3,6:54,Live,LP
Talking Heads,Born Under Punches (The Heat Goes On),The Name of This Band Is Talking Heads,Art Punk,1985,USA,267k VBR,mp3,8:24,Live,LP
Talking Heads,Crosseyed and Painless,The Name of This Band Is Talking Heads,Art Punk,1985,USA,271k VBR,mp3,5:58,Live,LP
Talking Heads,Life During Wartime,The Name of This Band Is Talking Heads,Art Punk,1985,USA,286k VBR,mp3,4:54,Live,LP
Talking Heads,Take Me to the River,The Name of This Band Is Talking Heads,Art Punk,1985,USA,248k VBR,mp3,6:33,Live,LP
Talking Heads,The Great Curve,The Name of This Band Is Talking Heads,Art Punk,1985,USA,252k VBR,mp3,6:42,Live,LP
Oxbow,Mr. Johnson,The Narcotic Story,Experimental Rock,2007,USA,195k VBR,mp3,0:42,Studio,LP
Oxbow,The Geometry of Business,The Narcotic Story,Experimental Rock,2007,USA,205k VBR,mp3,4:11,Studio,LP
Oxbow,"Time, Gentlemen, Time",The Narcotic Story,Experimental Rock,2007,USA,204k VBR,mp3,4:52,Studio,LP
Oxbow,Down a Stair Backward,The Narcotic Story,Experimental Rock,2007,USA,207k VBR,mp3,5:00,Studio,LP
Oxbow,She’s a Find,The Narcotic Story,Experimental Rock,2007,USA,191k VBR,mp3,8:47,Studio,LP
Oxbow,Frankly Frank,The Narcotic Story,Experimental Rock,2007,USA,210k VBR,mp3,4:46,Studio,LP
Oxbow,A Winner Every Time,The Narcotic Story,Experimental Rock,2007,USA,227k VBR,mp3,4:52,Studio,LP
Oxbow,Frank’s Frolic,The Narcotic Story,Experimental Rock,2007,USA,217k VBR,mp3,6:24,Studio,LP
Oxbow,"It’s the Giving, Not the Taking",The Narcotic Story,Experimental Rock,2007,USA,200k VBR,mp3,6:01,Studio,LP
The Strokes,The Adults Are Talking,The New Abnormal,Indie Rock,2020,USA,2979k,flac,5:09,Studio,LP
The Strokes,Selfless,The New Abnormal,Indie Rock,2020,USA,2955k,flac,3:42,Studio,LP
The Strokes,Brooklyn Bridge To Chorus,The New Abnormal,Indie Rock,2020,USA,3182k,flac,3:55,Studio,LP
The Strokes,Bad Decisions,The New Abnormal,Indie Rock,2020,USA,3099k,flac,4:53,Studio,LP
The Strokes,Eternal Summer,The New Abnormal,Indie Rock,2020,USA,3190k,flac,6:15,Studio,LP
The Strokes,At The Door,The New Abnormal,Indie Rock,2020,USA,2680k,flac,5:10,Studio,LP
The Strokes,Why Are Sundays So Depressing,The New Abnormal,Indie Rock,2020,USA,3069k,flac,4:35,Studio,LP
The Strokes,Not The Same Anymore,The New Abnormal,Indie Rock,2020,USA,2917k,flac,5:37,Studio,LP
The Strokes,Ode To The Mets,The New Abnormal,Indie Rock,2020,USA,2802k,flac,5:51,Studio,LP
Geordie Greep,Blues,The New Sound,Jazz Rock; Progressive Rock; Art Rock,2024,UK; England,1000k,flac,5:42,Studio,LP
Geordie Greep,Terra,The New Sound,Jazz Rock; Progressive Rock; Art Rock,2024,UK; England,995k,flac,4:18,Studio,LP
Geordie Greep,"Holy, Holy",The New Sound,Jazz Rock; Progressive Rock; Art Rock,2024,UK; England,1016k,flac,6:03,Studio,LP
Geordie Greep,The New Sound,The New Sound,Jazz Rock; Progressive Rock; Art Rock,2024,UK; England,995k,flac,4:47,Studio,LP
Geordie Greep,Walk Up,The New Sound,Jazz Rock; Progressive Rock; Art Rock,2024,UK; England,918k,flac,4:25,Studio,LP
Geordie Greep,Through a War,The New Sound,Jazz Rock; Progressive Rock; Art Rock,2024,UK; England,992k,flac,5:44,Studio,LP
Geordie Greep,Bongo Season,The New Sound,Jazz Rock; Progressive Rock; Art Rock,2024,UK; England,912k,flac,2:35,Studio,LP
Geordie Greep,Motorbike,The New Sound,Jazz Rock; Progressive Rock; Art Rock,2024,UK; England,994k,flac,6:01,Studio,LP
Geordie Greep,As if Waltz,The New Sound,Jazz Rock; Progressive Rock; Art Rock,2024,UK; England,902k,flac,7:53,Studio,LP
Geordie Greep,The Magician,The New Sound,Jazz Rock; Progressive Rock; Art Rock,2024,UK; England,920k,flac,12:20,Studio,LP
Geordie Greep,If You Are But a Dream,The New Sound,Jazz Rock; Progressive Rock; Art Rock,2024,UK; England,682k,flac,3:07,Studio,LP
John Coltrane,Introduction,The Olatunji Concert: The Last Live Recording,Free Jazz,2001,USA,236k VBR,mp3,0:32,Live,LP
John Coltrane,Ogunde,The Olatunji Concert: The Last Live Recording,Free Jazz,2001,USA,302k VBR,mp3,28:35,Live,LP
John Coltrane,My Favorite Things,The Olatunji Concert: The Last Live Recording,Free Jazz,2001,USA,278k VBR,mp3,34:36,Live,LP
Sigur Rós,Untitled,The Peel Sessions (26-09-2000),Post-Rock,2000,Iceland,128k,mp3,9:17,Live,EP
Sigur Rós,Untitled,The Peel Sessions (26-09-2000),Post-Rock,2000,Iceland,128k,mp3,5:33,Live,EP
Sigur Rós,Cold,The Peel Sessions (26-09-2000),Post-Rock,2000,Iceland,128k,mp3,5:59,Live,EP
Pink Floyd,Astronomy Domine,The Piper At The Gates Of Dawn,Psychedelic Rock,1967,UK; England,128k,mp3,4:09,Studio,LP
Pink Floyd,Lucifer Sam,The Piper At The Gates Of Dawn,Psychedelic Rock,1967,UK; England,128k,mp3,3:04,Studio,LP
Pink Floyd,Matilda Mother,The Piper At The Gates Of Dawn,Psychedelic Rock,1967,UK; England,128k,mp3,3:04,Studio,LP
Pink Floyd,Flaming,The Piper At The Gates Of Dawn,Psychedelic Rock,1967,UK; England,128k,mp3,2:43,Studio,LP
Pink Floyd,Pow R. Toc H.,The Piper At The Gates Of Dawn,Psychedelic Rock,1967,UK; England,128k,mp3,4:23,Studio,LP
Pink Floyd,Take Up Thy Stethoscope And Walk,The Piper At The Gates Of Dawn,Psychedelic Rock,1967,UK; England,128k,mp3,3:03,Studio,LP
Pink Floyd,Interstellar Overdrive,The Piper At The Gates Of Dawn,Psychedelic Rock,1967,UK; England,128k,mp3,9:41,Studio,LP
Pink Floyd,The Gnome,The Piper At The Gates Of Dawn,Psychedelic Rock,1967,UK; England,128k,mp3,2:11,Studio,LP
Pink Floyd,Chapter 24,The Piper At The Gates Of Dawn,Psychedelic Rock,1967,UK; England,128k,mp3,3:34,Studio,LP
Pink Floyd,The Scarecrow,The Piper At The Gates Of Dawn,Psychedelic Rock,1967,UK; England,128k,mp3,2:04,Studio,LP
Pink Floyd,Bike,The Piper At The Gates Of Dawn,Psychedelic Rock,1967,UK; England,128k,mp3,3:21,Studio,LP
Death Grips,Up My Sleeves,The Powers That B,Alternative Rock,2015,USA,320k,mp3,5:17,Studio,LP
Death Grips,Billy Not Really,The Powers That B,Alternative Rock,2015,USA,320k,mp3,3:48,Studio,LP
Death Grips,Black Quarterback,The Powers That B,Alternative Rock,2015,USA,320k,mp3,2:59,Studio,LP
Death Grips,Say Hey Kid,The Powers That B,Alternative Rock,2015,USA,320k,mp3,3:27,Studio,LP
Death Grips,Have a Sad Cum BB,The Powers That B,Alternative Rock,2015,USA,320k,mp3,3:39,Studio,LP
Death Grips,Fuck Me Out,The Powers That B,Alternative Rock,2015,USA,320k,mp3,3:20,Studio,LP
Death Grips,Voila,The Powers That B,Alternative Rock,2015,USA,320k,mp3,3:28,Studio,LP
Death Grips,Big Dipper,The Powers That B,Alternative Rock,2015,USA,320k,mp3,5:27,Studio,LP
The Smiths,The Queen Is Dead,The Queen Is Dead,Jangle Pop; Indie Pop,1986,UK; England,320k,mp3,6:24,Studio,LP
The Smiths,"Frankly, Mr. Shankly",The Queen Is Dead,Jangle Pop; Indie Pop,1986,UK; England,320k,mp3,2:19,Studio,LP
The Smiths,I Know It’s Over,The Queen Is Dead,Jangle Pop; Indie Pop,1986,UK; England,320k,mp3,5:49,Studio,LP
The Smiths,Never Had No One Ever,The Queen Is Dead,Jangle Pop; Indie Pop,1986,UK; England,320k,mp3,3:37,Studio,LP
The Smiths,Cemetry Gates,The Queen Is Dead,Jangle Pop; Indie Pop,1986,UK; England,320k,mp3,2:41,Studio,LP
The Smiths,Bigmouth Strikes Again,The Queen Is Dead,Jangle Pop; Indie Pop,1986,UK; England,320k,mp3,3:14,Studio,LP
The Smiths,The Boy With the Thorn in His Side,The Queen Is Dead,Jangle Pop; Indie Pop,1986,UK; England,320k,mp3,3:17,Studio,LP
The Smiths,Vicar in a Tutu,The Queen Is Dead,Jangle Pop; Indie Pop,1986,UK; England,320k,mp3,2:22,Studio,LP
The Smiths,There Is a Light That Never Goes Out,The Queen Is Dead,Jangle Pop; Indie Pop,1986,UK; England,320k,mp3,4:03,Studio,LP
The Smiths,Some Girls Are Bigger Than Others,The Queen Is Dead,Jangle Pop; Indie Pop,1986,UK; England,320k,mp3,3:17,Studio,LP
The Raincoats,Fairytale In The Supermarket,The Raincoats,Post-Punk; Art Punk,1979,UK; England,320k,mp3,3:00,Studio,LP
The Raincoats,No Side To Fall In,The Raincoats,Post-Punk; Art Punk,1979,UK; England,320k,mp3,1:49,Studio,LP
The Raincoats,Adventures Close To Home,The Raincoats,Post-Punk; Art Punk,1979,UK; England,320k,mp3,1:53,Studio,LP
The Raincoats,Off Duty Trip,The Raincoats,Post-Punk; Art Punk,1979,UK; England,320k,mp3,3:15,Studio,LP
The Raincoats,Black And White,The Raincoats,Post-Punk; Art Punk,1979,UK; England,320k,mp3,2:29,Studio,LP
The Raincoats,Lola,The Raincoats,Post-Punk; Art Punk,1979,UK; England,320k,mp3,4:03,Studio,LP
The Raincoats,The Void,The Raincoats,Post-Punk; Art Punk,1979,UK; England,320k,mp3,3:52,Studio,LP
The Raincoats,Life On The Line,The Raincoats,Post-Punk; Art Punk,1979,UK; England,320k,mp3,4:22,Studio,LP
The Raincoats,You're A Million,The Raincoats,Post-Punk; Art Punk,1979,UK; England,320k,mp3,3:54,Studio,LP
The Raincoats,In Love,The Raincoats,Post-Punk; Art Punk,1979,UK; England,320k,mp3,2:16,Studio,LP
The Raincoats,No Looking,The Raincoats,Post-Punk; Art Punk,1979,UK; England,320k,mp3,3:53,Studio,LP
Igor Stravinsky,Introduction,The Rite Of Spring,Modern Classical; Ballet,1958,Russia,320k,mp3,3:37,Studio,LP
Igor Stravinsky,Augurs of Spring,The Rite Of Spring,Modern Classical; Ballet,1958,Russia,320k,mp3,3:31,Studio,LP
Igor Stravinsky,Ritual of Abduction,The Rite Of Spring,Modern Classical; Ballet,1958,Russia,320k,mp3,1:18,Studio,LP
Igor Stravinsky,Spring Rounds,The Rite Of Spring,Modern Classical; Ballet,1958,Russia,320k,mp3,3:56,Studio,LP
Igor Stravinsky,Ritual of the Rival Tribes,The Rite Of Spring,Modern Classical; Ballet,1958,Russia,320k,mp3,1:51,Studio,LP
Igor Stravinsky,Procession of the Sage,The Rite Of Spring,Modern Classical; Ballet,1958,Russia,320k,mp3,0:46,Studio,LP
Igor Stravinsky,Adoration of the Earth,The Rite Of Spring,Modern Classical; Ballet,1958,Russia,320k,mp3,0:35,Studio,LP
Igor Stravinsky,Dance of the Earth,The Rite Of Spring,Modern Classical; Ballet,1958,Russia,320k,mp3,1:08,Studio,LP
Igor Stravinsky,Introduction,The Rite Of Spring,Modern Classical; Ballet,1958,Russia,320k,mp3,4:26,Studio,LP
Igor Stravinsky,Mystic Circles of the Young Girls,The Rite Of Spring,Modern Classical; Ballet,1958,Russia,320k,mp3,3:37,Studio,LP
Igor Stravinsky,Glorification of the Chosen One,The Rite Of Spring,Modern Classical; Ballet,1958,Russia,320k,mp3,1:51,Studio,LP
Igor Stravinsky,Evocation of the Ancestors,The Rite Of Spring,Modern Classical; Ballet,1958,Russia,320k,mp3,0:45,Studio,LP
Igor Stravinsky,Ritual Action of the Ancestors,The Rite Of Spring,Modern Classical; Ballet,1958,Russia,320k,mp3,3:54,Studio,LP
Igor Stravinsky,Sacrificial Dance,The Rite Of Spring,Modern Classical; Ballet,1958,Russia,320k,mp3,5:03,Studio,LP
The Rolling Stones,Mick Jagger’s Introduction of Rock and Roll Circus,The Rolling Stones Rock and Roll Circus,Hard Rock; Blues Rock,1968,UK; England,320k,mp3,0:26,Live,LP
The Rolling Stones,Entry of the Gladiators,The Rolling Stones Rock and Roll Circus,Hard Rock; Blues Rock,1968,UK; England,320k,mp3,0:56,Live,LP
The Rolling Stones,Mick Jagger’s Introduction of Jethro Tull,The Rolling Stones Rock and Roll Circus,Hard Rock; Blues Rock,1968,UK; England,320k,mp3,0:09,Live,LP
The Rolling Stones,Song for Jeffrey,The Rolling Stones Rock and Roll Circus,Hard Rock; Blues Rock,1968,UK; England,320k,mp3,3:24,Live,LP
The Rolling Stones,Keith Richards’ Introduction of The Who,The Rolling Stones Rock and Roll Circus,Hard Rock; Blues Rock,1968,UK; England,320k,mp3,0:07,Live,LP
The Rolling Stones,A Quick One While He’s Away,The Rolling Stones Rock and Roll Circus,Hard Rock; Blues Rock,1968,UK; England,320k,mp3,7:32,Live,LP
The Rolling Stones,Over the Waves,The Rolling Stones Rock and Roll Circus,Hard Rock; Blues Rock,1968,UK; England,320k,mp3,0:44,Live,LP
The Rolling Stones,Ain’t That a Lot of Love?,The Rolling Stones Rock and Roll Circus,Hard Rock; Blues Rock,1968,UK; England,320k,mp3,3:49,Live,LP
The Rolling Stones,Charlie Watts’ Introduction of Marianne Faithfull,The Rolling Stones Rock and Roll Circus,Hard Rock; Blues Rock,1968,UK; England,320k,mp3,0:05,Live,LP
The Rolling Stones,Something Better,The Rolling Stones Rock and Roll Circus,Hard Rock; Blues Rock,1968,UK; England,320k,mp3,2:31,Live,LP
The Rolling Stones,Mick Jagger’s and John Lennon’s Introduction of The Dirty Mac,The Rolling Stones Rock and Roll Circus,Hard Rock; Blues Rock,1968,UK; England,320k,mp3,1:03,Live,LP
The Rolling Stones,Yer Blues,The Rolling Stones Rock and Roll Circus,Hard Rock; Blues Rock,1968,UK; England,320k,mp3,4:27,Live,LP
The Rolling Stones,Whole Lotta Yoko,The Rolling Stones Rock and Roll Circus,Hard Rock; Blues Rock,1968,UK; England,320k,mp3,4:50,Live,LP
The Rolling Stones,John Lennon’s Introduction of The Rolling Stones,The Rolling Stones Rock and Roll Circus,Hard Rock; Blues Rock,1968,UK; England,320k,mp3,0:02,Live,LP
The Rolling Stones,Jumpin' Jack Flash,The Rolling Stones Rock and Roll Circus,Hard Rock; Blues Rock,1968,UK; England,320k,mp3,3:32,Live,LP
The Rolling Stones,Parachute Woman,The Rolling Stones Rock and Roll Circus,Hard Rock; Blues Rock,1968,UK; England,320k,mp3,2:58,Live,LP
The Rolling Stones,No Expectations,The Rolling Stones Rock and Roll Circus,Hard Rock; Blues Rock,1968,UK; England,320k,mp3,4:13,Live,LP
The Rolling Stones,You Can’t Always Get What You Want,The Rolling Stones Rock and Roll Circus,Hard Rock; Blues Rock,1968,UK; England,320k,mp3,4:24,Live,LP
The Rolling Stones,Sympathy for the Devil,The Rolling Stones Rock and Roll Circus,Hard Rock; Blues Rock,1968,UK; England,320k,mp3,8:49,Live,LP
The Rolling Stones,Salt of the Earth,The Rolling Stones Rock and Roll Circus,Hard Rock; Blues Rock,1968,UK; England,320k,mp3,4:57,Live,LP
The Rolling Stones,Checkin’ Up on My Baby,The Rolling Stones Rock and Roll Circus,Hard Rock; Blues Rock,1968,UK; England,320k,mp3,5:53,Live,LP
The Rolling Stones,Leaving Trunk,The Rolling Stones Rock and Roll Circus,Hard Rock; Blues Rock,1968,UK; England,320k,mp3,6:47,Live,LP
The Rolling Stones,Corinna,The Rolling Stones Rock and Roll Circus,Hard Rock; Blues Rock,1968,UK; England,320k,mp3,4:45,Live,LP
The Rolling Stones,Revolution (rehearsal),The Rolling Stones Rock and Roll Circus,Hard Rock; Blues Rock,1968,UK; England,320k,mp3,2:47,Live,LP
The Rolling Stones,Warmup Jam,The Rolling Stones Rock and Roll Circus,Hard Rock; Blues Rock,1968,UK; England,320k,mp3,4:17,Live,LP
The Rolling Stones,Yer Blues (take 2),The Rolling Stones Rock and Roll Circus,Hard Rock; Blues Rock,1968,UK; England,320k,mp3,4:30,Live,LP
The Rolling Stones,Brian Jones’ Introduction of Julius Katchen,The Rolling Stones Rock and Roll Circus,Hard Rock; Blues Rock,1968,UK; England,320k,mp3,0:19,Live,LP
The Rolling Stones,de Falla: Ritual Fire Dance,The Rolling Stones Rock and Roll Circus,Hard Rock; Blues Rock,1968,UK; England,320k,mp3,4:03,Live,LP
The Rolling Stones,Mozart: Sonata In C Major-1st Movement,The Rolling Stones Rock and Roll Circus,Hard Rock; Blues Rock,1968,UK; England,320k,mp3,2:28,Live,LP
Swans,Lunacy (feat. Alan Sparhawk & Mimi Parker),The Seer,Experimental Rock; Post-Rock,2012,USA,320k,mp3,6:09,Studio,LP
Swans,Mother of the World,The Seer,Experimental Rock; Post-Rock,2012,USA,320k,mp3,9:57,Studio,LP
Swans,The Wolf,The Seer,Experimental Rock; Post-Rock,2012,USA,320k,mp3,1:35,Studio,LP
Swans,The Seer,The Seer,Experimental Rock; Post-Rock,2012,USA,320k,mp3,32:14,Studio,LP
Swans,The Seer Returns (feat. Jarboe),The Seer,Experimental Rock; Post-Rock,2012,USA,320k,mp3,6:17,Studio,LP
Swans,93 Ave. B Blues,The Seer,Experimental Rock; Post-Rock,2012,USA,320k,mp3,5:21,Studio,LP
Swans,The Daughter Brings the Water,The Seer,Experimental Rock; Post-Rock,2012,USA,320k,mp3,2:40,Studio,LP
Swans,Song for a Warrior (feat. Karen O),The Seer,Experimental Rock; Post-Rock,2012,USA,320k,mp3,3:58,Studio,LP
Swans,Avatar,The Seer,Experimental Rock; Post-Rock,2012,USA,320k,mp3,8:51,Studio,LP
Swans,A Piece of the Sky (feat. Jarboe & Akron/Family),The Seer,Experimental Rock; Post-Rock,2012,USA,320k,mp3,19:10,Studio,LP
Swans,The Apostate,The Seer,Experimental Rock; Post-Rock,2012,USA,320k,mp3,23:01,Studio,LP
Ornette Coleman,Lonely Woman,The Shape Of Jazz To Come,Avant-Garde Jazz,1959,USA,815k,flac,5:02,Studio,LP
Ornette Coleman,Eventually,The Shape Of Jazz To Come,Avant-Garde Jazz,1959,USA,858k,flac,4:22,Studio,LP
Ornette Coleman,Peace,The Shape Of Jazz To Come,Avant-Garde Jazz,1959,USA,664k,flac,9:04,Studio,LP
Ornette Coleman,Focus On Sanity,The Shape Of Jazz To Come,Avant-Garde Jazz,1959,USA,731k,flac,6:52,Studio,LP
Ornette Coleman,Congeniality,The Shape Of Jazz To Come,Avant-Garde Jazz,1959,USA,788k,flac,6:48,Studio,LP
Ornette Coleman,Chronology,The Shape Of Jazz To Come,Avant-Garde Jazz,1959,USA,815k,flac,6:03,Studio,LP
The Beach Boys,Our Prayer,The SMiLE Sessions,Baroque Pop,2011,USA,624k,flac,1:05,Studio,LP
The Beach Boys,Gee,The SMiLE Sessions,Baroque Pop,2011,USA,656k,flac,0:51,Studio,LP
The Beach Boys,Heroes and Villains,The SMiLE Sessions,Baroque Pop,2011,USA,714k,flac,4:51,Studio,LP
The Beach Boys,Do You Like Worms (Roll Plymouth Rock),The SMiLE Sessions,Baroque Pop,2011,USA,661k,flac,3:34,Studio,LP
The Beach Boys,I'm In Great Shape,The SMiLE Sessions,Baroque Pop,2011,USA,648k,flac,0:27,Studio,LP
The Beach Boys,Barnyard,The SMiLE Sessions,Baroque Pop,2011,USA,819k,flac,0:47,Studio,LP
The Beach Boys,My Only Sunshine (The Old Master Painter / You Are My Sunshine),The SMiLE Sessions,Baroque Pop,2011,USA,726k,flac,1:55,Studio,LP
The Beach Boys,Cabin Essence,The SMiLE Sessions,Baroque Pop,2011,USA,662k,flac,3:30,Studio,LP
The Beach Boys,Wonderful,The SMiLE Sessions,Baroque Pop,2011,USA,782k,flac,2:03,Studio,LP
The Beach Boys,Look (Song for Children),The SMiLE Sessions,Baroque Pop,2011,USA,680k,flac,2:30,Studio,LP
The Beach Boys,Child Is Father of The Man,The SMiLE Sessions,Baroque Pop,2011,USA,625k,flac,2:09,Studio,LP
The Beach Boys,Surf's Up,The SMiLE Sessions,Baroque Pop,2011,USA,690k,flac,4:12,Studio,LP
The Beach Boys,I Wanna Be Around / Workshop,The SMiLE Sessions,Baroque Pop,2011,USA,671k,flac,1:23,Studio,LP
The Beach Boys,Vega-Tables,The SMiLE Sessions,Baroque Pop,2011,USA,754k,flac,3:48,Studio,LP
The Beach Boys,Holidays,The SMiLE Sessions,Baroque Pop,2011,USA,628k,flac,2:32,Studio,LP
The Beach Boys,Wind Chimes,The SMiLE Sessions,Baroque Pop,2011,USA,626k,flac,3:06,Studio,LP
The Beach Boys,The Elements: Fire (Mrs. O'Leary's Cow),The SMiLE Sessions,Baroque Pop,2011,USA,696k,flac,2:34,Studio,LP
The Beach Boys,Love to Say Dada,The SMiLE Sessions,Baroque Pop,2011,USA,643k,flac,2:32,Studio,LP
The Beach Boys,Good Vibrations,The SMiLE Sessions,Baroque Pop,2011,USA,736k,flac,4:15,Studio,LP
Current 93,The Starres Are Marching Sadly Home (Theinmostlightthirdandfinal),The Starres Are Marching Sadly Home (Theinmostlightthirdandfinal),Neofolk,1996,UK; England,320k,mp3,22:17,Studio,LP
Pram,Loco,"The Stars Are So Big, the Earth Is So Small...Stay as You Are",Post-Rock,1993,UK; England,320k,mp3,4:29,Studio,LP
Pram,Radio Freak in a Storm,"The Stars Are So Big, the Earth Is So Small...Stay as You Are",Post-Rock,1993,UK; England,320k,mp3,3:48,Studio,LP
Pram,Loredo Venus,"The Stars Are So Big, the Earth Is So Small...Stay as You Are",Post-Rock,1993,UK; England,320k,mp3,4:25,Studio,LP
Pram,Milky,"The Stars Are So Big, the Earth Is So Small...Stay as You Are",Post-Rock,1993,UK; England,320k,mp3,4:15,Studio,LP
Pram,Dorothy,"The Stars Are So Big, the Earth Is So Small...Stay as You Are",Post-Rock,1993,UK; England,320k,mp3,3:52,Studio,LP
Pram,In Dreams You Too Can Fly,"The Stars Are So Big, the Earth Is So Small...Stay as You Are",Post-Rock,1993,UK; England,320k,mp3,16:10,Studio,LP
Pram,The Ray,"The Stars Are So Big, the Earth Is So Small...Stay as You Are",Post-Rock,1993,UK; England,320k,mp3,3:39,Studio,LP
Pram,Cape St. Vincent,"The Stars Are So Big, the Earth Is So Small...Stay as You Are",Post-Rock,1993,UK; England,320k,mp3,3:33,Studio,LP
Arcade Fire,The Suburbs,The Suburbs,Indie Rock,2010,Canada,192k,wma,5:15,Studio,LP
Arcade Fire,Ready to Start,The Suburbs,Indie Rock,2010,Canada,192k,wma,4:15,Studio,LP
Arcade Fire,Modern Man,The Suburbs,Indie Rock,2010,Canada,192k,wma,4:39,Studio,LP
Arcade Fire,Rococo,The Suburbs,Indie Rock,2010,Canada,192k,wma,3:56,Studio,LP
Arcade Fire,Empty Room,The Suburbs,Indie Rock,2010,Canada,192k,wma,2:51,Studio,LP
Arcade Fire,City With No Children,The Suburbs,Indie Rock,2010,Canada,192k,wma,3:11,Studio,LP
Arcade Fire,Half Light I,The Suburbs,Indie Rock,2010,Canada,192k,wma,4:13,Studio,LP
Arcade Fire,Half Light II (No Celebration),The Suburbs,Indie Rock,2010,Canada,192k,wma,4:27,Studio,LP
Arcade Fire,Suburban War,The Suburbs,Indie Rock,2010,Canada,192k,wma,4:41,Studio,LP
Arcade Fire,Month of May,The Suburbs,Indie Rock,2010,Canada,192k,wma,3:50,Studio,LP
Arcade Fire,Wasted Hours,The Suburbs,Indie Rock,2010,Canada,192k,wma,3:20,Studio,LP
Arcade Fire,Deep Blue,The Suburbs,Indie Rock,2010,Canada,192k,wma,4:28,Studio,LP
Arcade Fire,We Used to Wait,The Suburbs,Indie Rock,2010,Canada,192k,wma,5:01,Studio,LP
Arcade Fire,Sprawl I (Flatland),The Suburbs,Indie Rock,2010,Canada,192k,wma,2:54,Studio,LP
Arcade Fire,Sprawl II (Mountains Beyond Mountains),The Suburbs,Indie Rock,2010,Canada,192k,wma,5:18,Studio,LP
Arcade Fire,The Suburbs (continued),The Suburbs,Indie Rock,2010,Canada,192k,wma,1:27,Studio,LP
Stars Of The Lid,"Requiem for Dying Mothers, Part 1",The Tired Sounds of Stars of the Lid,Ambient,2001,USA; Belgium,320k,mp3,6:37,Studio,LP
Stars Of The Lid,"Requiem for Dying Mothers, Part 2",The Tired Sounds of Stars of the Lid,Ambient,2001,USA; Belgium,320k,mp3,7:37,Studio,LP
Stars Of The Lid,Down 3,The Tired Sounds of Stars of the Lid,Ambient,2001,USA; Belgium,320k,mp3,5:46,Studio,LP
Stars Of The Lid,"Austin Texas Mental Hospital,Part 1",The Tired Sounds of Stars of the Lid,Ambient,2001,USA; Belgium,320k,mp3,2:48,Studio,LP
Stars Of The Lid,"Austin Texas Mental Hospital,Part 2",The Tired Sounds of Stars of the Lid,Ambient,2001,USA; Belgium,320k,mp3,12:18,Studio,LP
Stars Of The Lid,"Austin Texas Mental Hospital, Part 3",The Tired Sounds of Stars of the Lid,Ambient,2001,USA; Belgium,320k,mp3,5:47,Studio,LP
Stars Of The Lid,"Broken Harbors, Part 1",The Tired Sounds of Stars of the Lid,Ambient,2001,USA; Belgium,320k,mp3,3:31,Studio,LP
Stars Of The Lid,"Broken Harbors, Part 2",The Tired Sounds of Stars of the Lid,Ambient,2001,USA; Belgium,320k,mp3,6:47,Studio,LP
Stars Of The Lid,"Broken Harbors, Part 3",The Tired Sounds of Stars of the Lid,Ambient,2001,USA; Belgium,320k,mp3,9:16,Studio,LP
Stars Of The Lid,Mullholland,The Tired Sounds of Stars of the Lid,Ambient,2001,USA; Belgium,320k,mp3,6:49,Studio,LP
Stars Of The Lid,The Lonely People (Are Getting Lonelier),The Tired Sounds of Stars of the Lid,Ambient,2001,USA; Belgium,320k,mp3,10:05,Studio,LP
Stars Of The Lid,Gasfarming,The Tired Sounds of Stars of the Lid,Ambient,2001,USA; Belgium,320k,mp3,3:18,Studio,LP
Stars Of The Lid,Piano Aquieu,The Tired Sounds of Stars of the Lid,Ambient,2001,USA; Belgium,320k,mp3,10:56,Studio,LP
Stars Of The Lid,Fac 21,The Tired Sounds of Stars of the Lid,Ambient,2001,USA; Belgium,320k,mp3,3:08,Studio,LP
Stars Of The Lid,"Ballad of Distances, Part 1",The Tired Sounds of Stars of the Lid,Ambient,2001,USA; Belgium,320k,mp3,3:36,Studio,LP
Stars Of The Lid,"Ballad of Distances, Part 2",The Tired Sounds of Stars of the Lid,Ambient,2001,USA; Belgium,320k,mp3,3:00,Studio,LP
Stars Of The Lid,"A Lovesong (For Cubs)+, Part 1",The Tired Sounds of Stars of the Lid,Ambient,2001,USA; Belgium,320k,mp3,6:45,Studio,LP
Stars Of The Lid,"A Lovesong (For Cubs)+, Part 2",The Tired Sounds of Stars of the Lid,Ambient,2001,USA; Belgium,320k,mp3,8:05,Studio,LP
Stars Of The Lid,"A Lovesong (For Cubs)+, Part 3",The Tired Sounds of Stars of the Lid,Ambient,2001,USA; Belgium,320k,mp3,7:45,Studio,LP
The United States of America,The American Metaphysical Circus,The United States of America,Psychedelic Rock,1968,USA,320k,mp3,4:57,Studio,LP
The United States of America,Hard Coming Love,The United States of America,Psychedelic Rock,1968,USA,320k,mp3,4:41,Studio,LP
The United States of America,Cloud Song,The United States of America,Psychedelic Rock,1968,USA,320k,mp3,3:18,Studio,LP
The United States of America,The Garden of Earthly Delights,The United States of America,Psychedelic Rock,1968,USA,320k,mp3,2:39,Studio,LP
The United States of America,"I Won't Leave My Wooden Wife for You, Sugar",The United States of America,Psychedelic Rock,1968,USA,320k,mp3,3:51,Studio,LP
The United States of America,Where Is Yesterday,The United States of America,Psychedelic Rock,1968,USA,320k,mp3,3:08,Studio,LP
The United States of America,Coming Down,The United States of America,Psychedelic Rock,1968,USA,320k,mp3,2:37,Studio,LP
The United States of America,Love Song for the Dead Ché,The United States of America,Psychedelic Rock,1968,USA,320k,mp3,3:25,Studio,LP
The United States of America,Stranded in Time,The United States of America,Psychedelic Rock,1968,USA,320k,mp3,1:49,Studio,LP
The United States of America,The American Way of Love,The United States of America,Psychedelic Rock,1968,USA,320k,mp3,6:38,Studio,LP
The Velvet Underground,Candy Says,The Velvet Underground,New Wave,1969,USA,184k VBR,mp3,4:04,Studio,LP
The Velvet Underground,What Goes On,The Velvet Underground,Pop Rock,1969,USA,211k VBR,mp3,4:55,Studio,LP
The Velvet Underground,Some Kinda Love,The Velvet Underground,New Wave,1969,USA,203k VBR,mp3,4:03,Studio,LP
The Velvet Underground,Pale Blue Eyes,The Velvet Underground,New Wave,1969,USA,188k VBR,mp3,5:41,Studio,LP
The Velvet Underground,Jesus,The Velvet Underground,New Wave,1969,USA,193k VBR,mp3,3:24,Studio,LP
The Velvet Underground,Beginning To See The Light,The Velvet Underground,New Wave,1969,USA,211k VBR,mp3,4:41,Studio,LP
The Velvet Underground,I'm Set Free,The Velvet Underground,New Wave,1969,USA,206k VBR,mp3,4:08,Studio,LP
The Velvet Underground,That's The Story Of My Life,The Velvet Underground,New Wave,1969,USA,220k VBR,mp3,2:00,Studio,LP
The Velvet Underground,The Murder Mystery,The Velvet Underground,New Wave,1969,USA,220k VBR,mp3,8:56,Studio,LP
The Velvet Underground,After Hours,The Velvet Underground,New Wave,1969,USA,203k VBR,mp3,2:07,Studio,LP
The Velvet Underground,Sunday Morning,The Velvet Underground & Nico,Art Rock; Experimental Rock,1967,USA,320k,mp3,2:55,Studio,LP
The Velvet Underground,I'm Waiting For The Man,The Velvet Underground & Nico,Art Rock; Experimental Rock,1967,USA,320k,mp3,4:39,Studio,LP
The Velvet Underground,Femme Fatale,The Velvet Underground & Nico,Art Rock; Experimental Rock,1967,USA,320k,mp3,2:39,Studio,LP
The Velvet Underground,Venus In Furs,The Velvet Underground & Nico,Art Rock; Experimental Rock,1967,USA,128k,mp3,5:12,Studio,LP
The Velvet Underground,Run Run Run,The Velvet Underground & Nico,Art Rock; Experimental Rock,1967,USA,320k,mp3,4:22,Studio,LP
The Velvet Underground,All Tomorrow's Parties,The Velvet Underground & Nico,Art Rock; Experimental Rock,1967,USA,320k,mp3,5:59,Studio,LP
The Velvet Underground,Heroin,The Velvet Underground & Nico,Art Rock; Experimental Rock,1967,USA,320k,mp3,7:13,Studio,LP
The Velvet Underground,There She Goes Again,The Velvet Underground & Nico,Art Rock; Experimental Rock,1967,USA,320k,mp3,2:41,Studio,LP
The Velvet Underground,I'll Be Your Mirror,The Velvet Underground & Nico,Art Rock; Experimental Rock,1967,USA,320k,mp3,2:14,Studio,LP
The Velvet Underground,The Black Angel's Death Song,The Velvet Underground & Nico,Art Rock; Experimental Rock,1967,USA,320k,mp3,3:12,Studio,LP
The Velvet Underground,European Son,The Velvet Underground & Nico,Art Rock; Experimental Rock,1967,USA,320k,mp3,7:47,Studio,LP
Pink Floyd,In The Flesh?,The Wall,Rock Opera; Art Rock,1979,UK; England,320k,mp3,3:19,Studio,LP
Pink Floyd,The Thin Ice,The Wall,Rock Opera; Art Rock,1979,UK; England,320k,mp3,2:29,Studio,LP
Pink Floyd,Another Brick In The Wall (Part I),The Wall,Rock Opera; Art Rock,1979,UK; England,320k,mp3,3:10,Studio,LP
Pink Floyd,The Happiest Days Of Our Lives,The Wall,Rock Opera; Art Rock,1979,UK; England,320k,mp3,1:50,Studio,LP
Pink Floyd,Another Brick In The Wall (Part II),The Wall,Rock Opera; Art Rock,1979,UK; England,320k,mp3,3:59,Studio,LP
Pink Floyd,Mother,The Wall,Rock Opera; Art Rock,1979,UK; England,320k,mp3,5:33,Studio,LP
Pink Floyd,Goodbye Blue Sky,The Wall,Rock Opera; Art Rock,1979,UK; England,320k,mp3,2:47,Studio,LP
Pink Floyd,Empty Spaces,The Wall,Rock Opera; Art Rock,1979,UK; England,320k,mp3,2:08,Studio,LP
Pink Floyd,Young Lust,The Wall,Rock Opera; Art Rock,1979,UK; England,320k,mp3,3:31,Studio,LP
Pink Floyd,One Of My Turns,The Wall,Rock Opera; Art Rock,1979,UK; England,320k,mp3,3:36,Studio,LP
Pink Floyd,Don't Leave Me Now,The Wall,Rock Opera; Art Rock,1979,UK; England,320k,mp3,4:16,Studio,LP
Pink Floyd,Another Brick In The Wall (Part III),The Wall,Rock Opera; Art Rock,1979,UK; England,320k,mp3,1:14,Studio,LP
Pink Floyd,Goodbye Cruel World,The Wall,Rock Opera; Art Rock,1979,UK; England,320k,mp3,1:14,Studio,LP
Pink Floyd,Hey You,The Wall,Rock Opera; Art Rock,1979,UK; England,320k,mp3,4:41,Studio,LP
Pink Floyd,Is There Anybody Out There?,The Wall,Rock Opera; Art Rock,1979,UK; England,320k,mp3,2:40,Studio,LP
Pink Floyd,Nobody Home,The Wall,Rock Opera; Art Rock,1979,UK; England,320k,mp3,3:24,Studio,LP
Pink Floyd,Vera,The Wall,Rock Opera; Art Rock,1979,UK; England,320k,mp3,1:33,Studio,LP
Pink Floyd,Bring The Boys Back Home,The Wall,Rock Opera; Art Rock,1979,UK; England,320k,mp3,1:27,Studio,LP
Pink Floyd,Comfortably Numb,The Wall,Rock Opera; Art Rock,1979,UK; England,320k,mp3,6:21,Studio,LP
Pink Floyd,The Show Must Go On,The Wall,Rock Opera; Art Rock,1979,UK; England,320k,mp3,1:36,Studio,LP
Pink Floyd,In The Flesh,The Wall,Rock Opera; Art Rock,1979,UK; England,320k,mp3,4:16,Studio,LP
Pink Floyd,Run Like Hell,The Wall,Rock Opera; Art Rock,1979,UK; England,320k,mp3,4:23,Studio,LP
Pink Floyd,Waiting For The Worms,The Wall,Rock Opera; Art Rock,1979,UK; England,320k,mp3,3:58,Studio,LP
Pink Floyd,Stop,The Wall,Rock Opera; Art Rock,1979,UK; England,320k,mp3,0:30,Studio,LP
Pink Floyd,The Trial,The Wall,Rock Opera; Art Rock,1979,UK; England,320k,mp3,5:19,Studio,LP
Pink Floyd,Outside The Wall,The Wall,Rock Opera; Art Rock,1979,UK; England,320k,mp3,1:43,Studio,LP
Pharoah Sanders,Astral Traveling,Thembi,Free Jazz,1971,USA,320k,mp3,5:50,Studio,LP
Pharoah Sanders,"Red, Black & Green",Thembi,Free Jazz,1971,USA,320k,mp3,8:56,Studio,LP
Pharoah Sanders,Thembi,Thembi,Free Jazz,1971,USA,320k,mp3,7:04,Studio,LP
Pharoah Sanders,Love,Thembi,Free Jazz,1971,USA,320k,mp3,5:12,Studio,LP
Pharoah Sanders,Morning Prayer,Thembi,Free Jazz,1971,USA,320k,mp3,9:10,Studio,LP
Pharoah Sanders,Bailophone Dance,Thembi,Free Jazz,1971,USA,320k,mp3,5:43,Studio,LP
Radiohead,These Are My Twisted Words,These Are My Twisted Words,Art Rock,2016,UK; England,320k,mp3,5:31,Studio,Single
Lync,B,These Are Not Fall Colors,Post-Hardcore; Slacker Rock; Emo,1994,USA,951k,flac,4:30,Studio,LP
Lync,Perfect Shot,These Are Not Fall Colors,Post-Hardcore; Slacker Rock; Emo,1994,USA,936k,flac,3:32,Studio,LP
Lync,Silverspoon Glasses,These Are Not Fall Colors,Post-Hardcore; Slacker Rock; Emo,1994,USA,896k,flac,4:22,Studio,LP
Lync,Pennies to Save,These Are Not Fall Colors,Post-Hardcore; Slacker Rock; Emo,1994,USA,917k,flac,4:05,Studio,LP
Lync,Clay Fighter,These Are Not Fall Colors,Post-Hardcore; Slacker Rock; Emo,1994,USA,915k,flac,3:55,Studio,LP
Lync,Cue Cards,These Are Not Fall Colors,Post-Hardcore; Slacker Rock; Emo,1994,USA,905k,flac,4:10,Studio,LP
Lync,Angelfood Fodder & Vitamins,These Are Not Fall Colors,Post-Hardcore; Slacker Rock; Emo,1994,USA,862k,flac,3:48,Studio,LP
Lync,Heroes & Heroines,These Are Not Fall Colors,Post-Hardcore; Slacker Rock; Emo,1994,USA,965k,flac,3:12,Studio,LP
Lync,Turtle,These Are Not Fall Colors,Post-Hardcore; Slacker Rock; Emo,1994,USA,960k,flac,4:09,Studio,LP
Lync,Uberrima Fides,These Are Not Fall Colors,Post-Hardcore; Slacker Rock; Emo,1994,USA,831k,flac,6:50,Studio,LP
Lync,Can’t Tie Yet,These Are Not Fall Colors,Post-Hardcore; Slacker Rock; Emo,1994,USA,863k,flac,3:11,Studio,LP
Swirlies,French Radio,They Spent Their Wild Youthful Days in the Glittering World of the Salons,Shoegaze,1996,USA,320k,mp3,0:18,Studio,LP
Swirlies,In Harmony New Found Freedom,They Spent Their Wild Youthful Days in the Glittering World of the Salons,Shoegaze,1996,USA,320k,mp3,5:47,Studio,LP
Swirlies,No Identifier,They Spent Their Wild Youthful Days in the Glittering World of the Salons,Shoegaze,1996,USA,320k,mp3,1:44,Studio,LP
Swirlies,Sounds of Sebring,They Spent Their Wild Youthful Days in the Glittering World of the Salons,Shoegaze,1996,USA,320k,mp3,4:21,Studio,LP
Swirlies,San Cristóbal de Las Casas,They Spent Their Wild Youthful Days in the Glittering World of the Salons,Shoegaze,1996,USA,320k,mp3,4:22,Studio,LP
Swirlies,"You Can't Be Told It, You Must Behold It",They Spent Their Wild Youthful Days in the Glittering World of the Salons,Shoegaze,1996,USA,320k,mp3,2:22,Studio,LP
Swirlies,Pony,They Spent Their Wild Youthful Days in the Glittering World of the Salons,Shoegaze,1996,USA,320k,mp3,3:15,Studio,LP
Swirlies,Do Any of You Know Anything About Love?,They Spent Their Wild Youthful Days in the Glittering World of the Salons,Shoegaze,1996,USA,320k,mp3,0:34,Studio,LP
Swirlies,Two Girls Kissing,They Spent Their Wild Youthful Days in the Glittering World of the Salons,Shoegaze,1996,USA,320k,mp3,6:03,Studio,LP
Swirlies,Sterling Moss,They Spent Their Wild Youthful Days in the Glittering World of the Salons,Shoegaze,1996,USA,320k,mp3,3:44,Studio,LP
Swirlies,"Boys, Protect Yourselves From Aliens",They Spent Their Wild Youthful Days in the Glittering World of the Salons,Shoegaze,1996,USA,320k,mp3,0:57,Studio,LP
Swirlies,Sunn,They Spent Their Wild Youthful Days in the Glittering World of the Salons,Shoegaze,1996,USA,320k,mp3,5:59,Studio,LP
Swirlies,The Vehicle Is Invisible,They Spent Their Wild Youthful Days in the Glittering World of the Salons,Shoegaze,1996,USA,320k,mp3,5:12,Studio,LP
Swirlies,[untitled],They Spent Their Wild Youthful Days in the Glittering World of the Salons,Shoegaze,1996,USA,320k,mp3,2:41,Studio,LP
Oxbow,Cold and Well‐Lit Place,Thin Black Duke,Experimental Rock,2017,USA,987k,flac,4:32,Studio,LP
Oxbow,Ecce Homo,Thin Black Duke,Experimental Rock,2017,USA,855k,flac,4:17,Studio,LP
Oxbow,A Gentleman’s Gentleman,Thin Black Duke,Experimental Rock,2017,USA,1026k,flac,3:24,Studio,LP
Oxbow,Letter of Note,Thin Black Duke,Experimental Rock,2017,USA,964k,flac,6:17,Studio,LP
Oxbow,Host,Thin Black Duke,Experimental Rock,2017,USA,964k,flac,5:23,Studio,LP
Oxbow,The Upper,Thin Black Duke,Experimental Rock,2017,USA,925k,flac,4:32,Studio,LP
Oxbow,Other People,Thin Black Duke,Experimental Rock,2017,USA,926k,flac,4:03,Studio,LP
Oxbow,The Finished Line,Thin Black Duke,Experimental Rock,2017,USA,822k,flac,6:27,Studio,LP
Portishead,Silence,Third,Electronic; Experimental Rock,2008,UK; England,1411k,m4a,5:00,Studio,LP
Portishead,Hunter,Third,Electronic; Experimental Rock,2008,UK; England,1411k,m4a,3:58,Studio,LP
Portishead,Nylon Smile,Third,Electronic; Experimental Rock,2008,UK; England,1411k,m4a,3:19,Studio,LP
Portishead,The Rip,Third,Electronic; Experimental Rock,2008,UK; England,1411k,m4a,4:30,Studio,LP
Portishead,Plastic,Third,Electronic; Experimental Rock,2008,UK; England,1411k,m4a,3:30,Studio,LP
Portishead,We Carry On,Third,Electronic; Experimental Rock,2008,UK; England,1411k,m4a,6:27,Studio,LP
Portishead,Deep Water,Third,Electronic; Experimental Rock,2008,UK; England,1411k,m4a,1:33,Studio,LP
Portishead,Machine Gun,Third,Electronic; Experimental Rock,2008,UK; England,1411k,m4a,4:46,Studio,LP
Portishead,Small,Third,Electronic; Experimental Rock,2008,UK; England,1411k,m4a,6:47,Studio,LP
Portishead,Magic Doors,Third,Electronic; Experimental Rock,2008,UK; England,1411k,m4a,3:31,Studio,LP
Portishead,Threads,Third,Electronic; Experimental Rock,2008,UK; England,1411k,m4a,5:47,Studio,LP
Soft Machine,Facelift,Third,Canterbury Scene; Jazz Rock; Jazz Fusion; Avant-Prog,1970,UK; England,320k,mp3,18:45,Studio,LP
Soft Machine,Slightly All the Time,Third,Canterbury Scene; Jazz Rock; Jazz Fusion; Avant-Prog,1970,UK; England,320k,mp3,18:12,Studio,LP
Soft Machine,Moon in June,Third,Canterbury Scene; Jazz Rock; Jazz Fusion; Avant-Prog,1970,UK; England,320k,mp3,19:08,Studio,LP
Soft Machine,Out-Bloody-Rageous,Third,Canterbury Scene; Jazz Rock; Jazz Fusion; Avant-Prog,1970,UK; England,320k,mp3,19:13,Studio,LP
This Heat,Testcard,This Heat,Experimental Rock; Experimental,1979,UK; England,224k,mp3,0:34,Studio,LP
This Heat,Horizontal Hold,This Heat,Experimental Rock; Experimental,1979,UK; England,224k,mp3,6:56,Studio,LP
This Heat,Not Waving,This Heat,Experimental Rock; Experimental,1979,UK; England,224k,mp3,7:25,Studio,LP
This Heat,Water,This Heat,Experimental Rock; Experimental,1979,UK; England,224k,mp3,3:12,Studio,LP
This Heat,Twilight Furniture,This Heat,Experimental Rock; Experimental,1979,UK; England,224k,mp3,5:10,Studio,LP
This Heat,24 Track Loop,This Heat,Experimental Rock; Experimental,1979,UK; England,224k,mp3,5:58,Studio,LP
This Heat,Diet Of Worms,This Heat,Experimental Rock; Experimental,1979,UK; England,224k,mp3,3:11,Studio,LP
This Heat,Music Like Escaping Gas,This Heat,Experimental Rock; Experimental,1979,UK; England,224k,mp3,4:06,Studio,LP
This Heat,Rainforest,This Heat,Experimental Rock; Experimental,1979,UK; England,224k,mp3,2:32,Studio,LP
This Heat,The Fall Of Saigon,This Heat,Experimental Rock; Experimental,1979,UK; England,224k,mp3,5:11,Studio,LP
This Heat,Testcard,This Heat,Experimental Rock; Experimental,1979,UK; England,224k,mp3,0:18,Studio,LP
Alt-J,Intro,This Is All Yours,Art Pop; Indietronica,2014,UK; England,320k,mp3,4:38,Studio,LP
Alt-J,Arrival In Nara,This Is All Yours,Art Pop; Indietronica,2014,UK; England,320k,mp3,4:13,Studio,LP
Alt-J,Nara,This Is All Yours,Art Pop; Indietronica,2014,UK; England,320k,mp3,4:56,Studio,LP
Alt-J,Every Other Freckle,This Is All Yours,Art Pop; Indietronica,2014,UK; England,320k,mp3,3:36,Studio,LP
Alt-J,Left Hand Free (Extended Version),This Is All Yours,Art Pop; Indietronica,2014,UK; England,320k,mp3,2:53,Studio,LP
Alt-J,Garden Of England (Interlude),This Is All Yours,Art Pop; Indietronica,2014,UK; England,320k,mp3,1:07,Studio,LP
Alt-J,Choice Kingdom,This Is All Yours,Art Pop; Indietronica,2014,UK; England,320k,mp3,4:17,Studio,LP
Alt-J,Hunger Of The Pine,This Is All Yours,Art Pop; Indietronica,2014,UK; England,320k,mp3,4:59,Studio,LP
Alt-J,Warm Foothills,This Is All Yours,Art Pop; Indietronica,2014,UK; England,320k,mp3,3:45,Studio,LP
Alt-J,The Gospel Of John Hurt,This Is All Yours,Art Pop; Indietronica,2014,UK; England,320k,mp3,5:15,Studio,LP
Alt-J,Pusher,This Is All Yours,Art Pop; Indietronica,2014,UK; England,320k,mp3,3:29,Studio,LP
Alt-J,Bloodflood Pt.II,This Is All Yours,Art Pop; Indietronica,2014,UK; England,320k,mp3,5:19,Studio,LP
Alt-J,Leaving Nara,This Is All Yours,Art Pop; Indietronica,2014,UK; England,320k,mp3,3:00,Studio,LP
Alt-J,Lovely Day (Bonus Track),This Is All Yours,Art Pop; Indietronica,2014,UK; England,320k,mp3,4:01,Studio,LP
The Fall,Mansion,This Nation’s Saving Grace,Post-Punk,1985,UK; England,263k VBR,mp3,1:21,Studio,LP
The Fall,Bombast,This Nation’s Saving Grace,Post-Punk,1985,UK; England,254k VBR,mp3,3:08,Studio,LP
The Fall,Barmy,This Nation’s Saving Grace,Post-Punk,1985,UK; England,267k VBR,mp3,5:20,Studio,LP
The Fall,What You Need,This Nation’s Saving Grace,Post-Punk,1985,UK; England,217k VBR,mp3,4:49,Studio,LP
The Fall,Spoilt Victorian Child,This Nation’s Saving Grace,Post-Punk,1985,UK; England,248k VBR,mp3,4:13,Studio,LP
The Fall,L.A.,This Nation’s Saving Grace,Post-Punk,1985,UK; England,222k VBR,mp3,4:10,Studio,LP
The Fall,Vixen,This Nation’s Saving Grace,Post-Punk,1985,UK; England,243k VBR,mp3,4:01,Studio,LP
The Fall,Couldn’t Get Ahead,This Nation’s Saving Grace,Post-Punk,1985,UK; England,269k VBR,mp3,2:36,Studio,LP
The Fall,Gut of the Quantifier,This Nation’s Saving Grace,Post-Punk,1985,UK; England,228k VBR,mp3,5:15,Studio,LP
The Fall,My New House,This Nation’s Saving Grace,Post-Punk,1985,UK; England,269k VBR,mp3,5:15,Studio,LP
The Fall,Paint Work,This Nation’s Saving Grace,Post-Punk,1985,UK; England,282k VBR,mp3,6:38,Studio,LP
The Fall,I Am Damo Suzuki,This Nation’s Saving Grace,Post-Punk,1985,UK; England,252k VBR,mp3,5:41,Studio,LP
The Fall,To Nkroachment: Yarbles,This Nation’s Saving Grace,Post-Punk,1985,UK; England,128k,m4a,1:24,Studio,LP
The Fall,Petty (Thief) Lout,This Nation’s Saving Grace,Post-Punk,1985,UK; England,260k VBR,mp3,5:20,Studio,LP
The Fall,Rollin’ Dany,This Nation’s Saving Grace,Post-Punk,1985,UK; England,239k VBR,mp3,2:23,Studio,LP
The Fall,Cruisers Creek,This Nation’s Saving Grace,Post-Punk,1985,UK; England,276k VBR,mp3,4:15,Studio,LP
The Books,"Enjoy Your Worries, You May Never Have Them Again",Thought for Food,Electronic,2002,USA; Netherlands,320k,mp3,4:05,Studio,LP
The Books,"Read, Eat, Sleep",Thought for Food,Electronic,2002,USA; Netherlands,320k,mp3,3:46,Studio,LP
The Books,All Bad Ends All,Thought for Food,Electronic,2002,USA; Netherlands,320k,mp3,2:42,Studio,LP
The Books,Contempt,Thought for Food,Electronic,2002,USA; Netherlands,320k,mp3,3:20,Studio,LP
The Books,All Our Base Are Belong to Them,Thought for Food,Electronic,2002,USA; Netherlands,320k,mp3,4:19,Studio,LP
The Books,Thankyoubranch,Thought for Food,Electronic,2002,USA; Netherlands,320k,mp3,5:05,Studio,LP
The Books,Motherless Bastard,Thought for Food,Electronic,2002,USA; Netherlands,320k,mp3,4:11,Studio,LP
The Books,Mikey Bass,Thought for Food,Electronic,2002,USA; Netherlands,320k,mp3,2:52,Studio,LP
The Books,Excess Straussess,Thought for Food,Electronic,2002,USA; Netherlands,320k,mp3,2:06,Studio,LP
The Books,Getting the Done Job,Thought for Food,Electronic,2002,USA; Netherlands,320k,mp3,3:49,Studio,LP
The Books,A Dead Fish Gains the Power of Observation,Thought for Food,Electronic,2002,USA; Netherlands,320k,mp3,1:07,Studio,LP
The Books,Deafkids,Thought for Food,Electronic,2002,USA; Netherlands,320k,mp3,1:10,Studio,LP
Little Women,Throat I,Throat,Avant-Garde Jazz; Jazz Rock,2010,USA,320k,mp3,4:49,Studio,LP
Little Women,Throat II,Throat,Avant-Garde Jazz; Jazz Rock,2010,USA,320k,mp3,5:02,Studio,LP
Little Women,Throat III,Throat,Avant-Garde Jazz; Jazz Rock,2010,USA,320k,mp3,7:17,Studio,LP
Little Women,Throat IV,Throat,Avant-Garde Jazz; Jazz Rock,2010,USA,320k,mp3,11:37,Studio,LP
Little Women,Throat V,Throat,Avant-Garde Jazz; Jazz Rock,2010,USA,320k,mp3,5:56,Studio,LP
Little Women,Throat VI,Throat,Avant-Garde Jazz; Jazz Rock,2010,USA,320k,mp3,4:21,Studio,LP
Little Women,Throat VII,Throat,Avant-Garde Jazz; Jazz Rock,2010,USA,320k,mp3,2:10,Studio,LP
Midori Takada,Mr. Henri Rousseau's Dream,Through The Looking Glass,Ambient; Minimalism; New Age,1983,Japan,236k VBR,mp3,12:05,Studio,LP
Midori Takada,Crossing,Through The Looking Glass,Ambient; Minimalism; New Age,1983,Japan,226k VBR,mp3,8:54,Studio,LP
Midori Takada,Trompe-l'oeil,Through The Looking Glass,Ambient; Minimalism; New Age,1983,Japan,220k VBR,mp3,5:30,Studio,LP
Midori Takada,Catastrophe Sigma,Through The Looking Glass,Ambient; Minimalism; New Age,1983,Japan,234k VBR,mp3,15:14,Studio,LP
Current 93,A Beginning,Thunder Perfect Mind,Neofolk; Wyrd Folk,1992,UK; England,765k,flac,0:44,Studio,LP
Current 93,The Descent of Long Satan and Babylon,Thunder Perfect Mind,Neofolk; Wyrd Folk,1992,UK; England,778k,flac,3:00,Studio,LP
Current 93,A Sadness Song,Thunder Perfect Mind,Neofolk; Wyrd Folk,1992,UK; England,861k,flac,4:14,Studio,LP
Current 93,A Song for Douglas After He’s Dead,Thunder Perfect Mind,Neofolk; Wyrd Folk,1992,UK; England,854k,flac,4:58,Studio,LP
Current 93,In the Heart of the Wood and What I Found There,Thunder Perfect Mind,Neofolk; Wyrd Folk,1992,UK; England,969k,flac,2:50,Studio,LP
Current 93,Mary Waits in Silence,Thunder Perfect Mind,Neofolk; Wyrd Folk,1992,UK; England,984k,flac,2:56,Studio,LP
Current 93,A Silence Song,Thunder Perfect Mind,Neofolk; Wyrd Folk,1992,UK; England,837k,flac,5:27,Studio,LP
Current 93,A Lament for My Suzanne,Thunder Perfect Mind,Neofolk; Wyrd Folk,1992,UK; England,799k,flac,4:20,Studio,LP
Current 93,Riverdeadbank,Thunder Perfect Mind,Neofolk; Wyrd Folk,1992,UK; England,737k,flac,3:46,Studio,LP
Current 93,All the Stars Are Dead Now,Thunder Perfect Mind,Neofolk; Wyrd Folk,1992,UK; England,980k,flac,9:06,Studio,LP
Current 93,Rosy Star Tears From Heaven,Thunder Perfect Mind,Neofolk; Wyrd Folk,1992,UK; England,932k,flac,3:05,Studio,LP
Current 93,When the May Rain Comes,Thunder Perfect Mind,Neofolk; Wyrd Folk,1992,UK; England,880k,flac,3:24,Studio,LP
Current 93,Thunder Perfect Mind I,Thunder Perfect Mind,Neofolk; Wyrd Folk,1992,UK; England,776k,flac,5:05,Studio,LP
Current 93,Thunder Perfect Mind II,Thunder Perfect Mind,Neofolk; Wyrd Folk,1992,UK; England,693k,flac,2:21,Studio,LP
Current 93,Hitler as Kalki,Thunder Perfect Mind,Neofolk; Wyrd Folk,1992,UK; England,894k,flac,16:28,Studio,LP
Current 93,A Sad Sadness Song,Thunder Perfect Mind,Neofolk; Wyrd Folk,1992,UK; England,746k,flac,4:40,Studio,LP
Current 93,An Ending,Thunder Perfect Mind,Neofolk; Wyrd Folk,1992,UK; England,465k,flac,2:21,Studio,LP
Brian Eno,Thursday Afternoon,Thursday Afternoon,Ambient; Drone,1985,UK; England,320k,mp3,60:53,Studio,LP
Tortoise,TNT,TNT,Post-Rock; Experimental Rock,1998,USA,240k VBR,mp3,7:33,Studio,LP
Tortoise,Swung From The Gutters,TNT,Post-Rock; Experimental Rock,1998,USA,211k VBR,mp3,5:52,Studio,LP
Tortoise,Ten-Day Interval,TNT,Post-Rock; Experimental Rock,1998,USA,221k VBR,mp3,4:44,Studio,LP
Tortoise,I Set My Face To The Hillside,TNT,Post-Rock; Experimental Rock,1998,USA,221k VBR,mp3,6:08,Studio,LP
Tortoise,The Equator,TNT,Post-Rock; Experimental Rock,1998,USA,225k VBR,mp3,3:42,Studio,LP
Tortoise,A Simple Way To Go Faster Than Light That Does Not Work,TNT,Post-Rock; Experimental Rock,1998,USA,210k VBR,mp3,3:33,Studio,LP
Tortoise,The Suspension Bridge At Iguazú Falls,TNT,Post-Rock; Experimental Rock,1998,USA,220k VBR,mp3,5:38,Studio,LP
Tortoise,Four-Day Interval,TNT,Post-Rock; Experimental Rock,1998,USA,201k VBR,mp3,4:45,Studio,LP
Tortoise,"In Sarah, Mencken, Christ, And Beethoven There Were Women And Men",TNT,Post-Rock; Experimental Rock,1998,USA,217k VBR,mp3,7:29,Studio,LP
Tortoise,Almost Always Is Nearly Enough,TNT,Post-Rock; Experimental Rock,1998,USA,240k VBR,mp3,2:42,Studio,LP
Tortoise,Jetty,TNT,Post-Rock; Experimental Rock,1998,USA,212k VBR,mp3,8:21,Studio,LP
Tortoise,Everglade,TNT,Post-Rock; Experimental Rock,1998,USA,226k VBR,mp3,4:21,Studio,LP
Swans,Screen Shot,To Be Kind,Experimental Rock; Post-Rock,2014,USA,320k,mp3,8:04,Studio,LP
Swans,Just a Little Boy (for Chester Burnett),To Be Kind,Experimental Rock; Post-Rock,2014,USA,320k,mp3,12:39,Studio,LP
Swans,A Little God in My Hands,To Be Kind,Experimental Rock; Post-Rock,2014,USA,320k,mp3,7:08,Studio,LP
Swans,Bring The Sun / Toussaint L'Ouverture,To Be Kind,Experimental Rock; Post-Rock,2014,USA,320k,mp3,34:05,Studio,LP
Swans,Some Things We Do,To Be Kind,Experimental Rock; Post-Rock,2014,USA,320k,mp3,5:09,Studio,LP
Swans,She Loves Us,To Be Kind,Experimental Rock; Post-Rock,2014,USA,320k,mp3,17:00,Studio,LP
Swans,Kirsten Supine,To Be Kind,Experimental Rock; Post-Rock,2014,USA,320k,mp3,10:32,Studio,LP
Swans,Oxygen,To Be Kind,Experimental Rock; Post-Rock,2014,USA,320k,mp3,7:59,Studio,LP
Swans,Nathalie Neal,To Be Kind,Experimental Rock; Post-Rock,2014,USA,320k,mp3,10:15,Studio,LP
Swans,To Be Kind,To Be Kind,Experimental Rock; Post-Rock,2014,USA,320k,mp3,8:22,Studio,LP
Polvo,Thermal Treasure,Today's Active Lifestyles,Math Rock,1993,USA,223k VBR,mp3,4:32,Studio,LP
Polvo,Lazy Comet,Today's Active Lifestyles,Math Rock,1993,USA,205k VBR,mp3,3:49,Studio,LP
Polvo,My Kimono,Today's Active Lifestyles,Math Rock,1993,USA,209k VBR,mp3,2:21,Studio,LP
Polvo,Sure Shot,Today's Active Lifestyles,Math Rock,1993,USA,212k VBR,mp3,3:24,Studio,LP
Polvo,Stinger (Five Wigs),Today's Active Lifestyles,Math Rock,1993,USA,230k VBR,mp3,7:23,Studio,LP
Polvo,Tilebreaker,Today's Active Lifestyles,Math Rock,1993,USA,239k VBR,mp3,4:09,Studio,LP
Polvo,Shiska,Today's Active Lifestyles,Math Rock,1993,USA,214k VBR,mp3,1:30,Studio,LP
Polvo,Time Isn't On My Side,Today's Active Lifestyles,Math Rock,1993,USA,193k VBR,mp3,3:06,Studio,LP
Polvo,Action Vs. Vibe,Today's Active Lifestyles,Math Rock,1993,USA,210k VBR,mp3,3:43,Studio,LP
Polvo,Gemini Cup,Today's Active Lifestyles,Math Rock,1993,USA,212k VBR,mp3,7:05,Studio,LP
Duster,New Directions,Together,Indie,2022,USA,721k,flac,3:17,Studio,LP
Duster,Retrograde,Together,Indie,2022,USA,613k,flac,4:22,Studio,LP
Duster,N,Together,Indie,2022,USA,739k,flac,3:01,Studio,LP
Duster,Time Glitch,Together,Indie,2022,USA,690k,flac,3:54,Studio,LP
Duster,Teeth,Together,Indie,2022,USA,669k,flac,4:30,Studio,LP
Duster,Escalator,Together,Indie,2022,USA,762k,flac,3:59,Studio,LP
Duster,Familiar Fields,Together,Indie,2022,USA,755k,flac,5:12,Studio,LP
Duster,Moonroam,Together,Indie,2022,USA,677k,flac,1:27,Studio,LP
Duster,Sleepyhead,Together,Indie,2022,USA,568k,flac,2:57,Studio,LP
Duster,Making Room,Together,Indie,2022,USA,929k,flac,3:46,Studio,LP
Duster,Drifter,Together,Indie,2022,USA,663k,flac,3:58,Studio,LP
Duster,Feel No Joy,Together,Indie,2022,USA,862k,flac,3:57,Studio,LP
Duster,Sad Boys,Together,Indie,2022,USA,752k,flac,3:28,Studio,LP
Thom Yorke,A Brain In A Bottle,Tomorrow's Modern Boxes,Electronic,2014,UK; England,320k,mp3,4:40,Studio,LP
Thom Yorke,Guess Again!,Tomorrow's Modern Boxes,Electronic,2014,UK; England,320k,mp3,4:23,Studio,LP
Thom Yorke,Interference,Tomorrow's Modern Boxes,Electronic,2014,UK; England,320k,mp3,2:48,Studio,LP
Thom Yorke,The Mother Lode,Tomorrow's Modern Boxes,Electronic,2014,UK; England,320k,mp3,6:07,Studio,LP
Thom Yorke,Truth Ray,Tomorrow's Modern Boxes,Electronic,2014,UK; England,320k,mp3,5:13,Studio,LP
Thom Yorke,There Is No Ice (For My Drink),Tomorrow's Modern Boxes,Electronic,2014,UK; England,320k,mp3,7:00,Studio,LP
Thom Yorke,Pink Section,Tomorrow's Modern Boxes,Electronic,2014,UK; England,320k,mp3,2:34,Studio,LP
Thom Yorke,Nose Grows Some,Tomorrow's Modern Boxes,Electronic,2014,UK; England,320k,mp3,5:22,Studio,LP
Tortoise,Magnet Pulls Through,Tortoise,post-rock,1994,USA,320k,mp3,4:38,Studio,LP
Tortoise,Night Air,Tortoise,post-rock,1994,USA,320k,mp3,3:50,Studio,LP
Tortoise,Ry Cooder,Tortoise,post-rock,1994,USA,320k,mp3,7:06,Studio,LP
Tortoise,Onions Wrapped In Rubber,Tortoise,post-rock,1994,USA,320k,mp3,6:40,Studio,LP
Tortoise,Tin Cans & Twine,Tortoise,post-rock,1994,USA,320k,mp3,4:24,Studio,LP
Tortoise,Spiderwebbed,Tortoise,post-rock,1994,USA,320k,mp3,8:34,Studio,LP
Tortoise,His Second Story Island,Tortoise,post-rock,1994,USA,320k,mp3,2:42,Studio,LP
Tortoise,On Noble,Tortoise,post-rock,1994,USA,320k,mp3,4:09,Studio,LP
Tortoise,Flyrod,Tortoise,post-rock,1994,USA,320k,mp3,3:28,Studio,LP
Tortoise,Cornpone Brunch,Tortoise,post-rock,1994,USA,320k,mp3,4:44,Studio,LP
White Suns,Priest In The Laboratory,Totem,Noise Rock,2014,USA,320k,mp3,5:56,Studio,LP
White Suns,Prostrate,Totem,Noise Rock,2014,USA,320k,mp3,1:53,Studio,LP
White Suns,Disjecta Membra,Totem,Noise Rock,2014,USA,320k,mp3,3:04,Studio,LP
White Suns,Cathexis,Totem,Noise Rock,2014,USA,320k,mp3,3:56,Studio,LP
White Suns,Fossil Record,Totem,Noise Rock,2014,USA,320k,mp3,5:18,Studio,LP
White Suns,Clairvoyant,Totem,Noise Rock,2014,USA,320k,mp3,5:26,Studio,LP
White Suns,World-Lock,Totem,Noise Rock,2014,USA,320k,mp3,5:07,Studio,LP
White Suns,Line Of Smoke,Totem,Noise Rock,2014,USA,320k,mp3,3:20,Studio,LP
White Suns,Carrion,Totem,Noise Rock,2014,USA,320k,mp3,7:07,Studio,LP
Palm,Time Times Three,Trading Basics,Math Rock; Experimental Rock,2015,USA,128k,mp3,2:05,Studio,LP
Palm,Crank,Trading Basics,Math Rock; Experimental Rock,2015,USA,128k,mp3,3:39,Studio,LP
Palm,Ankles,Trading Basics,Math Rock; Experimental Rock,2015,USA,128k,mp3,4:25,Studio,LP
Palm,Doggy Doctor,Trading Basics,Math Rock; Experimental Rock,2015,USA,128k,mp3,3:47,Studio,LP
Palm,You Are What Eats You,Trading Basics,Math Rock; Experimental Rock,2015,USA,128k,mp3,2:44,Studio,LP
Palm,Egg in a Frame,Trading Basics,Math Rock; Experimental Rock,2015,USA,128k,mp3,3:59,Studio,LP
Palm,Child Actor,Trading Basics,Math Rock; Experimental Rock,2015,USA,128k,mp3,3:08,Studio,LP
Palm,Second Ward,Trading Basics,Math Rock; Experimental Rock,2015,USA,128k,mp3,5:41,Studio,LP
Palm,Drawn Straws,Trading Basics,Math Rock; Experimental Rock,2015,USA,128k,mp3,0:49,Studio,LP
Palm,Garden,Trading Basics,Math Rock; Experimental Rock,2015,USA,128k,mp3,6:01,Studio,LP
Palm,Scribe,Trading Basics,Math Rock; Experimental Rock,2015,USA,128k,mp3,4:07,Studio,LP
Arctic Monkeys,Star Treatment,Tranquility Base Hotel & Casino,Psychedelic Pop; Art Rock,2018,UK; England,320k,mp3,5:46,Studio,LP
Arctic Monkeys,One Point Perspective,Tranquility Base Hotel & Casino,Psychedelic Pop; Art Rock,2018,UK; England,320k,mp3,3:29,Studio,LP
Arctic Monkeys,American Sports,Tranquility Base Hotel & Casino,Psychedelic Pop; Art Rock,2018,UK; England,320k,mp3,2:27,Studio,LP
Arctic Monkeys,Tranquility Base Hotel & Casino,Tranquility Base Hotel & Casino,Psychedelic Pop; Art Rock,2018,UK; England,320k,mp3,3:28,Studio,LP
Arctic Monkeys,Golden Trunks,Tranquility Base Hotel & Casino,Psychedelic Pop; Art Rock,2018,UK; England,320k,mp3,2:49,Studio,LP
Arctic Monkeys,Four out of Five,Tranquility Base Hotel & Casino,Psychedelic Pop; Art Rock,2018,UK; England,320k,mp3,5:03,Studio,LP
Arctic Monkeys,The World's First Ever Monster Truck Front Flip,Tranquility Base Hotel & Casino,Psychedelic Pop; Art Rock,2018,UK; England,320k,mp3,2:56,Studio,LP
Arctic Monkeys,Science Fiction,Tranquility Base Hotel & Casino,Psychedelic Pop; Art Rock,2018,UK; England,320k,mp3,3:01,Studio,LP
Arctic Monkeys,She Looks Like Fun,Tranquility Base Hotel & Casino,Psychedelic Pop; Art Rock,2018,UK; England,320k,mp3,2:56,Studio,LP
Arctic Monkeys,Batphone,Tranquility Base Hotel & Casino,Psychedelic Pop; Art Rock,2018,UK; England,320k,mp3,4:24,Studio,LP
Arctic Monkeys,The Ultracheese,Tranquility Base Hotel & Casino,Psychedelic Pop; Art Rock,2018,UK; England,320k,mp3,3:29,Studio,LP
Duster,Orbitron,"Transmission, Flux",Slowcore,1997,USA,320k,mp3,2:18,Studio,EP
Duster,Fuzz and Timbre,"Transmission, Flux",Slowcore,1997,USA,320k,mp3,0:35,Studio,EP
Duster,My Friends Are Cosmonauts,"Transmission, Flux",Slowcore,1997,USA,320k,mp3,1:45,Studio,EP
Duster,Closer To The Speed of Sound,"Transmission, Flux",Slowcore,1997,USA,320k,mp3,2:56,Studio,EP
Duster,Stars Will Fall,"Transmission, Flux",Slowcore,1997,USA,320k,mp3,1:54,Studio,EP
Maps & Atlases,Everyplace Is a House,"Tree, Swallows, Houses",Math Rock; Math Pop; Indie Rock,2007,USA,256k,m4a,3:58,Studio,LP
Maps & Atlases,The Most Trustworthy Tin Cans,"Tree, Swallows, Houses",Math Rock; Math Pop; Indie Rock,2007,USA,256k,m4a,3:58,Studio,LP
Maps & Atlases,The Ongoing Horrible,"Tree, Swallows, Houses",Math Rock; Math Pop; Indie Rock,2007,USA,256k,m4a,2:05,Studio,LP
Maps & Atlases,Big Bopper Anthems,"Tree, Swallows, Houses",Math Rock; Math Pop; Indie Rock,2007,USA,256k,m4a,4:42,Studio,LP
Maps & Atlases,Stories About Ourselves,"Tree, Swallows, Houses",Math Rock; Math Pop; Indie Rock,2007,USA,256k,m4a,3:45,Studio,LP
Maps & Atlases,The Sounds They Make,"Tree, Swallows, Houses",Math Rock; Math Pop; Indie Rock,2007,USA,256k,m4a,1:31,Studio,LP
Maps & Atlases,Songs for Ghosts to Haunt To,"Tree, Swallows, Houses",Math Rock; Math Pop; Indie Rock,2007,USA,256k,m4a,4:08,Studio,LP
Autechre,Dael,Tri Repetae,IDM,1995,UK; England,199k VBR,mp3,6:39,Studio,LP
Autechre,Clipper,Tri Repetae,IDM,1995,UK; England,234k VBR,mp3,8:34,Studio,LP
Autechre,Leterel,Tri Repetae,IDM,1995,UK; England,184k VBR,mp3,7:08,Studio,LP
Autechre,Rotar,Tri Repetae,IDM,1995,UK; England,229k VBR,mp3,8:04,Studio,LP
Autechre,Stud,Tri Repetae,IDM,1995,UK; England,194k VBR,mp3,9:40,Studio,LP
Autechre,Eutow,Tri Repetae,IDM,1995,UK; England,249k VBR,mp3,4:15,Studio,LP
Autechre,C/Pach,Tri Repetae,IDM,1995,UK; England,214k VBR,mp3,4:39,Studio,LP
Autechre,Gnit,Tri Repetae,IDM,1995,UK; England,187k VBR,mp3,5:49,Studio,LP
Autechre,Overand,Tri Repetae,IDM,1995,UK; England,187k VBR,mp3,7:33,Studio,LP
Autechre,Rsdio,Tri Repetae,IDM,1995,UK; England,212k VBR,mp3,10:10,Studio,LP
Autechre,Medrey (Bonus Track),Tri Repetae,IDM,1995,UK; England,206k VBR,mp3,4:12,Studio,LP
Captain Beefheart & His Magic Band,Frownland,Trout Mask Replica,Experimental Rock; Blues Rock,1969,USA,320k,mp3,1:40,Studio,LP
Captain Beefheart & His Magic Band,The Dust Blows Forward 'N The Dust Blows Back,Trout Mask Replica,Experimental Rock; Blues Rock,1969,USA,320k,mp3,1:52,Studio,LP
Captain Beefheart & His Magic Band,Dachau Blues,Trout Mask Replica,Experimental Rock; Blues Rock,1969,USA,320k,mp3,2:21,Studio,LP
Captain Beefheart & His Magic Band,Ella Guru,Trout Mask Replica,Experimental Rock; Blues Rock,1969,USA,320k,mp3,2:26,Studio,LP
Captain Beefheart & His Magic Band,Hair Pie - Bake 1,Trout Mask Replica,Experimental Rock; Blues Rock,1969,USA,320k,mp3,4:58,Studio,LP
Captain Beefheart & His Magic Band,Moonlight On Vermont,Trout Mask Replica,Experimental Rock; Blues Rock,1969,USA,320k,mp3,3:57,Studio,LP
Captain Beefheart & His Magic Band,Pachuco Cadaver,Trout Mask Replica,Experimental Rock; Blues Rock,1969,USA,320k,mp3,4:39,Studio,LP
Captain Beefheart & His Magic Band,Bills Corpse,Trout Mask Replica,Experimental Rock; Blues Rock,1969,USA,320k,mp3,1:49,Studio,LP
Captain Beefheart & His Magic Band,Sweet Sweet Bulbs,Trout Mask Replica,Experimental Rock; Blues Rock,1969,USA,320k,mp3,2:21,Studio,LP
Captain Beefheart & His Magic Band,Neon Meate Dream Of A Octafish,Trout Mask Replica,Experimental Rock; Blues Rock,1969,USA,320k,mp3,2:25,Studio,LP
Captain Beefheart & His Magic Band,China Pig,Trout Mask Replica,Experimental Rock; Blues Rock,1969,USA,320k,mp3,4:00,Studio,LP
Captain Beefheart & His Magic Band,My Human Gets Me Blues,Trout Mask Replica,Experimental Rock; Blues Rock,1969,USA,320k,mp3,2:46,Studio,LP
Captain Beefheart & His Magic Band,Dali's Car,Trout Mask Replica,Experimental Rock; Blues Rock,1969,USA,320k,mp3,1:25,Studio,LP
Captain Beefheart & His Magic Band,Hair Pie - Bake 2,Trout Mask Replica,Experimental Rock; Blues Rock,1969,USA,320k,mp3,2:23,Studio,LP
Captain Beefheart & His Magic Band,Pena,Trout Mask Replica,Experimental Rock; Blues Rock,1969,USA,320k,mp3,2:33,Studio,LP
Captain Beefheart & His Magic Band,Well,Trout Mask Replica,Experimental Rock; Blues Rock,1969,USA,320k,mp3,2:07,Studio,LP
Captain Beefheart & His Magic Band,When Big Joan Sets Up,Trout Mask Replica,Experimental Rock; Blues Rock,1969,USA,320k,mp3,5:18,Studio,LP
Captain Beefheart & His Magic Band,Fallin' Ditch,Trout Mask Replica,Experimental Rock; Blues Rock,1969,USA,320k,mp3,2:08,Studio,LP
Captain Beefheart & His Magic Band,Sugar 'N Spikes,Trout Mask Replica,Experimental Rock; Blues Rock,1969,USA,320k,mp3,2:30,Studio,LP
Captain Beefheart & His Magic Band,Ant Man Bee,Trout Mask Replica,Experimental Rock; Blues Rock,1969,USA,320k,mp3,3:55,Studio,LP
Captain Beefheart & His Magic Band,Orange Claw Hammer,Trout Mask Replica,Experimental Rock; Blues Rock,1969,USA,320k,mp3,3:34,Studio,LP
Captain Beefheart & His Magic Band,Wild Life,Trout Mask Replica,Experimental Rock; Blues Rock,1969,USA,320k,mp3,3:08,Studio,LP
Captain Beefheart & His Magic Band,She's Too Much For My Mirror,Trout Mask Replica,Experimental Rock; Blues Rock,1969,USA,320k,mp3,1:40,Studio,LP
Captain Beefheart & His Magic Band,Hobo Chang Ba,Trout Mask Replica,Experimental Rock; Blues Rock,1969,USA,320k,mp3,1:59,Studio,LP
Captain Beefheart & His Magic Band,The Blimp (mousetrapreplica),Trout Mask Replica,Experimental Rock; Blues Rock,1969,USA,320k,mp3,2:04,Studio,LP
Captain Beefheart & His Magic Band,Steal Softly Thru Snow,Trout Mask Replica,Experimental Rock; Blues Rock,1969,USA,320k,mp3,2:17,Studio,LP
Captain Beefheart & His Magic Band,Old Fart At Play,Trout Mask Replica,Experimental Rock; Blues Rock,1969,USA,320k,mp3,1:51,Studio,LP
Captain Beefheart & His Magic Band,Veteran's Day Poppy,Trout Mask Replica,Experimental Rock; Blues Rock,1969,USA,320k,mp3,4:31,Studio,LP
Interpol,Untitled,Turn On The Bright Lights,Post-Punk Revival,2002,USA,320k,mp3,3:56,Studio,LP
Interpol,Obstacle 1,Turn On The Bright Lights,Post-Punk Revival,2002,USA,320k,mp3,4:11,Studio,LP
Interpol,NYC,Turn On The Bright Lights,Post-Punk Revival,2002,USA,320k,mp3,4:19,Studio,LP
Interpol,PDA,Turn On The Bright Lights,Post-Punk Revival,2002,USA,320k,mp3,4:59,Studio,LP
Interpol,Say Hello To The Angels,Turn On The Bright Lights,Post-Punk Revival,2002,USA,320k,mp3,4:28,Studio,LP
Interpol,Hands Away,Turn On The Bright Lights,Post-Punk Revival,2002,USA,320k,mp3,3:05,Studio,LP
Interpol,Obstacle 2,Turn On The Bright Lights,Post-Punk Revival,2002,USA,320k,mp3,3:47,Studio,LP
Interpol,Stella Was A Diver And She Was Always Down,Turn On The Bright Lights,Post-Punk Revival,2002,USA,320k,mp3,6:27,Studio,LP
Interpol,Roland,Turn On The Bright Lights,Post-Punk Revival,2002,USA,320k,mp3,3:35,Studio,LP
Interpol,The New,Turn On The Bright Lights,Post-Punk Revival,2002,USA,320k,mp3,6:06,Studio,LP
Interpol,Leif Erikson,Turn On The Bright Lights,Post-Punk Revival,2002,USA,320k,mp3,3:59,Studio,LP
Interpol,Get the Girls/Song 5 (First Demo),Turn On The Bright Lights: The Tenth Anniversary Edition Bonus Disc,Post-Punk Revival,2012,USA,931k,flac,3:47,Studio,LP
Interpol,Precipitate (Second Demo),Turn On The Bright Lights: The Tenth Anniversary Edition Bonus Disc,Post-Punk Revival,2012,USA,927k,flac,5:33,Studio,LP
Interpol,Song Seven (Second Demo),Turn On The Bright Lights: The Tenth Anniversary Edition Bonus Disc,Post-Punk Revival,2012,USA,863k,flac,4:43,Studio,LP
Interpol,A Time to Be So Small (Second Demo),Turn On The Bright Lights: The Tenth Anniversary Edition Bonus Disc,Post-Punk Revival,2012,USA,871k,flac,5:46,Studio,LP
Interpol,Untitled (Third Demo),Turn On The Bright Lights: The Tenth Anniversary Edition Bonus Disc,Post-Punk Revival,2012,USA,868k,flac,4:12,Studio,LP
Interpol,Stella (Third Demo),Turn On The Bright Lights: The Tenth Anniversary Edition Bonus Disc,Post-Punk Revival,2012,USA,921k,flac,6:39,Studio,LP
Interpol,NYC (Third Demo),Turn On The Bright Lights: The Tenth Anniversary Edition Bonus Disc,Post-Punk Revival,2012,USA,881k,flac,4:26,Studio,LP
Interpol,Leif Erikson (Third Demo),Turn On The Bright Lights: The Tenth Anniversary Edition Bonus Disc,Post-Punk Revival,2012,USA,898k,flac,4:27,Studio,LP
Interpol,Gavilan/Cubed (Third Demo),Turn On The Bright Lights: The Tenth Anniversary Edition Bonus Disc,Post-Punk Revival,2012,USA,841k,flac,6:48,Studio,LP
Interpol,Obstacle 2 (Peel Session),Turn On The Bright Lights: The Tenth Anniversary Edition Bonus Disc,Post-Punk Revival,2012,USA,978k,flac,3:53,Live,LP
Interpol,Hands Away (Peel Session),Turn On The Bright Lights: The Tenth Anniversary Edition Bonus Disc,Post-Punk Revival,2012,USA,841k,flac,3:09,Live,LP
Interpol,The New (Peel Session),Turn On The Bright Lights: The Tenth Anniversary Edition Bonus Disc,Post-Punk Revival,2012,USA,893k,flac,5:59,Live,LP
Interpol,NYC (Peel Session),Turn On The Bright Lights: The Tenth Anniversary Edition Bonus Disc,Post-Punk Revival,2012,USA,918k,flac,4:17,Live,LP
Slint,Ron,Tweez,Noise Rock; Math Rock; Post-Hardcore,1993,USA,192k,mp3,1:55,Studio,LP
Slint,Nan Ding,Tweez,Noise Rock; Math Rock; Post-Hardcore,1993,USA,192k,mp3,1:47,Studio,LP
Slint,Carol,Tweez,Noise Rock; Math Rock; Post-Hardcore,1993,USA,192k,mp3,3:40,Studio,LP
Slint,Kent,Tweez,Noise Rock; Math Rock; Post-Hardcore,1993,USA,192k,mp3,5:48,Studio,LP
Slint,Charlotte,Tweez,Noise Rock; Math Rock; Post-Hardcore,1993,USA,192k,mp3,4:29,Studio,LP
Slint,Darlene,Tweez,Noise Rock; Math Rock; Post-Hardcore,1993,USA,192k,mp3,3:05,Studio,LP
Slint,Warren,Tweez,Noise Rock; Math Rock; Post-Hardcore,1993,USA,192k,mp3,2:32,Studio,LP
Slint,Pat,Tweez,Noise Rock; Math Rock; Post-Hardcore,1993,USA,192k,mp3,3:35,Studio,LP
Slint,Rhonda,Tweez,Noise Rock; Math Rock; Post-Hardcore,1993,USA,192k,mp3,2:36,Studio,LP
bôa,Duvet,Twilight,Alternative Rock,2001,UK; England,320k,mp3,3:23,Studio,LP
bôa,Twilight,Twilight,Alternative Rock,2001,UK; England,320k,mp3,3:48,Studio,LP
bôa,Fool,Twilight,Alternative Rock,2001,UK; England,320k,mp3,5:07,Studio,LP
bôa,Rain,Twilight,Alternative Rock,2001,UK; England,320k,mp3,3:56,Studio,LP
bôa,Elephant,Twilight,Alternative Rock,2001,UK; England,320k,mp3,3:54,Studio,LP
bôa,Scoring,Twilight,Alternative Rock,2001,UK; England,320k,mp3,3:50,Studio,LP
bôa,Deeply,Twilight,Alternative Rock,2001,UK; England,320k,mp3,4:35,Studio,LP
bôa,One Day,Twilight,Alternative Rock,2001,UK; England,320k,mp3,2:40,Studio,LP
bôa,Welcome,Twilight,Alternative Rock,2001,UK; England,320k,mp3,5:05,Studio,LP
bôa,For Jasmine,Twilight,Alternative Rock,2001,UK; England,320k,mp3,5:17,Studio,LP
bôa,Anna Maria,Twilight,Alternative Rock,2001,UK; England,320k,mp3,4:05,Studio,LP
bôa,Duvet (acoustic),Twilight,Alternative Rock,2001,UK; England,320k,mp3,5:14,Studio,LP
bôa,Little Miss,Twilight,Alternative Rock,2001,UK; England,320k,mp3,3:53,Studio,LP
bôa,Drinking,Twilight,Alternative Rock,2001,UK; England,320k,mp3,4:12,Studio,LP
Candy Claws,Two Airships,Two Airships / Exploder Falls,Neo-Psychedelia,2008,USA,128k,mp3,12:18,Studio,LP
Candy Claws,Exploder Falls,Two Airships / Exploder Falls,Neo-Psychedelia,2008,USA,128k,mp3,17:48,Studio,LP
Big Thief,Rock and Sing,Two Hands,Indie Rock; Indie Folk,2019,USA,320k,mp3,2:03,Studio,LP
Big Thief,Forgotten Eyes,Two Hands,Indie Rock; Indie Folk,2019,USA,320k,mp3,3:31,Studio,LP
Big Thief,The Toy,Two Hands,Indie Rock; Indie Folk,2019,USA,320k,mp3,4:16,Studio,LP
Big Thief,Two Hands,Two Hands,Indie Rock; Indie Folk,2019,USA,320k,mp3,3:52,Studio,LP
Big Thief,Those Girls,Two Hands,Indie Rock; Indie Folk,2019,USA,320k,mp3,3:22,Studio,LP
Big Thief,Shoulders,Two Hands,Indie Rock; Indie Folk,2019,USA,320k,mp3,3:13,Studio,LP
Big Thief,Not,Two Hands,Indie Rock; Indie Folk,2019,USA,320k,mp3,6:07,Studio,LP
Big Thief,Wolf,Two Hands,Indie Rock; Indie Folk,2019,USA,320k,mp3,4:42,Studio,LP
Big Thief,Replaced,Two Hands,Indie Rock; Indie Folk,2019,USA,320k,mp3,4:54,Studio,LP
Big Thief,Cut My Hair,Two Hands,Indie Rock; Indie Folk,2019,USA,320k,mp3,3:36,Studio,LP
Big Thief,Contact,U.F.O.F.,Indie Folk,2019,USA,320k,mp3,3:54,Studio,LP
Big Thief,UFOF,U.F.O.F.,Indie Folk,2019,USA,320k,mp3,3:08,Studio,LP
Big Thief,Cattails,U.F.O.F.,Indie Folk,2019,USA,320k,mp3,4:05,Studio,LP
Big Thief,From,U.F.O.F.,Indie Folk,2019,USA,320k,mp3,3:58,Studio,LP
Big Thief,Open Desert,U.F.O.F.,Indie Folk,2019,USA,320k,mp3,3:47,Studio,LP
Big Thief,Orange,U.F.O.F.,Indie Folk,2019,USA,320k,mp3,3:30,Studio,LP
Big Thief,Century,U.F.O.F.,Indie Folk,2019,USA,320k,mp3,3:07,Studio,LP
Big Thief,Strange,U.F.O.F.,Indie Folk,2019,USA,320k,mp3,3:41,Studio,LP
Big Thief,Betsy,U.F.O.F.,Indie Folk,2019,USA,320k,mp3,3:28,Studio,LP
Big Thief,Terminal Paradise,U.F.O.F.,Indie Folk,2019,USA,320k,mp3,3:25,Studio,LP
Big Thief,Jenni,U.F.O.F.,Indie Folk,2019,USA,320k,mp3,4:11,Studio,LP
Big Thief,Magic Dealer,U.F.O.F.,Indie Folk,2019,USA,320k,mp3,3:01,Studio,LP
Fishmans,Pokka Pokka,Uchū Nippon Setagaya,Dub; Dream Pop; Downtempo,1997,Japan,320k,mp3,4:04,Studio,LP
Fishmans,Weather Report,Uchū Nippon Setagaya,Dub; Dream Pop; Downtempo,1997,Japan,320k,mp3,8:42,Studio,LP
Fishmans,Ushiro Sugata,Uchū Nippon Setagaya,Dub; Dream Pop; Downtempo,1997,Japan,320k,mp3,5:13,Studio,LP
Fishmans,In the Flight,Uchū Nippon Setagaya,Dub; Dream Pop; Downtempo,1997,Japan,320k,mp3,5:36,Studio,LP
Fishmans,Magic Love,Uchū Nippon Setagaya,Dub; Dream Pop; Downtempo,1997,Japan,320k,mp3,4:58,Studio,LP
Fishmans,Backbeat ni Nokkatte,Uchū Nippon Setagaya,Dub; Dream Pop; Downtempo,1997,Japan,320k,mp3,8:26,Studio,LP
Fishmans,Walking in the Rhythm,Uchū Nippon Setagaya,Dub; Dream Pop; Downtempo,1997,Japan,320k,mp3,12:56,Studio,LP
Fishmans,Daydream,Uchū Nippon Setagaya,Dub; Dream Pop; Downtempo,1997,Japan,320k,mp3,8:37,Studio,LP
Kaironꓼ IRSE!,Valorians,Ujubasajuba,Shoegaze; Space Rock Revival; Post-Rock,2014,Finland,1775k,flac,5:02,Studio,LP
Kaironꓼ IRSE!,Tzar Morei,Ujubasajuba,Shoegaze; Space Rock Revival; Post-Rock,2014,Finland,1711k,flac,9:44,Studio,LP
Kaironꓼ IRSE!,Amsterdam,Ujubasajuba,Shoegaze; Space Rock Revival; Post-Rock,2014,Finland,1675k,flac,7:17,Studio,LP
Kaironꓼ IRSE!,Swarm,Ujubasajuba,Shoegaze; Space Rock Revival; Post-Rock,2014,Finland,1671k,flac,9:40,Studio,LP
Kaironꓼ IRSE!,Rulons,Ujubasajuba,Shoegaze; Space Rock Revival; Post-Rock,2014,Finland,1579k,flac,8:26,Studio,LP
Kaironꓼ IRSE!,"Les, Moh y Gribi",Ujubasajuba,Shoegaze; Space Rock Revival; Post-Rock,2014,Finland,1733k,flac,10:54,Studio,LP
Pink Floyd,Astronomy Domine (live),Ummagumma,Psychedelic Rock,1969,UK; England,320k,mp3,8:32,Live,LP
Pink Floyd,"Careful With That Axe, Eugene (live)",Ummagumma,Psychedelic Rock,1969,UK; England,320k,mp3,8:49,Live,LP
Pink Floyd,Set the Controls for the Heart of the Sun (live),Ummagumma,Psychedelic Rock,1969,UK; England,320k,mp3,9:27,Live,LP
Pink Floyd,A Saucerful of Secrets (live),Ummagumma,Psychedelic Rock,1969,UK; England,320k,mp3,12:51,Live,LP
Pink Floyd,"Sysyphus, Pt. 1",Ummagumma,Psychedelic Rock,1969,UK; England,320k,mp3,1:09,Studio,LP
Pink Floyd,"Sysyphus, Pt. 2",Ummagumma,Psychedelic Rock,1969,UK; England,320k,mp3,3:30,Studio,LP
Pink Floyd,"Sysyphus, Pt. 3",Ummagumma,Psychedelic Rock,1969,UK; England,320k,mp3,1:49,Studio,LP
Pink Floyd,"Sysyphus, Pt. 4",Ummagumma,Psychedelic Rock,1969,UK; England,320k,mp3,6:59,Studio,LP
Pink Floyd,Grantchester Meadows,Ummagumma,Psychedelic Rock,1969,UK; England,320k,mp3,7:27,Studio,LP
Pink Floyd,Several Species of Small Furry Animals Gathered Together in a Cave and Grooving With a Pict,Ummagumma,Psychedelic Rock,1969,UK; England,320k,mp3,4:58,Studio,LP
Pink Floyd,"The Narrow Way, Pt. 1",Ummagumma,Psychedelic Rock,1969,UK; England,320k,mp3,3:28,Studio,LP
Pink Floyd,"The Narrow Way, Pt. 2",Ummagumma,Psychedelic Rock,1969,UK; England,320k,mp3,2:53,Studio,LP
Pink Floyd,"The Narrow Way, Pt. 3",Ummagumma,Psychedelic Rock,1969,UK; England,320k,mp3,5:57,Studio,LP
Pink Floyd,"The Grand Vizier's Garden Party, Pt. 1 (Entrance)",Ummagumma,Psychedelic Rock,1969,UK; England,320k,mp3,0:59,Studio,LP
Pink Floyd,"The Grand Vizier's Garden Party, Pt. 2 (Entertainment)",Ummagumma,Psychedelic Rock,1969,UK; England,320k,mp3,7:06,Studio,LP
Pink Floyd,"The Grand Vizier's Garden Party, Pt. 3 (Exit)",Ummagumma,Psychedelic Rock,1969,UK; England,320k,mp3,0:41,Studio,LP
Aksak Maboul,A Modern Lesson,Un Peu De L'ame Des Bandits,Rock In Opposition,1980,Belgium,238k VBR,mp3,5:00,Studio,LP
Aksak Maboul,Palmiers En Pots,Un Peu De L'ame Des Bandits,Rock In Opposition,1980,Belgium,229k VBR,mp3,3:24,Studio,LP
Aksak Maboul,Geistige Nacht,Un Peu De L'ame Des Bandits,Rock In Opposition,1980,Belgium,236k VBR,mp3,5:20,Studio,LP
Aksak Maboul,I Viaggi Formano La Gioventu,Un Peu De L'ame Des Bandits,Rock In Opposition,1980,Belgium,254k VBR,mp3,5:13,Studio,LP
Aksak Maboul,Inoculating Rabies,Un Peu De L'ame Des Bandits,Rock In Opposition,1980,Belgium,207k VBR,mp3,1:59,Studio,LP
Aksak Maboul,Cinema,Un Peu De L'ame Des Bandits,Rock In Opposition,1980,Belgium,233k VBR,mp3,23:03,Studio,LP
Aksak Maboul,Bosses De Crosses,Un Peu De L'ame Des Bandits,Rock In Opposition,1980,Belgium,241k VBR,mp3,7:02,Studio,LP
The Mothers of Invention,Uncle Meat: Main Title Theme,Uncle Meat,Alternative Rock,1969,USA,320k VBR,mp3,1:55,Studio,LP
The Mothers of Invention,The Voice of Cheese,Uncle Meat,Alternative Rock,1969,USA,320k VBR,mp3,0:26,Studio,LP
The Mothers of Invention,Nine Types of Industrial Pollution,Uncle Meat,Alternative Rock,1969,USA,320k VBR,mp3,6:02,Studio,LP
The Mothers of Invention,Zolar Czakl,Uncle Meat,Alternative Rock,1969,USA,320k VBR,mp3,0:55,Studio,LP
The Mothers of Invention,"Dog Breath, in the Year of the Plague",Uncle Meat,Alternative Rock,1969,USA,320k VBR,mp3,4:00,Studio,LP
The Mothers of Invention,The Legend of the Golden Arches,Uncle Meat,Alternative Rock,1969,USA,320k VBR,mp3,3:16,Studio,LP
The Mothers of Invention,Louie Louie (At the Royal Albert Hall in London) (Berry),Uncle Meat,Alternative Rock,1969,USA,320k VBR,mp3,2:27,Studio,LP
The Mothers of Invention,The Dog Breath Variations,Uncle Meat,Alternative Rock,1969,USA,320k VBR,mp3,1:52,Studio,LP
The Mothers of Invention,Sleeping in a Jar,Uncle Meat,Alternative Rock,1969,USA,320k VBR,mp3,0:49,Studio,LP
The Mothers of Invention,Our Bizarre Relationship,Uncle Meat,Alternative Rock,1969,USA,320k VBR,mp3,1:06,Studio,LP
The Mothers of Invention,The Uncle Meat Variations,Uncle Meat,Alternative Rock,1969,USA,320k VBR,mp3,4:47,Studio,LP
The Mothers of Invention,Electric Aunt Jemima,Uncle Meat,Alternative Rock,1969,USA,320k VBR,mp3,1:46,Studio,LP
The Mothers of Invention,Prelude to King Kong,Uncle Meat,Alternative Rock,1969,USA,320k VBR,mp3,3:38,Studio,LP
The Mothers of Invention,God Bless America (live at the Whisky a Go Go) (Berlin),Uncle Meat,Alternative Rock,1969,USA,320k VBR,mp3,1:10,Studio,LP
The Mothers of Invention,A Pound for a Brown on the Bus,Uncle Meat,Alternative Rock,1969,USA,320k VBR,mp3,1:29,Studio,LP
The Mothers of Invention,Ian Underwood Whips It Out (live on Stage in Copenhagen),Uncle Meat,Alternative Rock,1969,USA,320k VBR,mp3,5:07,Studio,LP
The Mothers of Invention,Mr. Green Genes,Uncle Meat,Alternative Rock,1969,USA,320k VBR,mp3,3:12,Studio,LP
The Mothers of Invention,We Can Shoot You,Uncle Meat,Alternative Rock,1969,USA,320k VBR,mp3,2:03,Studio,LP
The Mothers of Invention,If We'd All Been Living in California.... ,Uncle Meat,Alternative Rock,1969,USA,320k VBR,mp3,1:13,Studio,LP
The Mothers of Invention,The Air,Uncle Meat,Alternative Rock,1969,USA,320k VBR,mp3,2:57,Studio,LP
The Mothers of Invention,Project X,Uncle Meat,Alternative Rock,1969,USA,320k VBR,mp3,4:48,Studio,LP
The Mothers of Invention,Cruising for Burgers,Uncle Meat,Alternative Rock,1969,USA,320k VBR,mp3,2:17,Studio,LP
The Mothers of Invention,King Kong Itself (As Played by the Mothers in a studio),Uncle Meat,Alternative Rock,1969,USA,320k VBR,mp3,18:09,Studio,LP
Earwig,Every Day Shines,Under My Skin I Am Laughing,Post-Rock; Indietronica,1992,UK; England,771k,flac,10:35,Studio,LP
Earwig,Safe in My Hands,Under My Skin I Am Laughing,Post-Rock; Indietronica,1992,UK; England,774k,flac,5:33,Studio,LP
Earwig,When You're Quiet,Under My Skin I Am Laughing,Post-Rock; Indietronica,1992,UK; England,680k,flac,6:05,Studio,LP
Earwig,Scraped Out,Under My Skin I Am Laughing,Post-Rock; Indietronica,1992,UK; England,730k,flac,7:31,Studio,LP
Earwig,We Could Be Sisters,Under My Skin I Am Laughing,Post-Rock; Indietronica,1992,UK; England,708k,flac,5:10,Studio,LP
Earwig,Never Be Lonely Again,Under My Skin I Am Laughing,Post-Rock; Indietronica,1992,UK; England,594k,flac,5:56,Studio,LP
Earwig,Sickhair,Under My Skin I Am Laughing,Post-Rock; Indietronica,1992,UK; England,761k,flac,5:58,Studio,LP
Earwig,Every Day Shines (D. Mix),Under My Skin I Am Laughing,Post-Rock; Indietronica,1992,UK; England,825k,flac,9:42,Studio,LP
Earwig,I Need Feel,Under My Skin I Am Laughing,Post-Rock; Indietronica,1992,UK; England,680k,flac,10:09,Studio,LP
Storm and Stress,"The Sky's the Ground, the Bombs Are Plants, and We're the Sun, Love",Under Thunder and Fluorescent Light,Experimental Rock; Free Improvisation; Math Rock,2000,USA,272k VBR,mp3,4:45,Studio,LP
Storm and Stress,An Address That Was to Skip Ahead of the Gallop of Its Own Sperm and Eggs and Wait for Itself in the Future: Letter to 2096,Under Thunder and Fluorescent Light,Experimental Rock; Free Improvisation; Math Rock,2000,USA,254k VBR,mp3,4:50,Studio,LP
Storm and Stress,Meet Me in the Space They Stare at Leaving Their Seat During a Show,Under Thunder and Fluorescent Light,Experimental Rock; Free Improvisation; Math Rock,2000,USA,268k VBR,mp3,6:11,Studio,LP
Storm and Stress,It Takes a Million Years to Become Diamonds So Let's Just Burn Like Coal Until the Sky's Black,Under Thunder and Fluorescent Light,Experimental Rock; Free Improvisation; Math Rock,2000,USA,278k VBR,mp3,5:05,Studio,LP
Storm and Stress,The 1st Our Lady of Burning Thorns,Under Thunder and Fluorescent Light,Experimental Rock; Free Improvisation; Math Rock,2000,USA,268k VBR,mp3,6:14,Studio,LP
Storm and Stress,"O, When My Lady Comes",Under Thunder and Fluorescent Light,Experimental Rock; Free Improvisation; Math Rock,2000,USA,251k VBR,mp3,1:49,Studio,LP
Storm and Stress,The 2nd Perpetuate the Beautiful,Under Thunder and Fluorescent Light,Experimental Rock; Free Improvisation; Math Rock,2000,USA,256k VBR,mp3,4:08,Studio,LP
Storm and Stress,And Third and Youngest Unnamed,Under Thunder and Fluorescent Light,Experimental Rock; Free Improvisation; Math Rock,2000,USA,258k VBR,mp3,5:13,Studio,LP
Storm and Stress,"Forever, Like Anti-Oxidants (Listen to the Sound Our Cells Make)",Under Thunder and Fluorescent Light,Experimental Rock; Free Improvisation; Math Rock,2000,USA,262k VBR,mp3,5:11,Studio,LP
The Necks,Rise,Unfold,Avant-Garde Jazz; Free Improvisation,2017,Australia,320k,mp3,15:33,Studio,LP
The Necks,Overhear,Unfold,Avant-Garde Jazz; Free Improvisation,2017,Australia,320k,mp3,16:17,Studio,LP
The Necks,Blue Mountain,Unfold,Avant-Garde Jazz; Free Improvisation,2017,Australia,320k,mp3,20:59,Studio,LP
The Necks,Timepiece,Unfold,Avant-Garde Jazz; Free Improvisation,2017,Australia,320k,mp3,21:47,Studio,LP
Cecil Taylor,Steps,Unit Structures,Free Jazz,1966,USA,320k,mp3,10:20,Studio,LP
Cecil Taylor,"Enter, Evening (Soft Line Structure)",Unit Structures,Free Jazz,1966,USA,320k,mp3,11:06,Studio,LP
Cecil Taylor,"Enter, Evening (alternate take)",Unit Structures,Free Jazz,1966,USA,320k,mp3,10:11,Studio,LP
Cecil Taylor,"Unit Structure,As of a Now,Section",Unit Structures,Free Jazz,1966,USA,320k,mp3,17:47,Studio,LP
Cecil Taylor,Tales (8 Whisps),Unit Structures,Free Jazz,1966,USA,320k,mp3,7:14,Studio,LP
Joy Division,Disorder,Unknown Pleasures,Post-Punk,1979,UK; England,3043k,flac,3:31,Studio,LP
Joy Division,Day Of The Lords,Unknown Pleasures,Post-Punk,1979,UK; England,2958k,flac,4:49,Studio,LP
Joy Division,Candidate,Unknown Pleasures,Post-Punk,1979,UK; England,2899k,flac,3:04,Studio,LP
Joy Division,Insight,Unknown Pleasures,Post-Punk,1979,UK; England,2873k,flac,4:29,Studio,LP
Joy Division,New Dawn Fades,Unknown Pleasures,Post-Punk,1979,UK; England,2921k,flac,4:49,Studio,LP
Joy Division,She's Lost Control,Unknown Pleasures,Post-Punk,1979,UK; England,2994k,flac,3:57,Studio,LP
Joy Division,Shadowplay,Unknown Pleasures,Post-Punk,1979,UK; England,3078k,flac,3:56,Studio,LP
Joy Division,Wilderness,Unknown Pleasures,Post-Punk,1979,UK; England,3005k,flac,2:39,Studio,LP
Joy Division,Interzone,Unknown Pleasures,Post-Punk,1979,UK; England,3086k,flac,2:16,Studio,LP
Joy Division,I Remember Nothing,Unknown Pleasures,Post-Punk,1979,UK; England,2852k,flac,5:54,Studio,LP
Autechre,LCC,Untilted,IDM,2005,UK; England,188k VBR,mp3,7:46,Studio,LP
Autechre,Ipacial Section,Untilted,IDM,2005,UK; England,179k VBR,mp3,9:57,Studio,LP
Autechre,Pro Radii,Untilted,IDM,2005,UK; England,206k VBR,mp3,8:41,Studio,LP
Autechre,Augmatic Disport,Untilted,IDM,2005,UK; England,155k VBR,mp3,9:28,Studio,LP
Autechre,Iera,Untilted,IDM,2005,UK; England,173k VBR,mp3,4:54,Studio,LP
Autechre,Fermium,Untilted,IDM,2005,UK; England,148k VBR,mp3,5:44,Studio,LP
Autechre,The Trees,Untilted,IDM,2005,UK; England,159k VBR,mp3,7:26,Studio,LP
Autechre,Sublimit,Untilted,IDM,2005,UK; England,183k VBR,mp3,16:00,Studio,LP
Autechre,Zurich 2001 (Bonus Track),Untilted,IDM,2005,UK; England,201k VBR,mp3,1:51,Studio,LP
Burial,[untitled],Untrue,Future Garage; Dubstep,2007,UK; England,320k,mp3,0:50,Studio,LP
Burial,Archangel,Untrue,Future Garage; Dubstep,2007,UK; England,320k,mp3,4:02,Studio,LP
Burial,Near Dark,Untrue,Future Garage; Dubstep,2007,UK; England,320k,mp3,3:58,Studio,LP
Burial,Ghost Hardware,Untrue,Future Garage; Dubstep,2007,UK; England,320k,mp3,4:57,Studio,LP
Burial,Endorphin,Untrue,Future Garage; Dubstep,2007,UK; England,320k,mp3,3:01,Studio,LP
Burial,Etched Headplate,Untrue,Future Garage; Dubstep,2007,UK; England,320k,mp3,6:03,Studio,LP
Burial,In McDonalds,Untrue,Future Garage; Dubstep,2007,UK; England,320k,mp3,2:11,Studio,LP
Burial,Untrue,Untrue,Future Garage; Dubstep,2007,UK; England,320k,mp3,6:20,Studio,LP
Burial,Shell of Light,Untrue,Future Garage; Dubstep,2007,UK; England,320k,mp3,4:44,Studio,LP
Burial,Dog Shelter,Untrue,Future Garage; Dubstep,2007,UK; England,320k,mp3,3:03,Studio,LP
Burial,Homeless,Untrue,Future Garage; Dubstep,2007,UK; England,320k,mp3,5:24,Studio,LP
Burial,UK,Untrue,Future Garage; Dubstep,2007,UK; England,320k,mp3,1:44,Studio,LP
Burial,Raver,Untrue,Future Garage; Dubstep,2007,UK; England,320k,mp3,4:59,Studio,LP
Unwound,Antifreeze,Unwound,Post-Hardcore; Noise Rock,1995,USA,320k,mp3,1:50,Studio,LP
Unwound,Rising Blood,Unwound,Post-Hardcore; Noise Rock,1995,USA,320k,mp3,3:02,Studio,LP
Unwound,Understand & Forget,Unwound,Post-Hardcore; Noise Rock,1995,USA,320k,mp3,2:12,Studio,LP
Unwound,Fingertips,Unwound,Post-Hardcore; Noise Rock,1995,USA,320k,mp3,2:40,Studio,LP
Unwound,You Bite My Tongue,Unwound,Post-Hardcore; Noise Rock,1995,USA,320k,mp3,2:06,Studio,LP
Unwound,Stuck in the Middle of Nowhere Again,Unwound,Post-Hardcore; Noise Rock,1995,USA,320k,mp3,3:34,Studio,LP
Unwound,Warmth,Unwound,Post-Hardcore; Noise Rock,1995,USA,320k,mp3,2:12,Studio,LP
Unwound,Prospect,Unwound,Post-Hardcore; Noise Rock,1995,USA,320k,mp3,2:29,Studio,LP
Unwound,Kid Is Gone,Unwound,Post-Hardcore; Noise Rock,1995,USA,320k,mp3,2:11,Studio,LP
Unwound,Kandy Korn Rituals,Unwound,Post-Hardcore; Noise Rock,1995,USA,320k,mp3,5:19,Studio,LP
Björk,Arisen My Senses,Utopia,Art Pop; Glitch Pop,2017,Iceland,1015k,flac,4:59,Studio,LP
Björk,Blissing Me,Utopia,Art Pop; Glitch Pop,2017,Iceland,849k,flac,5:05,Studio,LP
Björk,The Gate,Utopia,Art Pop; Glitch Pop,2017,Iceland,873k,flac,6:33,Studio,LP
Björk,Utopia,Utopia,Art Pop; Glitch Pop,2017,Iceland,950k,flac,4:42,Studio,LP
Björk,Body Memory,Utopia,Art Pop; Glitch Pop,2017,Iceland,903k,flac,9:46,Studio,LP
Björk,Features Creatures,Utopia,Art Pop; Glitch Pop,2017,Iceland,785k,flac,4:49,Studio,LP
Björk,Courtship,Utopia,Art Pop; Glitch Pop,2017,Iceland,857k,flac,4:44,Studio,LP
Björk,Losss,Utopia,Art Pop; Glitch Pop,2017,Iceland,976k,flac,6:51,Studio,LP
Björk,Sue Me,Utopia,Art Pop; Glitch Pop,2017,Iceland,986k,flac,4:57,Studio,LP
Björk,Tabula Rasa,Utopia,Art Pop; Glitch Pop,2017,Iceland,791k,flac,4:42,Studio,LP
Björk,Claimstaker,Utopia,Art Pop; Glitch Pop,2017,Iceland,742k,flac,3:18,Studio,LP
Björk,Paradisia,Utopia,Art Pop; Glitch Pop,2017,Iceland,796k,flac,1:44,Studio,LP
Björk,Saint,Utopia,Art Pop; Glitch Pop,2017,Iceland,915k,flac,4:41,Studio,LP
Björk,Future Forever,Utopia,Art Pop; Glitch Pop,2017,Iceland,730k,flac,4:47,Studio,LP
Faust,Track 1,V,Krautrock,1975,Germany,192k,mp3,8:51,Studio,LP
Faust,Track 2,V,Krautrock,1975,Germany,192k,mp3,12:24,Studio,LP
Faust,Track 3,V,Krautrock,1975,Germany,192k,mp3,1:44,Studio,LP
Faust,Track 4 (Baby Rock),V,Krautrock,1975,Germany,192k,mp3,1:59,Studio,LP
Faust,Title 5 (Duck A L'Orange),V,Krautrock,1975,Germany,192k,mp3,2:14,Studio,LP
Faust,Track 6 (Warble Up),V,Krautrock,1975,Germany,192k,mp3,2:00,Studio,LP
Faust,Track 7 (Jugger's Knot),V,Krautrock,1975,Germany,192k,mp3,6:34,Studio,LP
Faust,Track 8 (Triump-ent),V,Krautrock,1975,Germany,192k,mp3,9:14,Studio,LP
Long Fin Killie,Godiva,Valentino,Indie Rock; Post-Rock,1996,UK; Scotland,192k,mp3,4:45,Studio,LP
Long Fin Killie,Pele,Valentino,Indie Rock; Post-Rock,1996,UK; Scotland,192k,mp3,4:36,Studio,LP
Long Fin Killie,Kitten Heels,Valentino,Indie Rock; Post-Rock,1996,UK; Scotland,192k,mp3,2:52,Studio,LP
Long Fin Killie,A Thousand Wounded Astronauts,Valentino,Indie Rock; Post-Rock,1996,UK; Scotland,192k,mp3,1:07,Studio,LP
Long Fin Killie,Hands and Lips,Valentino,Indie Rock; Post-Rock,1996,UK; Scotland,192k,mp3,3:52,Studio,LP
Long Fin Killie,Valentino,Valentino,Indie Rock; Post-Rock,1996,UK; Scotland,192k,mp3,6:36,Studio,LP
Long Fin Killie,Coward,Valentino,Indie Rock; Post-Rock,1996,UK; Scotland,192k,mp3,5:17,Studio,LP
Long Fin Killie,Girlfriend,Valentino,Indie Rock; Post-Rock,1996,UK; Scotland,192k,mp3,3:05,Studio,LP
Long Fin Killie,Matador,Valentino,Indie Rock; Post-Rock,1996,UK; Scotland,192k,mp3,6:22,Studio,LP
Long Fin Killie,Cop,Valentino,Indie Rock; Post-Rock,1996,UK; Scotland,192k,mp3,3:23,Studio,LP
Long Fin Killie,Cupid,Valentino,Indie Rock; Post-Rock,1996,UK; Scotland,192k,mp3,7:46,Studio,LP
Long Fin Killie,Fresher,Valentino,Indie Rock; Post-Rock,1996,UK; Scotland,192k,mp3,2:56,Studio,LP
Sigur Rós,Ég anda,Valtari,Ambient; Post-Rock,2012,Iceland,320k,mp3,6:15,Studio,LP
Sigur Rós,Ekki múkk,Valtari,Ambient; Post-Rock,2012,Iceland,320k,mp3,7:44,Studio,LP
Sigur Rós,Varúð,Valtari,Ambient; Post-Rock,2012,Iceland,320k,mp3,6:37,Studio,LP
Sigur Rós,Rembihnútur,Valtari,Ambient; Post-Rock,2012,Iceland,320k,mp3,5:05,Studio,LP
Sigur Rós,Dauðalogn,Valtari,Ambient; Post-Rock,2012,Iceland,320k,mp3,6:36,Studio,LP
Sigur Rós,Varðeldur,Valtari,Ambient; Post-Rock,2012,Iceland,320k,mp3,6:07,Studio,LP
Sigur Rós,Valtari,Valtari,Ambient; Post-Rock,2012,Iceland,320k,mp3,8:18,Studio,LP
Sigur Rós,Fjögur píanó,Valtari,Ambient; Post-Rock,2012,Iceland,320k,mp3,7:50,Studio,LP
Yosi Horikawa,Intro,Vapor,IDM,2013,Japan,320k,mp3,1:39,Studio,LP
Yosi Horikawa,Bump,Vapor,IDM,2013,Japan,320k,mp3,4:41,Studio,LP
Yosi Horikawa,Maki,Vapor,IDM,2013,Japan,320k,mp3,4:49,Studio,LP
Yosi Horikawa,Splash,Vapor,IDM,2013,Japan,320k,mp3,4:05,Studio,LP
Yosi Horikawa,Beer,Vapor,IDM,2013,Japan,320k,mp3,3:22,Studio,LP
Yosi Horikawa,Wandering,Vapor,IDM,2013,Japan,320k,mp3,4:03,Studio,LP
Yosi Horikawa,Interlude,Vapor,IDM,2013,Japan,320k,mp3,2:30,Studio,LP
Yosi Horikawa,Summer in 1987,Vapor,IDM,2013,Japan,320k,mp3,6:04,Studio,LP
Yosi Horikawa,Kingdom Of Frogs,Vapor,IDM,2013,Japan,320k,mp3,4:29,Studio,LP
Yosi Horikawa,Rainbow,Vapor,IDM,2013,Japan,320k,mp3,6:29,Studio,LP
Yosi Horikawa,Cave,Vapor,IDM,2013,Japan,320k,mp3,3:50,Studio,LP
Yosi Horikawa,Starlings,Vapor,IDM,2013,Japan,320k,mp3,4:53,Studio,LP
Yosi Horikawa,Letter,Vapor,IDM,2013,Japan,320k,mp3,4:24,Studio,LP
Yosi Horikawa,Stars,Vapor,IDM,2013,Japan,320k,mp3,6:19,Studio,LP
Yosi Horikawa,Grandpa,Vapor,IDM,2013,Japan,320k,mp3,6:02,Studio,LP
Yosi Horikawa,Outro,Vapor,IDM,2013,Japan,320k,mp3,2:21,Studio,LP
Grizzly Bear,Southern Point,Veckatimest,Psychedelic Folk; Psychedelic Pop; Indie Folk,2009,USA,320k,mp3,5:02,Studio,LP
Grizzly Bear,Two Weeks,Veckatimest,Psychedelic Folk; Psychedelic Pop; Indie Folk,2009,USA,320k,mp3,4:03,Studio,LP
Grizzly Bear,All We Ask,Veckatimest,Psychedelic Folk; Psychedelic Pop; Indie Folk,2009,USA,320k,mp3,5:21,Studio,LP
Grizzly Bear,Fine For Now,Veckatimest,Psychedelic Folk; Psychedelic Pop; Indie Folk,2009,USA,320k,mp3,5:31,Studio,LP
Grizzly Bear,Cheerleader,Veckatimest,Psychedelic Folk; Psychedelic Pop; Indie Folk,2009,USA,320k,mp3,4:54,Studio,LP
Grizzly Bear,Dory,Veckatimest,Psychedelic Folk; Psychedelic Pop; Indie Folk,2009,USA,320k,mp3,4:26,Studio,LP
Grizzly Bear,"Ready, Able",Veckatimest,Psychedelic Folk; Psychedelic Pop; Indie Folk,2009,USA,320k,mp3,4:17,Studio,LP
Grizzly Bear,About Face,Veckatimest,Psychedelic Folk; Psychedelic Pop; Indie Folk,2009,USA,320k,mp3,3:21,Studio,LP
Grizzly Bear,Hold Still,Veckatimest,Psychedelic Folk; Psychedelic Pop; Indie Folk,2009,USA,320k,mp3,2:24,Studio,LP
Grizzly Bear,While You Wait For The Others,Veckatimest,Psychedelic Folk; Psychedelic Pop; Indie Folk,2009,USA,320k,mp3,4:29,Studio,LP
Grizzly Bear,I Live With You,Veckatimest,Psychedelic Folk; Psychedelic Pop; Indie Folk,2009,USA,320k,mp3,4:57,Studio,LP
Grizzly Bear,Foreground,Veckatimest,Psychedelic Folk; Psychedelic Pop; Indie Folk,2009,USA,320k,mp3,3:35,Studio,LP
Sweet Trip,Tekka,Velocity : Design : Comfort,Glitch Pop; IDM; Shoegaze; Indietronica,2003,USA,1036k,flac,3:08,Studio,LP
Sweet Trip,DSCO,Velocity : Design : Comfort,Glitch Pop; IDM; Shoegaze; Indietronica,2003,USA,1142k,flac,3:11,Studio,LP
Sweet Trip,Velocity,Velocity : Design : Comfort,Glitch Pop; IDM; Shoegaze; Indietronica,2003,USA,883k,flac,8:34,Studio,LP
Sweet Trip,Fruitcake And Cookies,Velocity : Design : Comfort,Glitch Pop; IDM; Shoegaze; Indietronica,2003,USA,948k,flac,7:58,Studio,LP
Sweet Trip,Sept,Velocity : Design : Comfort,Glitch Pop; IDM; Shoegaze; Indietronica,2003,USA,878k,flac,8:26,Studio,LP
Sweet Trip,Pro : Lov : Ad,Velocity : Design : Comfort,Glitch Pop; IDM; Shoegaze; Indietronica,2003,USA,947k,flac,5:46,Studio,LP
Sweet Trip,Design : 1,Velocity : Design : Comfort,Glitch Pop; IDM; Shoegaze; Indietronica,2003,USA,919k,flac,3:32,Studio,LP
Sweet Trip,International,Velocity : Design : Comfort,Glitch Pop; IDM; Shoegaze; Indietronica,2003,USA,709k,flac,10:22,Studio,LP
Sweet Trip,Dedicated,Velocity : Design : Comfort,Glitch Pop; IDM; Shoegaze; Indietronica,2003,USA,871k,flac,5:50,Studio,LP
Sweet Trip,Chocolate Matter,Velocity : Design : Comfort,Glitch Pop; IDM; Shoegaze; Indietronica,2003,USA,1042k,flac,4:03,Studio,LP
Sweet Trip,"To All The Dancers Of The World, A Round Form Of Fantasy",Velocity : Design : Comfort,Glitch Pop; IDM; Shoegaze; Indietronica,2003,USA,908k,flac,6:18,Studio,LP
Sweet Trip,Design : 2 : 3,Velocity : Design : Comfort,Glitch Pop; IDM; Shoegaze; Indietronica,2003,USA,990k,flac,6:17,Studio,LP
Björk,Hidden Place,Vespertine,Art Pop; Electronic,2001,Iceland,818k,flac,5:28,Studio,LP
Björk,Cocoon,Vespertine,Art Pop; Electronic,2001,Iceland,723k,flac,4:28,Studio,LP
Björk,It’s Not Up to You,Vespertine,Art Pop; Electronic,2001,Iceland,759k,flac,5:08,Studio,LP
Björk,Undo,Vespertine,Art Pop; Electronic,2001,Iceland,790k,flac,5:38,Studio,LP
Björk,Pagan Poetry,Vespertine,Art Pop; Electronic,2001,Iceland,898k,flac,5:14,Studio,LP
Björk,Frosti,Vespertine,Art Pop; Electronic,2001,Iceland,719k,flac,1:41,Studio,LP
Björk,Aurora,Vespertine,Art Pop; Electronic,2001,Iceland,895k,flac,4:39,Studio,LP
Björk,"An Echo, a Stain",Vespertine,Art Pop; Electronic,2001,Iceland,785k,flac,4:04,Studio,LP
Björk,Sun in My Mouth,Vespertine,Art Pop; Electronic,2001,Iceland,855k,flac,2:40,Studio,LP
Björk,Heirloom,Vespertine,Art Pop; Electronic,2001,Iceland,803k,flac,5:11,Studio,LP
Björk,Harm of Will,Vespertine,Art Pop; Electronic,2001,Iceland,713k,flac,4:36,Studio,LP
Björk,Unison,Vespertine,Art Pop; Electronic,2001,Iceland,813k,flac,6:47,Studio,LP
Björk,Generous Palmstroke,Vespertine,Art Pop; Electronic,2001,Iceland,890k,flac,4:24,Studio,LP
Björk,Frosti,Vespertine Live,Electronic,2003,Iceland,320k,mp3,1:23,Live,LP
Björk,Overture,Vespertine Live,Electronic,2003,Iceland,320k,mp3,3:36,Live,LP
Björk,All Is Full of Love,Vespertine Live,Electronic,2003,Iceland,320k,mp3,4:04,Live,LP
Björk,Cocoon,Vespertine Live,Electronic,2003,Iceland,320k,mp3,4:31,Live,LP
Björk,Aurora,Vespertine Live,Electronic,2003,Iceland,320k,mp3,3:44,Live,LP
Björk,Undo,Vespertine Live,Electronic,2003,Iceland,320k,mp3,5:48,Live,LP
Björk,Unravel,Vespertine Live,Electronic,2003,Iceland,320k,mp3,3:38,Live,LP
Björk,I’ve Seen It All,Vespertine Live,Electronic,2003,Iceland,320k,mp3,5:17,Live,LP
Björk,"An Echo, a Stain",Vespertine Live,Electronic,2003,Iceland,320k,mp3,4:35,Live,LP
Björk,Generous Palmstroke,Vespertine Live,Electronic,2003,Iceland,320k,mp3,4:08,Live,LP
Björk,Hidden Place,Vespertine Live,Electronic,2003,Iceland,320k,mp3,5:37,Live,LP
Björk,Pagan Poetry,Vespertine Live,Electronic,2003,Iceland,320k,mp3,5:30,Live,LP
Björk,Harm of Will,Vespertine Live,Electronic,2003,Iceland,320k,mp3,4:31,Live,LP
Björk,It’s Not Up to You,Vespertine Live,Electronic,2003,Iceland,320k,mp3,5:24,Live,LP
Björk,Unison,Vespertine Live,Electronic,2003,Iceland,320k,mp3,6:22,Live,LP
Björk,It’s in Our Hands,Vespertine Live,Electronic,2003,Iceland,320k,mp3,6:27,Live,LP
Björk,Applause,Vespertine: Live At The Royal Opera House,Art Pop,2002,Iceland,192k,mp3,0:16,Live; Bootleg,LP
Björk,Frosti,Vespertine: Live At The Royal Opera House,Art Pop,2002,Iceland,192k,mp3,1:23,Live; Bootleg,LP
Björk,Overture,Vespertine: Live At The Royal Opera House,Art Pop,2002,Iceland,192k,mp3,3:36,Live; Bootleg,LP
Björk,All Is Full Of Love,Vespertine: Live At The Royal Opera House,Art Pop,2002,Iceland,192k,mp3,4:02,Live; Bootleg,LP
Björk,Aurora,Vespertine: Live At The Royal Opera House,Art Pop,2002,Iceland,192k,mp3,3:53,Live; Bootleg,LP
Björk,Undo,Vespertine: Live At The Royal Opera House,Art Pop,2002,Iceland,192k,mp3,5:54,Live; Bootleg,LP
Björk,Generous Palmstroke,Vespertine: Live At The Royal Opera House,Art Pop,2002,Iceland,192k,mp3,4:20,Live; Bootleg,LP
Björk,"An Echo, A Stain",Vespertine: Live At The Royal Opera House,Art Pop,2002,Iceland,192k,mp3,4:19,Live; Bootleg,LP
Björk,Hidden Place,Vespertine: Live At The Royal Opera House,Art Pop,2002,Iceland,192k,mp3,5:50,Live; Bootleg,LP
Björk,Cocoon,Vespertine: Live At The Royal Opera House,Art Pop,2002,Iceland,192k,mp3,4:43,Live; Bootleg,LP
Björk,Unison,Vespertine: Live At The Royal Opera House,Art Pop,2002,Iceland,192k,mp3,6:45,Live; Bootleg,LP
Björk,Harm Of Will,Vespertine: Live At The Royal Opera House,Art Pop,2002,Iceland,192k,mp3,4:22,Live; Bootleg,LP
Björk,It's Not Up To You,Vespertine: Live At The Royal Opera House,Art Pop,2002,Iceland,192k,mp3,5:20,Live; Bootleg,LP
Björk,Pagan Poetry,Vespertine: Live At The Royal Opera House,Art Pop,2002,Iceland,192k,mp3,5:31,Live; Bootleg,LP
Björk,Possibly Maybe,Vespertine: Live At The Royal Opera House,Art Pop,2002,Iceland,192k,mp3,6:00,Live; Bootleg,LP
Björk,Isobel,Vespertine: Live At The Royal Opera House,Art Pop,2002,Iceland,192k,mp3,6:13,Live; Bootleg,LP
Björk,Hyperballad,Vespertine: Live At The Royal Opera House,Art Pop,2002,Iceland,192k,mp3,4:59,Live; Bootleg,LP
Björk,Human Behaviour,Vespertine: Live At The Royal Opera House,Art Pop,2002,Iceland,192k,mp3,4:33,Live; Bootleg,LP
Björk,Joga,Vespertine: Live At The Royal Opera House,Art Pop,2002,Iceland,192k,mp3,6:30,Live; Bootleg,LP
Björk,It's In Our Hands,Vespertine: Live At The Royal Opera House,Art Pop,2002,Iceland,192k,mp3,5:58,Live; Bootleg,LP
Viet Cong,Newspaper Spoons,Viet Cong,Post-Punk,2015,USA,320k,mp3,3:02,Studio,LP
Viet Cong,Pointless Experience,Viet Cong,Post-Punk,2015,USA,320k,mp3,2:59,Studio,LP
Viet Cong,March of Progress,Viet Cong,Post-Punk,2015,USA,320k,mp3,6:19,Studio,LP
Viet Cong,Bunker Buster,Viet Cong,Post-Punk,2015,USA,320k,mp3,5:56,Studio,LP
Viet Cong,Continental Shelf,Viet Cong,Post-Punk,2015,USA,320k,mp3,3:18,Studio,LP
Viet Cong,Silhouettes,Viet Cong,Post-Punk,2015,USA,320k,mp3,4:12,Studio,LP
Viet Cong,Death,Viet Cong,Post-Punk,2015,USA,320k,mp3,11:17,Studio,LP
The Voidz,Leave It In My Dreams,Virtue,Art Rock; Neo-Psychedelia,2018,USA,919k,flac,3:59,Studio,LP
The Voidz,QYURRYUS,Virtue,Art Rock; Neo-Psychedelia,2018,USA,878k,flac,2:52,Studio,LP
The Voidz,Pyramid of Bones,Virtue,Art Rock; Neo-Psychedelia,2018,USA,965k,flac,4:28,Studio,LP
The Voidz,Permanent High School,Virtue,Art Rock; Neo-Psychedelia,2018,USA,909k,flac,4:13,Studio,LP
The Voidz,ALieNNatioN,Virtue,Art Rock; Neo-Psychedelia,2018,USA,907k,flac,4:39,Studio,LP
The Voidz,One of the Ones,Virtue,Art Rock; Neo-Psychedelia,2018,USA,988k,flac,2:38,Studio,LP
The Voidz,All Wordz Are Made Up,Virtue,Art Rock; Neo-Psychedelia,2018,USA,870k,flac,3:19,Studio,LP
The Voidz,Think Before You Drink,Virtue,Art Rock; Neo-Psychedelia,2018,USA,677k,flac,2:46,Studio,LP
The Voidz,Wink,Virtue,Art Rock; Neo-Psychedelia,2018,USA,952k,flac,4:00,Studio,LP
The Voidz,My Friend The Walls,Virtue,Art Rock; Neo-Psychedelia,2018,USA,976k,flac,4:02,Studio,LP
The Voidz,Pink Ocean,Virtue,Art Rock; Neo-Psychedelia,2018,USA,817k,flac,5:26,Studio,LP
The Voidz,Black Hole,Virtue,Art Rock; Neo-Psychedelia,2018,USA,853k,flac,3:15,Studio,LP
The Voidz,Lazy Boy,Virtue,Art Rock; Neo-Psychedelia,2018,USA,902k,flac,3:31,Studio,LP
The Voidz,We're Where We Were,Virtue,Art Rock; Neo-Psychedelia,2018,USA,967k,flac,3:46,Studio,LP
The Voidz,Pointlessness,Virtue,Art Rock; Neo-Psychedelia,2018,USA,835k,flac,5:15,Studio,LP
Boredoms,◯,Vision Creation Newsun,Experimental Rock; Neo-Psychedelia; Psychedelic Rock; Krautrock,1999,Japan,988k,flac,13:58,Studio,LP
Boredoms,☆,Vision Creation Newsun,Experimental Rock; Neo-Psychedelia; Psychedelic Rock; Krautrock,1999,Japan,1084k,flac,5:51,Studio,LP
Boredoms,♡,Vision Creation Newsun,Experimental Rock; Neo-Psychedelia; Psychedelic Rock; Krautrock,1999,Japan,1019k,flac,6:05,Studio,LP
Boredoms,Ҩ,Vision Creation Newsun,Experimental Rock; Neo-Psychedelia; Psychedelic Rock; Krautrock,1999,Japan,1023k,flac,6:51,Studio,LP
Boredoms,～,Vision Creation Newsun,Experimental Rock; Neo-Psychedelia; Psychedelic Rock; Krautrock,1999,Japan,980k,flac,6:00,Studio,LP
Boredoms,◎,Vision Creation Newsun,Experimental Rock; Neo-Psychedelia; Psychedelic Rock; Krautrock,1999,Japan,948k,flac,7:29,Studio,LP
Boredoms,↑,Vision Creation Newsun,Experimental Rock; Neo-Psychedelia; Psychedelic Rock; Krautrock,1999,Japan,993k,flac,6:17,Studio,LP
Boredoms,Ω,Vision Creation Newsun,Experimental Rock; Neo-Psychedelia; Psychedelic Rock; Krautrock,1999,Japan,862k,flac,7:45,Studio,LP
Boredoms,ずっと,Vision Creation Newsun,Experimental Rock; Neo-Psychedelia; Psychedelic Rock; Krautrock,1999,Japan,691k,flac,7:21,Studio,LP
Boredoms,☉,Vision Creation Newsun Boxset,Electronic,1999,Japan,320k,mp3,1:40,Studio,LP
Boredoms,⧖,Vision Creation Newsun Boxset,Electronic,1999,Japan,320k,mp3,35:38,Studio,LP
Boredoms,◌,Vision Creation Newsun Boxset,Electronic,1999,Japan,320k,mp3,5:35,Studio,LP
Boredoms,Sunsidal Cendencies (Vision△Creation△Newsun△),Vision△Creation△Newsun△,Electronic,1999,Japan,320k,mp3,24:37,Studio,LP
Boredoms,Moonsidal Cendencies (Moochy Remix),Vision△Creation△Newsun△,Electronic,1999,Japan,320k,mp3,9:00,Studio,LP
Boredoms,11 Aug ’99 Live (Total Eclipse + Grand Cross),Vision△Creation△Newsun△,Electronic,1999,Japan,320k,mp3,10:12,Studio,LP
Coldplay,Life In Technicolor,Viva La Vida Or Death And All His Friends,Pop Rock; Art Pop,2008,UK; England,320k,mp3,2:30,Studio,LP
Coldplay,Cemeteries Of London,Viva La Vida Or Death And All His Friends,Pop Rock; Art Pop,2008,UK; England,320k,mp3,3:21,Studio,LP
Coldplay,Lost!,Viva La Vida Or Death And All His Friends,Pop Rock; Art Pop,2008,UK; England,320k,mp3,3:55,Studio,LP
Coldplay,42,Viva La Vida Or Death And All His Friends,Pop Rock; Art Pop,2008,UK; England,320k,mp3,3:57,Studio,LP
Coldplay,Lovers In Japan/Reign Of Love,Viva La Vida Or Death And All His Friends,Pop Rock; Art Pop,2008,UK; England,320k,mp3,6:51,Studio,LP
Coldplay,Yes,Viva La Vida Or Death And All His Friends,Pop Rock; Art Pop,2008,UK; England,320k,mp3,7:06,Studio,LP
Coldplay,Viva La Vida,Viva La Vida Or Death And All His Friends,Pop Rock; Art Pop,2008,UK; England,320k,mp3,4:01,Studio,LP
Coldplay,Violet Hill,Viva La Vida Or Death And All His Friends,Pop Rock; Art Pop,2008,UK; England,320k,mp3,3:42,Studio,LP
Coldplay,Strawberry Swing,Viva La Vida Or Death And All His Friends,Pop Rock; Art Pop,2008,UK; England,320k,mp3,4:09,Studio,LP
Coldplay,Death And All His Friends,Viva La Vida Or Death And All His Friends,Pop Rock; Art Pop,2008,UK; England,320k,mp3,6:23,Studio,LP
Coldplay,Lost? (Bonus Track),Viva La Vida Or Death And All His Friends,Pop Rock; Art Pop,2008,UK; England,320k,mp3,3:44,Studio,LP
Björk,Earth Intruders,Volta,Art Pop,2007,Iceland,320k,mp3,6:13,Studio,LP
Björk,Wanderlust,Volta,Art Pop,2007,Iceland,320k,mp3,5:51,Studio,LP
Björk,The Dull Flame of Desire,Volta,Art Pop,2007,Iceland,320k,mp3,7:30,Studio,LP
Björk,Innocence,Volta,Art Pop,2007,Iceland,320k,mp3,4:27,Studio,LP
Björk,I See Who You Are,Volta,Art Pop,2007,Iceland,320k,mp3,4:22,Studio,LP
Björk,Vertebræ by Vertebræ,Volta,Art Pop,2007,Iceland,320k,mp3,5:08,Studio,LP
Björk,Pneumonia,Volta,Art Pop,2007,Iceland,320k,mp3,5:14,Studio,LP
Björk,Hope,Volta,Art Pop,2007,Iceland,320k,mp3,4:02,Studio,LP
Björk,Declare Independence,Volta,Art Pop,2007,Iceland,320k,mp3,4:13,Studio,LP
Björk,My Juvenile,Volta,Art Pop,2007,Iceland,320k,mp3,4:03,Studio,LP
C418,Key,Volume Alpha,Ambient,2011,Germany,128k,mp3,1:05,Studio,LP
C418,Door,Volume Alpha,Ambient,2011,Germany,128k,mp3,1:51,Studio,LP
C418,Subwoofer Lullaby,Volume Alpha,Ambient,2011,Germany,128k,mp3,3:28,Studio,LP
C418,Death,Volume Alpha,Ambient,2011,Germany,128k,mp3,0:41,Studio,LP
C418,Living Mice,Volume Alpha,Ambient,2011,Germany,128k,mp3,2:57,Studio,LP
C418,Moog City,Volume Alpha,Ambient,2011,Germany,128k,mp3,2:40,Studio,LP
C418,Haggstrom,Volume Alpha,Ambient,2011,Germany,128k,mp3,3:24,Studio,LP
C418,Minecraft,Volume Alpha,Ambient,2011,Germany,128k,mp3,4:14,Studio,LP
C418,Oxygène,Volume Alpha,Ambient,2011,Germany,128k,mp3,1:05,Studio,LP
C418,Équinoxe,Volume Alpha,Ambient,2011,Germany,128k,mp3,1:54,Studio,LP
C418,Mice on Venus,Volume Alpha,Ambient,2011,Germany,128k,mp3,4:41,Studio,LP
C418,Dry Hands,Volume Alpha,Ambient,2011,Germany,128k,mp3,1:08,Studio,LP
C418,Wet Hands,Volume Alpha,Ambient,2011,Germany,128k,mp3,1:30,Studio,LP
C418,Clark,Volume Alpha,Ambient,2011,Germany,128k,mp3,3:11,Studio,LP
C418,Chris,Volume Alpha,Ambient,2011,Germany,128k,mp3,1:27,Studio,LP
C418,Thirteen,Volume Alpha,Ambient,2011,Germany,128k,mp3,2:56,Studio,LP
C418,Excuse,Volume Alpha,Ambient,2011,Germany,128k,mp3,2:04,Studio,LP
C418,Sweden,Volume Alpha,Ambient,2011,Germany,128k,mp3,3:35,Studio,LP
C418,Cat,Volume Alpha,Ambient,2011,Germany,128k,mp3,3:06,Studio,LP
C418,Dog,Volume Alpha,Ambient,2011,Germany,128k,mp3,2:25,Studio,LP
C418,Danny,Volume Alpha,Ambient,2011,Germany,128k,mp3,4:14,Studio,LP
C418,Beginning,Volume Alpha,Ambient,2011,Germany,128k,mp3,1:42,Studio,LP
C418,Droopy Likes Ricochet,Volume Alpha,Ambient,2011,Germany,128k,mp3,1:36,Studio,LP
C418,Droopy Likes Your Face,Volume Alpha,Ambient,2011,Germany,128k,mp3,1:56,Studio,LP
C418,Ki,Volume Beta,Ambient; Electronic,2013,Germany,320k,mp3,1:32,Studio,LP
C418,Alpha,Volume Beta,Ambient; Electronic,2013,Germany,320k,mp3,10:03,Studio,LP
C418,Dead Voxel,Volume Beta,Ambient; Electronic,2013,Germany,320k,mp3,4:56,Studio,LP
C418,Blind Spots,Volume Beta,Ambient; Electronic,2013,Germany,320k,mp3,5:32,Studio,LP
C418,Flake,Volume Beta,Ambient; Electronic,2013,Germany,320k,mp3,2:50,Studio,LP
C418,Moog City 2,Volume Beta,Ambient; Electronic,2013,Germany,320k,mp3,3:00,Studio,LP
C418,Concrete Halls,Volume Beta,Ambient; Electronic,2013,Germany,320k,mp3,4:14,Studio,LP
C418,Biome Fest,Volume Beta,Ambient; Electronic,2013,Germany,320k,mp3,6:18,Studio,LP
C418,Mutation,Volume Beta,Ambient; Electronic,2013,Germany,320k,mp3,3:05,Studio,LP
C418,Haunt Muskie,Volume Beta,Ambient; Electronic,2013,Germany,320k,mp3,6:01,Studio,LP
C418,Warmth,Volume Beta,Ambient; Electronic,2013,Germany,320k,mp3,3:59,Studio,LP
C418,Floating Trees,Volume Beta,Ambient; Electronic,2013,Germany,320k,mp3,4:05,Studio,LP
C418,Aria Math,Volume Beta,Ambient; Electronic,2013,Germany,320k,mp3,5:10,Studio,LP
C418,Kyoto,Volume Beta,Ambient; Electronic,2013,Germany,320k,mp3,4:09,Studio,LP
C418,Ballad of the Cats,Volume Beta,Ambient; Electronic,2013,Germany,320k,mp3,4:35,Studio,LP
C418,Taswell,Volume Beta,Ambient; Electronic,2013,Germany,320k,mp3,8:35,Studio,LP
C418,Beginning 2,Volume Beta,Ambient; Electronic,2013,Germany,320k,mp3,2:56,Studio,LP
C418,Dreiton,Volume Beta,Ambient; Electronic,2013,Germany,320k,mp3,8:17,Studio,LP
C418,The End,Volume Beta,Ambient; Electronic,2013,Germany,320k,mp3,15:04,Studio,LP
C418,Chirp,Volume Beta,Ambient; Electronic,2013,Germany,320k,mp3,3:07,Studio,LP
C418,Wait,Volume Beta,Ambient; Electronic,2013,Germany,320k,mp3,3:54,Studio,LP
C418,Mellohi,Volume Beta,Ambient; Electronic,2013,Germany,320k,mp3,1:38,Studio,LP
C418,Stal,Volume Beta,Ambient; Electronic,2013,Germany,320k,mp3,2:32,Studio,LP
C418,Strad,Volume Beta,Ambient; Electronic,2013,Germany,320k,mp3,3:08,Studio,LP
C418,Eleven,Volume Beta,Ambient; Electronic,2013,Germany,320k,mp3,1:11,Studio,LP
C418,Ward,Volume Beta,Ambient; Electronic,2013,Germany,320k,mp3,4:10,Studio,LP
C418,Mall,Volume Beta,Ambient; Electronic,2013,Germany,320k,mp3,3:18,Studio,LP
C418,Blocks,Volume Beta,Ambient; Electronic,2013,Germany,320k,mp3,5:43,Studio,LP
C418,Far,Volume Beta,Ambient; Electronic,2013,Germany,320k,mp3,3:12,Studio,LP
C418,Intro,Volume Beta,Ambient; Electronic,2013,Germany,320k,mp3,4:36,Studio,LP
Sigur Rós,Sigur Rós,Von,Post-Rock; Ambient,1997,Iceland,320k,mp3,9:47,Studio,LP
Sigur Rós,Dögun,Von,Post-Rock; Ambient,1997,Iceland,320k,mp3,5:50,Studio,LP
Sigur Rós,Hún Jörð,Von,Post-Rock; Ambient,1997,Iceland,320k,mp3,7:18,Studio,LP
Sigur Rós,Leit að lífi,Von,Post-Rock; Ambient,1997,Iceland,320k,mp3,2:34,Studio,LP
Sigur Rós,Myrkur,Von,Post-Rock; Ambient,1997,Iceland,320k,mp3,6:14,Studio,LP
Sigur Rós,18 Sekúnder fyrir sólaruupprás,Von,Post-Rock; Ambient,1997,Iceland,320k,mp3,0:18,Studio,LP
Sigur Rós,Hafssól,Von,Post-Rock; Ambient,1997,Iceland,320k,mp3,12:25,Studio,LP
Sigur Rós,Veröld ny og óð,Von,Post-Rock; Ambient,1997,Iceland,320k,mp3,3:29,Studio,LP
Sigur Rós,Von,Von,Post-Rock; Ambient,1997,Iceland,320k,mp3,5:12,Studio,LP
Sigur Rós,Mistur,Von,Post-Rock; Ambient,1997,Iceland,320k,mp3,2:16,Studio,LP
Sigur Rós,Syndir guðs (Opinberun frelsarans),Von,Post-Rock; Ambient,1997,Iceland,320k,mp3,7:42,Studio,LP
Sigur Rós,Rukrym,Von,Post-Rock; Ambient,1997,Iceland,320k,mp3,8:59,Studio,LP
Alva Noto + Ryuichi Sakamoto,Uoon I,Vrioon,Glitch; Ambient,2002,Japan; Germany,634k,m4a,13:51,Studio,LP
Alva Noto + Ryuichi Sakamoto,Uoon II,Vrioon,Glitch; Ambient,2002,Japan; Germany,424k,m4a,9:40,Studio,LP
Alva Noto + Ryuichi Sakamoto,Duoon,Vrioon,Glitch; Ambient,2002,Japan; Germany,729k,m4a,5:46,Studio,LP
Alva Noto + Ryuichi Sakamoto,Noon,Vrioon,Glitch; Ambient,2002,Japan; Germany,686k,m4a,10:13,Studio,LP
Alva Noto + Ryuichi Sakamoto,Trioon I,Vrioon,Glitch; Ambient,2002,Japan; Germany,637k,m4a,5:08,Studio,LP
Alva Noto + Ryuichi Sakamoto,Trioon II,Vrioon,Glitch; Ambient,2002,Japan; Germany,519k,m4a,9:57,Studio,LP
Björk,Stonemilker,Vulnicura,Ambient Pop,2015,Iceland,892k,flac,6:49,Studio,LP
Björk,Lionsong,Vulnicura,Ambient Pop,2015,Iceland,765k,flac,6:08,Studio,LP
Björk,History of Touches,Vulnicura,Ambient Pop,2015,Iceland,820k,flac,3:00,Studio,LP
Björk,Black Lake,Vulnicura,Ambient Pop,2015,Iceland,683k,flac,10:08,Studio,LP
Björk,Family,Vulnicura,Ambient Pop,2015,Iceland,775k,flac,8:02,Studio,LP
Björk,Notget,Vulnicura,Ambient Pop,2015,Iceland,882k,flac,6:26,Studio,LP
Björk,Atom Dance,Vulnicura,Ambient Pop,2015,Iceland,803k,flac,8:10,Studio,LP
Björk,Mouth Mantra,Vulnicura,Ambient Pop,2015,Iceland,875k,flac,6:09,Studio,LP
Björk,Quicksand,Vulnicura,Ambient Pop,2015,Iceland,995k,flac,3:45,Studio,LP
Björk,Stonemilker,Vulnicura Live,Art Pop,2015,Iceland,320k,mp3,7:24,Live,LP
Björk,Lionsong,Vulnicura Live,Art Pop,2015,Iceland,320k,mp3,6:35,Live,LP
Björk,History of Touches,Vulnicura Live,Art Pop,2015,Iceland,320k,mp3,3:19,Live,LP
Björk,Black Lake,Vulnicura Live,Art Pop,2015,Iceland,320k,mp3,10:44,Live,LP
Björk,Family,Vulnicura Live,Art Pop,2015,Iceland,320k,mp3,7:50,Live,LP
Björk,Notget,Vulnicura Live,Art Pop,2015,Iceland,320k,mp3,5:09,Live,LP
Björk,Come to Me,Vulnicura Live,Art Pop,2015,Iceland,320k,mp3,5:16,Live,LP
Björk,Undo,Vulnicura Live,Art Pop,2015,Iceland,320k,mp3,6:10,Live,LP
Björk,I See Who You Are,Vulnicura Live,Art Pop,2015,Iceland,320k,mp3,3:52,Live,LP
Björk,All Neon Like,Vulnicura Live,Art Pop,2015,Iceland,320k,mp3,5:53,Live,LP
Björk,Quicksand,Vulnicura Live,Art Pop,2015,Iceland,320k,mp3,4:04,Live,LP
Björk,Wanderlust,Vulnicura Live,Art Pop,2015,Iceland,320k,mp3,6:18,Live,LP
Björk,Mutual Core,Vulnicura Live,Art Pop,2015,Iceland,320k,mp3,4:58,Live,LP
Björk,Mouth Mantra,Vulnicura Live,Art Pop,2015,Iceland,320k,mp3,6:28,Live,LP
Björk,Mouth Mantra,Vulnicura Strings,Art Pop; Chamber Music,2015,Iceland,320k,mp3,6:09,Studio,LP
Björk,Lionsong,Vulnicura Strings,Art Pop; Chamber Music,2015,Iceland,320k,mp3,6:17,Studio,LP
Björk,Black Lake,Vulnicura Strings,Art Pop; Chamber Music,2015,Iceland,320k,mp3,10:08,Studio,LP
Björk,Atom Dance,Vulnicura Strings,Art Pop; Chamber Music,2015,Iceland,320k,mp3,7:46,Studio,LP
Björk,Stonemilker,Vulnicura Strings,Art Pop; Chamber Music,2015,Iceland,320k,mp3,6:48,Studio,LP
Björk,Quicksand,Vulnicura Strings,Art Pop; Chamber Music,2015,Iceland,320k,mp3,4:08,Studio,LP
Björk,Notget,Vulnicura Strings,Art Pop; Chamber Music,2015,Iceland,320k,mp3,4:41,Studio,LP
Björk,Family,Vulnicura Strings,Art Pop; Chamber Music,2015,Iceland,320k,mp3,7:04,Studio,LP
Björk,Black Lake (Viola Organista Version),Vulnicura Strings,Art Pop; Chamber Music,2015,Iceland,320k,mp3,10:55,Studio,LP
The Smile,Wall of Eyes,Wall of Eyes,Art Rock; Post-Rock,2024,UK; England,697k,flac,5:06,Studio,LP
The Smile,Teleharmonic,Wall of Eyes,Art Rock; Post-Rock,2024,UK; England,777k,flac,5:10,Studio,LP
The Smile,Read the Room,Wall of Eyes,Art Rock; Post-Rock,2024,UK; England,845k,flac,5:14,Studio,LP
The Smile,Under Our Pillows,Wall of Eyes,Art Rock; Post-Rock,2024,UK; England,873k,flac,6:14,Studio,LP
The Smile,Friend of a Friend,Wall of Eyes,Art Rock; Post-Rock,2024,UK; England,772k,flac,4:35,Studio,LP
The Smile,I Quit,Wall of Eyes,Art Rock; Post-Rock,2024,UK; England,679k,flac,5:32,Studio,LP
The Smile,Bending Hectic,Wall of Eyes,Art Rock; Post-Rock,2024,UK; England,795k,flac,8:03,Studio,LP
The Smile,You Know Me!,Wall of Eyes,Art Rock; Post-Rock,2024,UK; England,662k,flac,5:23,Studio,LP
Sonic Youth,Becuz,Washing Machine,Noise Rock,1995,USA,320k,mp3,4:43,Studio,LP
Sonic Youth,Junkie’s Promise,Washing Machine,Noise Rock,1995,USA,320k,mp3,4:02,Studio,LP
Sonic Youth,Saucer‐Like,Washing Machine,Noise Rock,1995,USA,320k,mp3,4:25,Studio,LP
Sonic Youth,Washing Machine,Washing Machine,Noise Rock,1995,USA,320k,mp3,9:33,Studio,LP
Sonic Youth,Unwind,Washing Machine,Noise Rock,1995,USA,320k,mp3,6:02,Studio,LP
Sonic Youth,Little Trouble Girl,Washing Machine,Noise Rock,1995,USA,320k,mp3,4:29,Studio,LP
Sonic Youth,No Queen Blues,Washing Machine,Noise Rock,1995,USA,320k,mp3,4:35,Studio,LP
Sonic Youth,Panty Lies,Washing Machine,Noise Rock,1995,USA,320k,mp3,4:15,Studio,LP
Sonic Youth,Becuz Coda,Washing Machine,Noise Rock,1995,USA,320k,mp3,2:49,Studio,LP
Sonic Youth,Skip Tracer,Washing Machine,Noise Rock,1995,USA,320k,mp3,3:48,Studio,LP
Sonic Youth,The Diamond Sea,Washing Machine,Noise Rock,1995,USA,320k,mp3,19:35,Studio,LP
Haruomi Hosono,Talking,Watering a Flower,Ambient; Minimalism,1984,Japan,320k,mp3,15:27,Studio,LP
Haruomi Hosono,Growth,Watering a Flower,Ambient; Minimalism,1984,Japan,320k,mp3,14:53,Studio,LP
Haruomi Hosono,Muji Original BGM,Watering a Flower,Ambient; Minimalism,1984,Japan,320k,mp3,15:52,Studio,LP
William Basinski,Watermusic II,Watermusic II,Ambient,2003,USA,320k,mp3,66:37,Studio,LP
Weezer,My Name Is Jonas,Weezer [The Blue Album],Power Pop; Alternative Rock,1994,USA,320k,mp3,3:25,Studio,LP
Weezer,No One Else,Weezer [The Blue Album],Power Pop; Alternative Rock,1994,USA,320k,mp3,3:04,Studio,LP
Weezer,The World Has Turned And Left Me Here,Weezer [The Blue Album],Power Pop; Alternative Rock,1994,USA,320k,mp3,4:19,Studio,LP
Weezer,Buddy Holly,Weezer [The Blue Album],Power Pop; Alternative Rock,1994,USA,320k,mp3,2:39,Studio,LP
Weezer,Undone (The Sweater Song),Weezer [The Blue Album],Power Pop; Alternative Rock,1994,USA,320k,mp3,5:05,Studio,LP
Weezer,Surf Wax America,Weezer [The Blue Album],Power Pop; Alternative Rock,1994,USA,320k,mp3,3:06,Studio,LP
Weezer,Say It Ain't So,Weezer [The Blue Album],Power Pop; Alternative Rock,1994,USA,320k,mp3,4:19,Studio,LP
Weezer,In The Garage,Weezer [The Blue Album],Power Pop; Alternative Rock,1994,USA,320k,mp3,3:55,Studio,LP
Weezer,Holiday,Weezer [The Blue Album],Power Pop; Alternative Rock,1994,USA,320k,mp3,3:25,Studio,LP
Weezer,Only In Dreams,Weezer [The Blue Album],Power Pop; Alternative Rock,1994,USA,320k,mp3,8:00,Studio,LP
吉村弘 [Hiroshi Yoshimura],Wet Land,Wet Land,Ambient,1993,Japan,320k,mp3,4:35,Studio,LP
吉村弘 [Hiroshi Yoshimura],Singing Stream (Spring Mix),Wet Land,Ambient,1993,Japan,320k,mp3,7:43,Studio,LP
吉村弘 [Hiroshi Yoshimura],Heart Land,Wet Land,Ambient,1993,Japan,320k,mp3,4:35,Studio,LP
吉村弘 [Hiroshi Yoshimura],Ka Wa Mo,Wet Land,Ambient,1993,Japan,320k,mp3,2:05,Studio,LP
吉村弘 [Hiroshi Yoshimura],Mist,Wet Land,Ambient,1993,Japan,320k,mp3,4:54,Studio,LP
吉村弘 [Hiroshi Yoshimura],Rain Dance (Rain Mix),Wet Land,Ambient,1993,Japan,320k,mp3,7:32,Studio,LP
吉村弘 [Hiroshi Yoshimura],Dawn,Wet Land,Ambient,1993,Japan,320k,mp3,3:04,Studio,LP
吉村弘 [Hiroshi Yoshimura],Humming Water,Wet Land,Ambient,1993,Japan,320k,mp3,3:33,Studio,LP
Don Caballero,Don Caballero 3,What Burns Never Returns,Math Rock,1998,USA,128k,mp3,9:42,Studio,LP
Don Caballero,"In the Absence of Strong Evidence to the Contrary, One May Step Out of the Way of the Charging Bull",What Burns Never Returns,Math Rock,1998,USA,128k,mp3,4:35,Studio,LP
Don Caballero,Delivering the Groceries at 138 Beats Per Minute,What Burns Never Returns,Math Rock,1998,USA,128k,mp3,5:49,Studio,LP
Don Caballero,Slice Where You Live Like Pie,What Burns Never Returns,Math Rock,1998,USA,128k,mp3,5:09,Studio,LP
Don Caballero,Room Temperature Suite,What Burns Never Returns,Math Rock,1998,USA,128k,mp3,5:32,Studio,LP
Don Caballero,The World in Perforated Lines,What Burns Never Returns,Math Rock,1998,USA,128k,mp3,3:52,Studio,LP
Don Caballero,From the Desk of Elsewhere Go,What Burns Never Returns,Math Rock,1998,USA,128k,mp3,7:52,Studio,LP
Don Caballero,June Is Finally Here,What Burns Never Returns,Math Rock,1998,USA,128k,mp3,4:57,Studio,LP
Arctic Monkeys,The View from the Afternoon,"Whatever People Say I Am, That's What I'm Not",Indie Rock; Garage Rock Revival,2006,UK; England,256k,mp3,3:38,Studio,LP
Arctic Monkeys,I Bet You Look Good on the Dancefloor,"Whatever People Say I Am, That's What I'm Not",Indie Rock; Garage Rock Revival,2006,UK; England,256k,mp3,2:53,Studio,LP
Arctic Monkeys,Fake Tales of San Francisco,"Whatever People Say I Am, That's What I'm Not",Indie Rock; Garage Rock Revival,2006,UK; England,256k,mp3,2:58,Studio,LP
Arctic Monkeys,Dancing Shoes,"Whatever People Say I Am, That's What I'm Not",Indie Rock; Garage Rock Revival,2006,UK; England,256k,mp3,2:21,Studio,LP
Arctic Monkeys,You Probably Couldn't See for the Lights But You Were Staring ...,"Whatever People Say I Am, That's What I'm Not",Indie Rock; Garage Rock Revival,2006,UK; England,256k,mp3,2:10,Studio,LP
Arctic Monkeys,Still Take You Home,"Whatever People Say I Am, That's What I'm Not",Indie Rock; Garage Rock Revival,2006,UK; England,256k,mp3,2:53,Studio,LP
Arctic Monkeys,Riot Van,"Whatever People Say I Am, That's What I'm Not",Indie Rock; Garage Rock Revival,2006,UK; England,256k,mp3,2:15,Studio,LP
Arctic Monkeys,Red Light Indicates Doors Are Secured,"Whatever People Say I Am, That's What I'm Not",Indie Rock; Garage Rock Revival,2006,UK; England,256k,mp3,2:23,Studio,LP
Arctic Monkeys,Mardy Bum,"Whatever People Say I Am, That's What I'm Not",Indie Rock; Garage Rock Revival,2006,UK; England,256k,mp3,2:55,Studio,LP
Arctic Monkeys,Perhaps Vampires Is a Bit Strong But...,"Whatever People Say I Am, That's What I'm Not",Indie Rock; Garage Rock Revival,2006,UK; England,256k,mp3,4:28,Studio,LP
Arctic Monkeys,When the Sun Goes Down,"Whatever People Say I Am, That's What I'm Not",Indie Rock; Garage Rock Revival,2006,UK; England,256k,mp3,3:20,Studio,LP
Arctic Monkeys,From the Ritz to the Rubble,"Whatever People Say I Am, That's What I'm Not",Indie Rock; Garage Rock Revival,2006,UK; England,256k,mp3,3:13,Studio,LP
Arctic Monkeys,A Certain Romance,"Whatever People Say I Am, That's What I'm Not",Indie Rock; Garage Rock Revival,2006,UK; England,256k,mp3,5:31,Studio,LP
Dirty Three,Some Summers They Drop Like Flys,"Whatever You Love, You Are",Post-Rock,2000,Australia,246k VBR,mp3,6:20,Studio,LP
Dirty Three,I Really Should've Gone Out Last Night,"Whatever You Love, You Are",Post-Rock,2000,Australia,224k VBR,mp3,6:55,Studio,LP
Dirty Three,I Offered It Up To The Stars & The Night Sky,"Whatever You Love, You Are",Post-Rock,2000,Australia,237k VBR,mp3,13:41,Studio,LP
Dirty Three,Some Things I Just Don't Want To Know,"Whatever You Love, You Are",Post-Rock,2000,Australia,258k VBR,mp3,6:07,Studio,LP
Dirty Three,Stellar,"Whatever You Love, You Are",Post-Rock,2000,Australia,243k VBR,mp3,7:29,Studio,LP
Dirty Three,Lullabye For Christie,"Whatever You Love, You Are",Post-Rock,2000,Australia,261k VBR,mp3,7:45,Studio,LP
Matthew Halsall & The Gondwana Orchestra,When The World Was One,When the World Was One,Spiritual Jazz; Modal Jazz; Indo Jazz,2014,UK; England,128k,mp3,7:36,Studio,LP
Matthew Halsall & The Gondwana Orchestra,A Far Away Place,When the World Was One,Spiritual Jazz; Modal Jazz; Indo Jazz,2014,UK; England,128k,mp3,7:50,Studio,LP
Matthew Halsall & The Gondwana Orchestra,Falling Water,When the World Was One,Spiritual Jazz; Modal Jazz; Indo Jazz,2014,UK; England,128k,mp3,9:25,Studio,LP
Matthew Halsall & The Gondwana Orchestra,Patterns,When the World Was One,Spiritual Jazz; Modal Jazz; Indo Jazz,2014,UK; England,128k,mp3,8:19,Studio,LP
Matthew Halsall & The Gondwana Orchestra,Kiyomizu-Dera,When the World Was One,Spiritual Jazz; Modal Jazz; Indo Jazz,2014,UK; England,128k,mp3,6:53,Studio,LP
Matthew Halsall & The Gondwana Orchestra,Sagano Bamboo Forest,When the World Was One,Spiritual Jazz; Modal Jazz; Indo Jazz,2014,UK; England,128k,mp3,10:32,Studio,LP
Matthew Halsall & The Gondwana Orchestra,Tribute To Alice Coltrane,When the World Was One,Spiritual Jazz; Modal Jazz; Indo Jazz,2014,UK; England,128k,mp3,12:44,Studio,LP
Colin Stetson,The Lighthouse I,When we were that what wept for the sea,Post-Minimalism,2023,USA,320k,mp3,3:41,Studio,LP
Colin Stetson,When we were that what wept for the sea,When we were that what wept for the sea,Post-Minimalism,2023,USA,320k,mp3,5:48,Studio,LP
Colin Stetson,Infliction,When we were that what wept for the sea,Post-Minimalism,2023,USA,320k,mp3,5:17,Studio,LP
Colin Stetson,Passage,When we were that what wept for the sea,Post-Minimalism,2023,USA,320k,mp3,3:25,Studio,LP
Colin Stetson,Long before the sky would open,When we were that what wept for the sea,Post-Minimalism,2023,USA,320k,mp3,8:11,Studio,LP
Colin Stetson,One day in the sun,When we were that what wept for the sea,Post-Minimalism,2023,USA,320k,mp3,4:12,Studio,LP
Colin Stetson,Fireflies,When we were that what wept for the sea,Post-Minimalism,2023,USA,320k,mp3,4:56,Studio,LP
Colin Stetson,The Lighthouse II (feat. Brighde Chaimbeul),When we were that what wept for the sea,Post-Minimalism,2023,USA,320k,mp3,4:30,Studio,LP
Colin Stetson,The Lighthouse III (feat. Iarla Ó Lionáird),When we were that what wept for the sea,Post-Minimalism,2023,USA,320k,mp3,3:32,Studio,LP
Colin Stetson,Writhen,When we were that what wept for the sea,Post-Minimalism,2023,USA,320k,mp3,2:03,Studio,LP
Colin Stetson,The surface and the light,When we were that what wept for the sea,Post-Minimalism,2023,USA,320k,mp3,4:12,Studio,LP
Colin Stetson,The Lighthouse IV,When we were that what wept for the sea,Post-Minimalism,2023,USA,320k,mp3,2:10,Studio,LP
Colin Stetson,Behind the sky,When we were that what wept for the sea,Post-Minimalism,2023,USA,320k,mp3,5:39,Studio,LP
Colin Stetson,Wrathful seas quiesce,When we were that what wept for the sea,Post-Minimalism,2023,USA,320k,mp3,2:26,Studio,LP
Colin Stetson,The Lighthouse V (feat. Iarla Ó Lionáird),When we were that what wept for the sea,Post-Minimalism,2023,USA,320k,mp3,6:44,Studio,LP
Colin Stetson,Safe with me,When we were that what wept for the sea,Post-Minimalism,2023,USA,320k,mp3,3:56,Studio,LP
Current 93,Where The Long Shadows Fall (BeforeTheInmostLight),Where The Long Shadows Fall (BeforeTheInmostLight),Neofolk,1995,UK; England,320k,mp3,19:08,Studio,LP
Whirr & Nothing,Ease,Whirr / Nothing,Shoegaze,2014,USA,320k,mp3,3:26,Studio,EP
Whirr & Nothing,Lean,Whirr / Nothing,Shoegaze,2014,USA,320k,mp3,5:00,Studio,EP
Whirr & Nothing,Chloroform,Whirr / Nothing,Shoegaze,2014,USA,320k,mp3,4:40,Studio,EP
Whirr & Nothing,July the Fourth,Whirr / Nothing,Shoegaze,2014,USA,320k,mp3,3:40,Studio,EP
The Velvet Underground,White Light / White Heat,White Light / White Heat,Experimental Rock; Noise Rock; Proto-Punk,1968,USA,839k,flac,2:48,Studio,LP
The Velvet Underground,The Gift,White Light / White Heat,Experimental Rock; Noise Rock; Proto-Punk,1968,USA,790k,flac,8:20,Studio,LP
The Velvet Underground,Lady Godiva's Operation,White Light / White Heat,Experimental Rock; Noise Rock; Proto-Punk,1968,USA,784k,flac,4:57,Studio,LP
The Velvet Underground,Here She Comes Now,White Light / White Heat,Experimental Rock; Noise Rock; Proto-Punk,1968,USA,764k,flac,2:05,Studio,LP
The Velvet Underground,I Heard Her Call My Name,White Light / White Heat,Experimental Rock; Noise Rock; Proto-Punk,1968,USA,839k,flac,4:40,Studio,LP
The Velvet Underground,Sister Ray,White Light / White Heat,Experimental Rock; Noise Rock; Proto-Punk,1968,USA,870k,flac,17:34,Studio,LP
Swans,Better Than You,White Light From the Mouth of Infinity,Gothic Rock,1991,USA,320k,mp3,5:51,Studio,LP
Swans,Power and Sacrifice,White Light From the Mouth of Infinity,Gothic Rock,1991,USA,320k,mp3,5:36,Studio,LP
Swans,You Know Nothing,White Light From the Mouth of Infinity,Gothic Rock,1991,USA,320k,mp3,5:46,Studio,LP
Swans,Song for Dead Time,White Light From the Mouth of Infinity,Gothic Rock,1991,USA,320k,mp3,4:58,Studio,LP
Swans,Will We Survive,White Light From the Mouth of Infinity,Gothic Rock,1991,USA,320k,mp3,5:59,Studio,LP
Swans,Love Will Save You,White Light From the Mouth of Infinity,Gothic Rock,1991,USA,320k,mp3,6:06,Studio,LP
Swans,Failure,White Light From the Mouth of Infinity,Gothic Rock,1991,USA,320k,mp3,6:20,Studio,LP
Swans,Song for the Sun,White Light From the Mouth of Infinity,Gothic Rock,1991,USA,320k,mp3,5:03,Studio,LP
Swans,Miracle of Love,White Light From the Mouth of Infinity,Gothic Rock,1991,USA,320k,mp3,6:43,Studio,LP
Swans,Blind,White Light From the Mouth of Infinity,Gothic Rock,1991,USA,320k,mp3,4:31,Studio,LP
Swans,When She Breathes,White Light From the Mouth of Infinity,Gothic Rock,1991,USA,320k,mp3,4:31,Studio,LP
Swans,Why Are We Alive?,White Light From the Mouth of Infinity,Gothic Rock,1991,USA,320k,mp3,6:00,Studio,LP
Swans,The Most Unfortunate Lie,White Light From the Mouth of Infinity,Gothic Rock,1991,USA,320k,mp3,5:02,Studio,LP
Punch Brothers,Movement and Location,Who's Feeling Young Now,Progressive Bluegrass; Americana,2012,USA,320k,mp3,4:04,Studio,LP
Punch Brothers,This Girl,Who's Feeling Young Now,Progressive Bluegrass; Americana,2012,USA,320k,mp3,3:37,Studio,LP
Punch Brothers,No Concern of Yours,Who's Feeling Young Now,Progressive Bluegrass; Americana,2012,USA,320k,mp3,4:08,Studio,LP
Punch Brothers,Who's Feeling Young Now,Who's Feeling Young Now,Progressive Bluegrass; Americana,2012,USA,320k,mp3,4:08,Studio,LP
Punch Brothers,Clara,Who's Feeling Young Now,Progressive Bluegrass; Americana,2012,USA,320k,mp3,3:21,Studio,LP
Punch Brothers,Flippen (The Flip),Who's Feeling Young Now,Progressive Bluegrass; Americana,2012,USA,320k,mp3,4:25,Studio,LP
Punch Brothers,Patchwork Girlfriend,Who's Feeling Young Now,Progressive Bluegrass; Americana,2012,USA,320k,mp3,3:47,Studio,LP
Punch Brothers,Hundred Dollars,Who's Feeling Young Now,Progressive Bluegrass; Americana,2012,USA,320k,mp3,4:47,Studio,LP
Punch Brothers,Soon or Never,Who's Feeling Young Now,Progressive Bluegrass; Americana,2012,USA,320k,mp3,4:44,Studio,LP
Punch Brothers,New York City,Who's Feeling Young Now,Progressive Bluegrass; Americana,2012,USA,320k,mp3,3:47,Studio,LP
Punch Brothers,Kid A,Who's Feeling Young Now,Progressive Bluegrass; Americana,2012,USA,320k,mp3,4:51,Studio,LP
Punch Brothers,Don't Get Married Without Me,Who's Feeling Young Now,Progressive Bluegrass; Americana,2012,USA,320k,mp3,4:11,Studio,LP
Pink Floyd,Shine On You Crazy Diamond (Parts 1-5),Wish You Were Here,Progressive Rock,1975,UK; England,320k,mp3,13:32,Studio,LP
Pink Floyd,Welcome To The Machine,Wish You Were Here,Progressive Rock,1975,UK; England,320k,mp3,7:31,Studio,LP
Pink Floyd,Have A Cigar,Wish You Were Here,Progressive Rock,1975,UK; England,320k,mp3,5:07,Studio,LP
Pink Floyd,Wish You Were Here,Wish You Were Here,Progressive Rock,1975,UK; England,320k,mp3,5:34,Studio,LP
Pink Floyd,Shine On You Crazy Diamond (Parts 6-9),Wish You Were Here,Progressive Rock,1975,UK; England,320k,mp3,12:29,Studio,LP
Women,Cameras,Women,Post-Punk; Noise Rock; Indie Rock,2008,USA,192k,mp3,1:00,Studio,LP
Women,Lawncare,Women,Post-Punk; Noise Rock; Indie Rock,2008,USA,192k,mp3,4:27,Studio,LP
Women,Woodbine,Women,Post-Punk; Noise Rock; Indie Rock,2008,USA,192k,mp3,3:38,Studio,LP
Women,Black Rice,Women,Post-Punk; Noise Rock; Indie Rock,2008,USA,192k,mp3,3:15,Studio,LP
Women,Sag Harbor Bridge,Women,Post-Punk; Noise Rock; Indie Rock,2008,USA,192k,mp3,1:40,Studio,LP
Women,Group Transport Hall,Women,Post-Punk; Noise Rock; Indie Rock,2008,USA,192k,mp3,1:10,Studio,LP
Women,Shaking Hand,Women,Post-Punk; Noise Rock; Indie Rock,2008,USA,192k,mp3,4:43,Studio,LP
Women,Upstairs,Women,Post-Punk; Noise Rock; Indie Rock,2008,USA,192k,mp3,3:57,Studio,LP
Women,January 8th,Women,Post-Punk; Noise Rock; Indie Rock,2008,USA,192k,mp3,1:58,Studio,LP
Women,Flashlights,Women,Post-Punk; Noise Rock; Indie Rock,2008,USA,192k,mp3,3:42,Studio,LP
Lightning Bolt,Hello Morning,Wonderful Rainbow,Brutal Prog,2003,USA,227k VBR,mp3,0:55,Studio,LP
Lightning Bolt,Assassins,Wonderful Rainbow,Brutal Prog,2003,USA,270k VBR,mp3,3:43,Studio,LP
Lightning Bolt,Dracula Mountain,Wonderful Rainbow,Brutal Prog,2003,USA,300k VBR,mp3,5:10,Studio,LP
Lightning Bolt,2 Towers,Wonderful Rainbow,Brutal Prog,2003,USA,274k VBR,mp3,7:08,Studio,LP
Lightning Bolt,On Fire,Wonderful Rainbow,Brutal Prog,2003,USA,256k VBR,mp3,4:42,Studio,LP
Lightning Bolt,Crown of Storms,Wonderful Rainbow,Brutal Prog,2003,USA,278k VBR,mp3,5:09,Studio,LP
Lightning Bolt,Longstockings,Wonderful Rainbow,Brutal Prog,2003,USA,276k VBR,mp3,3:17,Studio,LP
Lightning Bolt,Wonderful Rainbow,Wonderful Rainbow,Brutal Prog,2003,USA,232k VBR,mp3,1:29,Studio,LP
Lightning Bolt,"30,000 Monkies",Wonderful Rainbow,Brutal Prog,2003,USA,309k VBR,mp3,3:49,Studio,LP
Lightning Bolt,Duel in the Deep,Wonderful Rainbow,Brutal Prog,2003,USA,292k VBR,mp3,6:16,Studio,LP
Broadcast,Accidentals,Work and Non Work,Downtempo,1997,UK; England,246k VBR,mp3,3:26,Studio,Compilation
Broadcast,The Book Lovers,Work and Non Work,Downtempo,1997,UK; England,244k VBR,mp3,4:48,Studio,Compilation
Broadcast,Message From Home,Work and Non Work,Downtempo,1997,UK; England,262k VBR,mp3,4:58,Studio,Compilation
Broadcast,Phantom,Work and Non Work,Downtempo,1997,UK; England,273k VBR,mp3,3:30,Studio,Compilation
Broadcast,We've Got Time,Work and Non Work,Downtempo,1997,UK; England,261k VBR,mp3,4:11,Studio,Compilation
Broadcast,Living Room,Work and Non Work,Downtempo,1997,UK; England,266k VBR,mp3,3:26,Studio,Compilation
Broadcast,According to No Plan,Work and Non Work,Downtempo,1997,UK; England,226k VBR,mp3,3:07,Studio,Compilation
Broadcast,The World Backwards,Work and Non Work,Downtempo,1997,UK; England,272k VBR,mp3,3:59,Studio,Compilation
Broadcast,Lights Out,Work and Non Work,Downtempo,1997,UK; England,253k VBR,mp3,4:32,Studio,Compilation
Steve Reich,"Music for Mallet Instruments, Voices and Organ",Works: 1965-1995,Classical,1997,USA,664k,flac,16:51,Studio,LP
Steve Reich,Clapping Music,Works: 1965-1995,Classical,1997,USA,609k,flac,4:45,Studio,LP
Steve Reich,Six Marimbas,Works: 1965-1995,Classical,1997,USA,596k,flac,16:19,Studio,LP
Arthur Russell,Tone Bone Kone,World of Echo,Avant-Folk,1986,USA,121k VBR,mp3,1:00,Studio,LP
Arthur Russell,Soon-To-Be Innocent Fun/Let's See,World of Echo,Avant-Folk,1986,USA,126k VBR,mp3,9:32,Studio,LP
Arthur Russell,Tower of Meaning/Rabbit's Ear/Home Away from Home,World of Echo,Avant-Folk,1986,USA,119k VBR,mp3,4:36,Studio,LP
Arthur Russell,Answers Me,World of Echo,Avant-Folk,1986,USA,114k VBR,mp3,2:09,Studio,LP
Arthur Russell,Being It,World of Echo,Avant-Folk,1986,USA,120k VBR,mp3,3:48,Studio,LP
Arthur Russell,Place I Know/Kid Like You,World of Echo,Avant-Folk,1986,USA,119k VBR,mp3,4:36,Studio,LP
Arthur Russell,She's the Star/I Take This Time,World of Echo,Avant-Folk,1986,USA,126k VBR,mp3,4:52,Studio,LP
Arthur Russell,Treehouse,World of Echo,Avant-Folk,1986,USA,126k VBR,mp3,2:12,Studio,LP
Arthur Russell,See-Through,World of Echo,Avant-Folk,1986,USA,131k VBR,mp3,2:07,Studio,LP
Arthur Russell,Hiding Your Present from You,World of Echo,Avant-Folk,1986,USA,128k VBR,mp3,4:13,Studio,LP
Arthur Russell,Wax the Van,World of Echo,Avant-Folk,1986,USA,122k VBR,mp3,2:09,Studio,LP
Arthur Russell,All-Boy All-Girl,World of Echo,Avant-Folk,1986,USA,128k VBR,mp3,3:41,Studio,LP
Arthur Russell,Lucky Cloud,World of Echo,Avant-Folk,1986,USA,126k VBR,mp3,2:50,Studio,LP
Arthur Russell,Let's Go Swimming,World of Echo,Avant-Folk,1986,USA,127k VBR,mp3,2:36,Studio,LP
Boredoms,Domsbore,Wow 2,Noise Rock,1993,Japan,320k,mp3,3:52,Studio,LP
Boredoms,Jet Net,Wow 2,Noise Rock,1993,Japan,320k,mp3,4:20,Studio,LP
Boredoms,Rat Soup,Wow 2,Noise Rock,1993,Japan,320k,mp3,5:29,Studio,LP
Boredoms,Pop Can,Wow 2,Noise Rock,1993,Japan,320k,mp3,2:12,Studio,LP
Boredoms,Rydeen!!,Wow 2,Noise Rock,1993,Japan,320k,mp3,6:18,Studio,LP
Boredoms,Heps,Wow 2,Noise Rock,1993,Japan,320k,mp3,6:16,Studio,LP
Boredoms,VV Rule,Wow 2,Noise Rock,1993,Japan,320k,mp3,1:12,Studio,LP
Boredoms,Domdoms,Wow 2,Noise Rock,1993,Japan,320k,mp3,5:46,Studio,LP
Boredoms,100 Dom,Wow 2,Noise Rock,1993,Japan,320k,mp3,4:38,Studio,LP
Boredoms,Mogo?,Wow 2,Noise Rock,1993,Japan,320k,mp3,3:31,Studio,LP
Boredoms,OK,Wow 2,Noise Rock,1993,Japan,320k,mp3,3:20,Studio,LP
Boredoms,Do,Wow 2,Noise Rock,1993,Japan,320k,mp3,0:52,Studio,LP
Boredoms,On,Wow 2,Noise Rock,1993,Japan,320k,mp3,4:27,Studio,LP
Boredoms,Up,Wow 2,Noise Rock,1993,Japan,320k,mp3,1:56,Studio,LP
Coldplay,Square One,X And Y,Pop Rock; Post-Britpop; Alternative Rock,2005,UK; England,221k VBR,mp3,4:47,Studio,LP
Coldplay,What If,X And Y,Pop Rock; Post-Britpop; Alternative Rock,2005,UK; England,203k VBR,mp3,4:57,Studio,LP
Coldplay,White Shadows,X And Y,Pop Rock; Post-Britpop; Alternative Rock,2005,UK; England,223k VBR,mp3,5:28,Studio,LP
Coldplay,Fix You,X And Y,Pop Rock; Post-Britpop; Alternative Rock,2005,UK; England,194k VBR,mp3,4:55,Studio,LP
Coldplay,Talk,X And Y,Pop Rock; Post-Britpop; Alternative Rock,2005,UK; England,226k VBR,mp3,5:11,Studio,LP
Coldplay,X&Y,X And Y,Pop Rock; Post-Britpop; Alternative Rock,2005,UK; England,223k VBR,mp3,4:34,Studio,LP
Coldplay,Speed Of Sound,X And Y,Pop Rock; Post-Britpop; Alternative Rock,2005,UK; England,227k VBR,mp3,4:48,Studio,LP
Coldplay,A Message,X And Y,Pop Rock; Post-Britpop; Alternative Rock,2005,UK; England,229k VBR,mp3,4:45,Studio,LP
Coldplay,Low,X And Y,Pop Rock; Post-Britpop; Alternative Rock,2005,UK; England,237k VBR,mp3,5:32,Studio,LP
Coldplay,The Hardest Part,X And Y,Pop Rock; Post-Britpop; Alternative Rock,2005,UK; England,231k VBR,mp3,4:25,Studio,LP
Coldplay,Swallowed In The Sea,X And Y,Pop Rock; Post-Britpop; Alternative Rock,2005,UK; England,206k VBR,mp3,3:59,Studio,LP
Coldplay,Twisted Logic,X And Y,Pop Rock; Post-Britpop; Alternative Rock,2005,UK; England,208k VBR,mp3,5:01,Studio,LP
Coldplay,Til Kingdom Come,X And Y,Pop Rock; Post-Britpop; Alternative Rock,2005,UK; England,174k VBR,mp3,4:10,Studio,LP
Elliott Smith,Sweet Adeline,XO,Indie Pop,1998,USA,821k,flac,3:15,Studio,LP
Elliott Smith,Tomorrow Tomorrow,XO,Indie Pop,1998,USA,917k,flac,3:07,Studio,LP
Elliott Smith,Waltz #2 (XO),XO,Indie Pop,1998,USA,942k,flac,4:40,Studio,LP
Elliott Smith,Baby Britain (Album Version),XO,Indie Pop,1998,USA,939k,flac,3:13,Studio,LP
Elliott Smith,Pitseleh,XO,Indie Pop,1998,USA,811k,flac,3:22,Studio,LP
Elliott Smith,Independence Day,XO,Indie Pop,1998,USA,862k,flac,3:04,Studio,LP
Elliott Smith,Bled White,XO,Indie Pop,1998,USA,931k,flac,3:22,Studio,LP
Elliott Smith,Waltz #1,XO,Indie Pop,1998,USA,803k,flac,3:22,Studio,LP
Elliott Smith,Amity,XO,Indie Pop,1998,USA,1007k,flac,2:20,Studio,LP
Elliott Smith,"Oh Well, OK",XO,Indie Pop,1998,USA,860k,flac,2:33,Studio,LP
Elliott Smith,Bottle Up And Explode!,XO,Indie Pop,1998,USA,902k,flac,2:58,Studio,LP
Elliott Smith,A Question Mark,XO,Indie Pop,1998,USA,968k,flac,2:41,Studio,LP
Elliott Smith,"Everybody Cares, Everybody Understands",XO,Indie Pop,1998,USA,926k,flac,4:25,Studio,LP
Elliott Smith,I Didn't Understand,XO,Indie Pop,1998,USA,813k,flac,2:17,Studio,LP
Nobuko Hori,Kuk,xtoyourmilkyhair,Glitch; Electronic; Electroacoustic; Glitch Pop; Sound Collage,2007,Japan,320k,mp3,1:58,Studio,LP
Nobuko Hori,Talk to You,xtoyourmilkyhair,Glitch; Electronic; Electroacoustic; Glitch Pop; Sound Collage,2007,Japan,320k,mp3,1:49,Studio,LP
Nobuko Hori,GGGGR,xtoyourmilkyhair,Glitch; Electronic; Electroacoustic; Glitch Pop; Sound Collage,2007,Japan,320k,mp3,4:55,Studio,LP
Nobuko Hori,Hmmm,xtoyourmilkyhair,Glitch; Electronic; Electroacoustic; Glitch Pop; Sound Collage,2007,Japan,320k,mp3,1:55,Studio,LP
Nobuko Hori,Sukinan,xtoyourmilkyhair,Glitch; Electronic; Electroacoustic; Glitch Pop; Sound Collage,2007,Japan,320k,mp3,3:42,Studio,LP
Nobuko Hori,Humummmm,xtoyourmilkyhair,Glitch; Electronic; Electroacoustic; Glitch Pop; Sound Collage,2007,Japan,320k,mp3,3:19,Studio,LP
Nobuko Hori,Nuine,xtoyourmilkyhair,Glitch; Electronic; Electroacoustic; Glitch Pop; Sound Collage,2007,Japan,320k,mp3,3:29,Studio,LP
Nobuko Hori,ITE,xtoyourmilkyhair,Glitch; Electronic; Electroacoustic; Glitch Pop; Sound Collage,2007,Japan,320k,mp3,1:52,Studio,LP
Nobuko Hori,Hug or Kiss Me,xtoyourmilkyhair,Glitch; Electronic; Electroacoustic; Glitch Pop; Sound Collage,2007,Japan,320k,mp3,4:01,Studio,LP
Nobuko Hori,Yumy,xtoyourmilkyhair,Glitch; Electronic; Electroacoustic; Glitch Pop; Sound Collage,2007,Japan,320k,mp3,1:19,Studio,LP
Nobuko Hori,Soi,xtoyourmilkyhair,Glitch; Electronic; Electroacoustic; Glitch Pop; Sound Collage,2007,Japan,320k,mp3,2:07,Studio,LP
Nobuko Hori,XEXE,xtoyourmilkyhair,Glitch; Electronic; Electroacoustic; Glitch Pop; Sound Collage,2007,Japan,320k,mp3,1:37,Studio,LP
Nobuko Hori,Dashyou,xtoyourmilkyhair,Glitch; Electronic; Electroacoustic; Glitch Pop; Sound Collage,2007,Japan,320k,mp3,1:16,Studio,LP
Nobuko Hori,OOO,xtoyourmilkyhair,Glitch; Electronic; Electroacoustic; Glitch Pop; Sound Collage,2007,Japan,320k,mp3,5:35,Studio,LP
Nobuko Hori,Hei,xtoyourmilkyhair,Glitch; Electronic; Electroacoustic; Glitch Pop; Sound Collage,2007,Japan,320k,mp3,2:39,Studio,LP
Nobuko Hori,[unknown],xtoyourmilkyhair,Glitch; Electronic; Electroacoustic; Glitch Pop; Sound Collage,2007,Japan,320k,mp3,1:17,Studio,LP
lovesliescrushing,Valerian (Her Voice Honeyed),Xuvetyn,Shoegaze,1996,USA,320k,mp3,5:58,Studio,LP
lovesliescrushing,Aquan 1,Xuvetyn,Shoegaze,1996,USA,320k,mp3,0:45,Studio,LP
lovesliescrushing,Mandragora Louvareen,Xuvetyn,Shoegaze,1996,USA,320k,mp3,4:09,Studio,LP
lovesliescrushing,Staticburst,Xuvetyn,Shoegaze,1996,USA,320k,mp3,0:45,Studio,LP
lovesliescrushing,Xarella Almandyne,Xuvetyn,Shoegaze,1996,USA,320k,mp3,5:32,Studio,LP
lovesliescrushing,Milkysoft,Xuvetyn,Shoegaze,1996,USA,320k,mp3,2:31,Studio,LP
lovesliescrushing,Blooded And Blossom-Blown,Xuvetyn,Shoegaze,1996,USA,320k,mp3,6:07,Studio,LP
lovesliescrushing,Hum Vibralux,Xuvetyn,Shoegaze,1996,USA,320k,mp3,0:36,Studio,LP
lovesliescrushing,Virgin Blue-Eyed,Xuvetyn,Shoegaze,1996,USA,320k,mp3,4:22,Studio,LP
lovesliescrushing,Seesaw,Xuvetyn,Shoegaze,1996,USA,320k,mp3,1:05,Studio,LP
lovesliescrushing,Flowered Smother,Xuvetyn,Shoegaze,1996,USA,320k,mp3,6:23,Studio,LP
lovesliescrushing,Monar,Xuvetyn,Shoegaze,1996,USA,320k,mp3,0:36,Studio,LP
lovesliescrushing,Silver (Fairy Threaded),Xuvetyn,Shoegaze,1996,USA,320k,mp3,9:10,Studio,LP
lovesliescrushing,Luma (Web-Like And Crescent),Xuvetyn,Shoegaze,1996,USA,320k,mp3,3:27,Studio,LP
lovesliescrushing,Golden-Handed,Xuvetyn,Shoegaze,1996,USA,320k,mp3,5:23,Studio,LP
lovesliescrushing,Bones Of Angels,Xuvetyn,Shoegaze,1996,USA,320k,mp3,5:49,Studio,LP
lovesliescrushing,Ghosts That Swirl,Xuvetyn,Shoegaze,1996,USA,320k,mp3,8:19,Studio,LP
lovesliescrushing,Mother Of Pearl,Xuvetyn,Shoegaze,1996,USA,320k,mp3,5:10,Studio,LP
Shiva Affect,Rest Is Easy,Yahweh,Post-Rock; Indie Rock,1994,UK; England,128k,mp3,11:38,Studio,LP
Shiva Affect,Day To Day,Yahweh,Post-Rock; Indie Rock,1994,UK; England,128k,mp3,2:35,Studio,LP
Shiva Affect,Caught In Amber,Yahweh,Post-Rock; Indie Rock,1994,UK; England,128k,mp3,5:54,Studio,LP
Shiva Affect,The Bridge,Yahweh,Post-Rock; Indie Rock,1994,UK; England,128k,mp3,6:34,Studio,LP
Shiva Affect,Crank,Yahweh,Post-Rock; Indie Rock,1994,UK; England,128k,mp3,4:17,Studio,LP
Shiva Affect,Cloud My Way,Yahweh,Post-Rock; Indie Rock,1994,UK; England,128k,mp3,6:23,Studio,LP
Drive Like Jehu,Here Come The Rome Plows,Yank Crime,Post-Hardcore; Math Rock; Noise Rock,1994,USA,320k,mp3,5:43,Studio,LP
Drive Like Jehu,Do You Compute,Yank Crime,Post-Hardcore; Math Rock; Noise Rock,1994,USA,320k,mp3,7:12,Studio,LP
Drive Like Jehu,Golden Brown,Yank Crime,Post-Hardcore; Math Rock; Noise Rock,1994,USA,320k,mp3,3:14,Studio,LP
Drive Like Jehu,Luau,Yank Crime,Post-Hardcore; Math Rock; Noise Rock,1994,USA,320k,mp3,9:27,Studio,LP
Drive Like Jehu,Super Unison,Yank Crime,Post-Hardcore; Math Rock; Noise Rock,1994,USA,320k,mp3,7:24,Studio,LP
Drive Like Jehu,New Intro,Yank Crime,Post-Hardcore; Math Rock; Noise Rock,1994,USA,320k,mp3,3:33,Studio,LP
Drive Like Jehu,New Math,Yank Crime,Post-Hardcore; Math Rock; Noise Rock,1994,USA,320k,mp3,4:05,Studio,LP
Drive Like Jehu,Human Interest,Yank Crime,Post-Hardcore; Math Rock; Noise Rock,1994,USA,320k,mp3,3:24,Studio,LP
Drive Like Jehu,Sinews,Yank Crime,Post-Hardcore; Math Rock; Noise Rock,1994,USA,320k,mp3,9:07,Studio,LP
Wilco,I Am Trying To Break Your Heart,Yankee Hotel Foxtrot,Indie Rock; Art Rock; Contemporary Country,2002,USA,320k,mp3,6:58,Studio,LP
Wilco,Kamera,Yankee Hotel Foxtrot,Indie Rock; Art Rock; Contemporary Country,2002,USA,320k,mp3,3:30,Studio,LP
Wilco,Radio Cure,Yankee Hotel Foxtrot,Indie Rock; Art Rock; Contemporary Country,2002,USA,320k,mp3,5:08,Studio,LP
Wilco,War On War,Yankee Hotel Foxtrot,Indie Rock; Art Rock; Contemporary Country,2002,USA,320k,mp3,3:49,Studio,LP
Wilco,"Jesus, Etc.",Yankee Hotel Foxtrot,Indie Rock; Art Rock; Contemporary Country,2002,USA,320k,mp3,3:51,Studio,LP
Wilco,Ashes Of American Flags,Yankee Hotel Foxtrot,Indie Rock; Art Rock; Contemporary Country,2002,USA,320k,mp3,4:44,Studio,LP
Wilco,Heavy Metal Drummer,Yankee Hotel Foxtrot,Indie Rock; Art Rock; Contemporary Country,2002,USA,320k,mp3,3:09,Studio,LP
Wilco,I'm The Man Who Loves You,Yankee Hotel Foxtrot,Indie Rock; Art Rock; Contemporary Country,2002,USA,320k,mp3,3:56,Studio,LP
Wilco,Pot Kettle Black,Yankee Hotel Foxtrot,Indie Rock; Art Rock; Contemporary Country,2002,USA,320k,mp3,4:00,Studio,LP
Wilco,Poor Places,Yankee Hotel Foxtrot,Indie Rock; Art Rock; Contemporary Country,2002,USA,320k,mp3,5:18,Studio,LP
Wilco,Reservations,Yankee Hotel Foxtrot,Indie Rock; Art Rock; Contemporary Country,2002,USA,320k,mp3,7:23,Studio,LP
Godspeed You! Black Emperor,09-15-00,Yanqui U.X.O.,Post-Rock,2002,Canada,320k,mp3,16:27,Studio,LP
Godspeed You! Black Emperor,09-15-00 (cont.),Yanqui U.X.O.,Post-Rock,2002,Canada,320k,mp3,6:16,Studio,LP
Godspeed You! Black Emperor,Rockets fall on Rocket Falls,Yanqui U.X.O.,Post-Rock,2002,Canada,320k,mp3,20:42,Studio,LP
Godspeed You! Black Emperor,motherfucker=redeemer,Yanqui U.X.O.,Post-Rock,2002,Canada,320k,mp3,21:22,Studio,LP
Godspeed You! Black Emperor,motherfucker=redeemer (cont.),Yanqui U.X.O.,Post-Rock,2002,Canada,320k,mp3,10:10,Studio,LP
Grizzly Bear,Easier,Yellow House,Psychedelic Folk; Indie Folk,2006,USA,232k VBR,mp3,3:43,Studio,LP
Grizzly Bear,Lullabye,Yellow House,Psychedelic Folk; Indie Folk,2006,USA,250k VBR,mp3,5:14,Studio,LP
Grizzly Bear,Knife,Yellow House,Psychedelic Folk; Indie Folk,2006,USA,238k VBR,mp3,5:14,Studio,LP
Grizzly Bear,Central And Remote,Yellow House,Psychedelic Folk; Indie Folk,2006,USA,241k VBR,mp3,4:54,Studio,LP
Grizzly Bear,Little Brother,Yellow House,Psychedelic Folk; Indie Folk,2006,USA,220k VBR,mp3,6:24,Studio,LP
Grizzly Bear,Plans,Yellow House,Psychedelic Folk; Indie Folk,2006,USA,236k VBR,mp3,4:16,Studio,LP
Grizzly Bear,Marla,Yellow House,Psychedelic Folk; Indie Folk,2006,USA,223k VBR,mp3,4:56,Studio,LP
Grizzly Bear,"On A Neck, On A Spit",Yellow House,Psychedelic Folk; Indie Folk,2006,USA,247k VBR,mp3,5:46,Studio,LP
Grizzly Bear,Reprise,Yellow House,Psychedelic Folk; Indie Folk,2006,USA,222k VBR,mp3,3:19,Studio,LP
Grizzly Bear,Colorado,Yellow House,Psychedelic Folk; Indie Folk,2006,USA,250k VBR,mp3,6:13,Studio,LP
Daniel Rossen,It’s a Passage,You Belong There,Chamber Folk,2022,USA,267k VBR,mp3,3:58,Studio,LP
Daniel Rossen,Shadow in the Frame,You Belong There,Chamber Folk,2022,USA,261k VBR,mp3,5:16,Studio,LP
Daniel Rossen,You Belong There,You Belong There,Chamber Folk,2022,USA,262k VBR,mp3,2:40,Studio,LP
Daniel Rossen,Unpeopled Space,You Belong There,Chamber Folk,2022,USA,267k VBR,mp3,6:09,Studio,LP
Daniel Rossen,Celia,You Belong There,Chamber Folk,2022,USA,243k VBR,mp3,2:39,Studio,LP
Daniel Rossen,Tangle,You Belong There,Chamber Folk,2022,USA,256k VBR,mp3,3:46,Studio,LP
Daniel Rossen,I’ll Wait for Your Visit,You Belong There,Chamber Folk,2022,USA,266k VBR,mp3,6:53,Studio,LP
Daniel Rossen,Keeper and Kin,You Belong There,Chamber Folk,2022,USA,273k VBR,mp3,6:09,Studio,LP
Daniel Rossen,The Last One,You Belong There,Chamber Folk,2022,USA,263k VBR,mp3,3:50,Studio,LP
Daniel Rossen,Repeat the Pattern,You Belong There,Chamber Folk,2022,USA,247k VBR,mp3,3:01,Studio,LP
My Bloody Valentine,You Made Me Realise,You Made Me Realise,Shoegaze,1988,UK; Ireland; England,320k,mp3,3:44,Studio,EP
My Bloody Valentine,Slow,You Made Me Realise,Shoegaze,1988,UK; Ireland; England,320k,mp3,3:10,Studio,EP
My Bloody Valentine,Thorn,You Made Me Realise,Shoegaze,1988,UK; Ireland; England,320k,mp3,3:35,Studio,EP
My Bloody Valentine,Cigarette in Your Bed,You Made Me Realise,Shoegaze,1988,UK; Ireland; England,320k,mp3,3:28,Studio,EP
My Bloody Valentine,Drive It All Over Me,You Made Me Realise,Shoegaze,1988,UK; Ireland; England,320k,mp3,3:05,Studio,EP
Sweet Trip,Conservation Of Two,You Will Never Know Why,Dream Pop,2009,USA,243k VBR,mp3,2:41,Studio,LP
Sweet Trip,Air Supply,You Will Never Know Why,Dream Pop,2009,USA,256k VBR,m4a,4:41,Studio,LP
Sweet Trip,Forever,You Will Never Know Why,Dream Pop,2009,USA,256k VBR,m4a,3:59,Studio,LP
Sweet Trip,Acting,You Will Never Know Why,Dream Pop,2009,USA,256k VBR,m4a,7:06,Studio,LP
Sweet Trip,Milk,You Will Never Know Why,Dream Pop,2009,USA,256k VBR,m4a,4:25,Studio,LP
Sweet Trip,Darkness,You Will Never Know Why,Dream Pop,2009,USA,256k VBR,m4a,6:19,Studio,LP
Sweet Trip,To The Moon,You Will Never Know Why,Dream Pop,2009,USA,256k VBR,m4a,4:10,Studio,LP
Sweet Trip,Song About A Sea,You Will Never Know Why,Dream Pop,2009,USA,256k VBR,m4a,1:31,Studio,LP
Sweet Trip,Song About A Sun,You Will Never Know Why,Dream Pop,2009,USA,256k VBR,m4a,1:32,Studio,LP
Sweet Trip,No Words To Be Found,You Will Never Know Why,Dream Pop,2009,USA,256k VBR,m4a,2:47,Studio,LP
Sweet Trip,Pretending,You Will Never Know Why,Dream Pop,2009,USA,256k VBR,m4a,5:05,Studio,LP
Sweet Trip,Misfortunes Are Cruel,You Will Never Know Why,Dream Pop,2009,USA,256k VBR,m4a,4:18,Studio,LP
Sweet Trip,Your World Is Eternally Complete,You Will Never Know Why,Dream Pop,2009,USA,256k VBR,m4a,4:20,Studio,LP
Sweet Trip,Female Lover,You Will Never Know Why,Dream Pop,2009,USA,256k VBR,m4a,4:04,Studio,LP
Daughters,City Song,You Won't Get What You Want,Noise Rock; Industrial Rock,2018,USA,320k,mp3,5:55,Studio,LP
Daughters,"Long Road, No Turns",You Won't Get What You Want,Noise Rock; Industrial Rock,2018,USA,320k,mp3,5:04,Studio,LP
Daughters,Satan In the Wait,You Won't Get What You Want,Noise Rock; Industrial Rock,2018,USA,320k,mp3,7:06,Studio,LP
Daughters,The Flammable Man,You Won't Get What You Want,Noise Rock; Industrial Rock,2018,USA,320k,mp3,2:09,Studio,LP
Daughters,The Lords Song,You Won't Get What You Want,Noise Rock; Industrial Rock,2018,USA,320k,mp3,2:45,Studio,LP
Daughters,Less Sex,You Won't Get What You Want,Noise Rock; Industrial Rock,2018,USA,320k,mp3,4:47,Studio,LP
Daughters,Daughter,You Won't Get What You Want,Noise Rock; Industrial Rock,2018,USA,320k,mp3,4:55,Studio,LP
Daughters,The Reason They Hate Me,You Won't Get What You Want,Noise Rock; Industrial Rock,2018,USA,320k,mp3,3:55,Studio,LP
Daughters,Ocean Song,You Won't Get What You Want,Noise Rock; Industrial Rock,2018,USA,320k,mp3,7:28,Studio,LP
Daughters,Guest House,You Won't Get What You Want,Noise Rock; Industrial Rock,2018,USA,320k,mp3,4:29,Studio,LP
Hum,Little Dipper,You’d Prefer an Astronaut,Alternative Rock; Post-Hardcore,1995,USA,865k,flac,4:43,Studio,LP
Hum,The Pod,You’d Prefer an Astronaut,Alternative Rock; Post-Hardcore,1995,USA,888k,flac,4:37,Studio,LP
Hum,Stars,You’d Prefer an Astronaut,Alternative Rock; Post-Hardcore,1995,USA,802k,flac,5:09,Studio,LP
Hum,Suicide Machine,You’d Prefer an Astronaut,Alternative Rock; Post-Hardcore,1995,USA,757k,flac,5:57,Studio,LP
Hum,The Very Old Man,You’d Prefer an Astronaut,Alternative Rock; Post-Hardcore,1995,USA,473k,flac,2:43,Studio,LP
Hum,Why I Like the Robins,You’d Prefer an Astronaut,Alternative Rock; Post-Hardcore,1995,USA,844k,flac,4:57,Studio,LP
Hum,I’d Like Your Hair Long,You’d Prefer an Astronaut,Alternative Rock; Post-Hardcore,1995,USA,860k,flac,5:23,Studio,LP
Hum,I Hate It Too,You’d Prefer an Astronaut,Alternative Rock; Post-Hardcore,1995,USA,691k,flac,5:58,Studio,LP
Hum,Songs of Farewell and Departure,You’d Prefer an Astronaut,Alternative Rock; Post-Hardcore,1995,USA,737k,flac,6:16,Studio,LP
Dinosaur Jr.,Little Fury Things,You’re Living All Over Me,Noise Rock; Slacker Rock,1987,USA,320k,mp3,3:06,Studio,LP
Dinosaur Jr.,Kracked,You’re Living All Over Me,Noise Rock; Slacker Rock,1987,USA,320k,mp3,2:50,Studio,LP
Dinosaur Jr.,Sludgefeast,You’re Living All Over Me,Noise Rock; Slacker Rock,1987,USA,320k,mp3,5:16,Studio,LP
Dinosaur Jr.,The Lung,You’re Living All Over Me,Noise Rock; Slacker Rock,1987,USA,320k,mp3,3:51,Studio,LP
Dinosaur Jr.,Raisans,You’re Living All Over Me,Noise Rock; Slacker Rock,1987,USA,320k,mp3,3:50,Studio,LP
Dinosaur Jr.,Tarpit,You’re Living All Over Me,Noise Rock; Slacker Rock,1987,USA,320k,mp3,4:35,Studio,LP
Dinosaur Jr.,In a Jar,You’re Living All Over Me,Noise Rock; Slacker Rock,1987,USA,320k,mp3,3:28,Studio,LP
Dinosaur Jr.,Lose,You’re Living All Over Me,Noise Rock; Slacker Rock,1987,USA,320k,mp3,3:10,Studio,LP
Dinosaur Jr.,Poledo,You’re Living All Over Me,Noise Rock; Slacker Rock,1987,USA,320k,mp3,5:43,Studio,LP
Dinosaur Jr.,Just Like Heaven,You’re Living All Over Me,Noise Rock; Slacker Rock,1987,USA,320k,mp3,2:55,Studio,LP
Z-Rock Hawaii,Chuggin',Z-Rock Hawaii,Alternative Rock,1996,USA; Japan,223k VBR,mp3,2:49,Studio,LP
Z-Rock Hawaii,Bad to the Bone,Z-Rock Hawaii,Alternative Rock,1996,USA; Japan,275k VBR,mp3,3:44,Studio,LP
Z-Rock Hawaii,In the Garden,Z-Rock Hawaii,Alternative Rock,1996,USA; Japan,245k VBR,mp3,4:22,Studio,LP
Z-Rock Hawaii,Love Like Cement,Z-Rock Hawaii,Alternative Rock,1996,USA; Japan,300k VBR,mp3,1:59,Studio,LP
Z-Rock Hawaii,Tuchus,Z-Rock Hawaii,Alternative Rock,1996,USA; Japan,238k VBR,mp3,3:09,Studio,LP
Z-Rock Hawaii,Piledriver,Z-Rock Hawaii,Alternative Rock,1996,USA; Japan,296k VBR,mp3,3:35,Studio,LP
Z-Rock Hawaii,I Get a Little Taste of You,Z-Rock Hawaii,Alternative Rock,1996,USA; Japan,258k VBR,mp3,2:22,Studio,LP
Z-Rock Hawaii,God in My Bed,Z-Rock Hawaii,Alternative Rock,1996,USA; Japan,238k VBR,mp3,3:42,Studio,LP
Z-Rock Hawaii,The Meadow,Z-Rock Hawaii,Alternative Rock,1996,USA; Japan,246k VBR,mp3,7:17,Studio,LP
Z-Rock Hawaii,Sunset Over Osaka,Z-Rock Hawaii,Alternative Rock,1996,USA; Japan,225k VBR,mp3,6:30,Studio,LP
Tangerine Dream,Birth Of Liquid Plejades,Zeit,Krautrock,1972,Germany,320k,mp3,19:54,Studio,LP
Tangerine Dream,Nebulous Dawn,Zeit,Krautrock,1972,Germany,320k,mp3,17:56,Studio,LP
Tangerine Dream,Origin Of Supernatural Probabilities,Zeit,Krautrock,1972,Germany,320k,mp3,19:35,Studio,LP
Tangerine Dream,Zeit,Zeit,Krautrock,1972,Germany,320k,mp3,16:58,Studio,LP
Fela Kuti,Zombie,Zombie,Afrobeat,1977,Nigeria,224k,mp3,12:26,Studio,LP
Fela Kuti,Mister Follow Follow,Zombie,Afrobeat,1977,Nigeria,224k,mp3,12:57,Studio,LP
Fela Kuti,Observation Is No Crime,Zombie,Afrobeat,1977,Nigeria,224k,mp3,13:25,Studio,LP
Fela Kuti,Mistake,Zombie,Afrobeat,1977,Nigeria,224k,mp3,14:46,Studio,LP
คณะ รุ่งทวี,แห่สดดนตรีพื้นบ้านหนองโก ชุดที่ 8,แห่สดดนตรีพื้นบ้านหนองโก ชุดที่ 8 + 9,Molam sing,2000,Thailand,152k VBR,mp3,26:49,Studio,LP
คณะ รุ่งทวี,แห่สดดนตรีพื้นบ้านหนองโก ชุดที่ 9,แห่สดดนตรีพื้นบ้านหนองโก ชุดที่ 8 + 9,Molam sing,2000,Thailand,156k VBR,mp3,28:37,Studio,LP
ၼၢင်းၼၢင်း [Nang Nang],ၸႂ်ထိုင်ပီႈၸႆၢးမီးယူႇလႂ် (Aue tueng pi aay mi yu laue),လက်ရွေးစဉ် တေးများ (Le' ywei sin tei mya),Burmese Stereo,1978,Myanmar,191k VBR,mp3,3:36,Studio,LP
ၼၢင်းၼၢင်း [Nang Nang],ၼမ်ႉၶူင်းဢိူၺ်မၼ်းမီးလႂ် (Nam khong ue man mi laue),လက်ရွေးစဉ် တေးများ (Le' ywei sin tei mya),Burmese Stereo,1978,Myanmar,190k VBR,mp3,3:37,Studio,LP
ၼၢင်းၼၢင်း [Nang Nang],ပီႈၸႆၢးၼွင်ႉတေၵႂႃႇယဝ်ႉ (Pi aay nong te kwaa yaw),လက်ရွေးစဉ် တေးများ (Le' ywei sin tei mya),Burmese Stereo,1978,Myanmar,188k VBR,mp3,4:26,Studio,LP
ၼၢင်းၼၢင်း [Nang Nang],ၵူၼ်းၸႂ်ၼမ် (Kon aue nam),လက်ရွေးစဉ် တေးများ (Le' ywei sin tei mya),Burmese Stereo,1978,Myanmar,186k VBR,mp3,3:20,Studio,LP
ၼၢင်းၼၢင်း [Nang Nang],သဵင်ၼူၵ်ႉတွင်ႉလေႃး (Seng nok tong lo),လက်ရွေးစဉ် တေးများ (Le' ywei sin tei mya),Burmese Stereo,1978,Myanmar,186k VBR,mp3,3:10,Studio,LP
ၼၢင်းၼၢင်း [Nang Nang],ႁူႉထိုင်သေပွၵ်ႈမႃးလႄႈ (Hu tueng se pok maa laa),လက်ရွေးစဉ် တေးများ (Le' ywei sin tei mya),Burmese Stereo,1978,Myanmar,186k VBR,mp3,3:42,Studio,LP
ၼၢင်းၼၢင်း [Nang Nang],ၸႂ်ပိဝ်မိူဝ်ႈၶၢဝ်းမႆႈ (Aue pew moe khaaw may),လက်ရွေးစဉ် တေးများ (Le' ywei sin tei mya),Burmese Stereo,1978,Myanmar,185k VBR,mp3,3:27,Studio,LP
ၼၢင်းၼၢင်း [Nang Nang],[untitled],လက်ရွေးစဉ် တေးများ (Le' ywei sin tei mya),Burmese Stereo,1978,Myanmar,190k VBR,mp3,3:24,Studio,LP
ၼၢင်းၼၢင်း [Nang Nang],သဵၼ်ႈတၢင်းမႂ်ႇ (Seng taang maue),လက်ရွေးစဉ် တေးများ (Le' ywei sin tei mya),Burmese Stereo,1978,Myanmar,187k VBR,mp3,4:23,Studio,LP
ၼၢင်းၼၢင်း [Nang Nang],ၵၢင်ၸႂ်ၵေႃႉသုမ်းတၢင်းႁၵ်ႉ (Kaang aue ko sum taang hak),လက်ရွေးစဉ် တေးများ (Le' ywei sin tei mya),Burmese Stereo,1978,Myanmar,186k VBR,mp3,4:04,Studio,LP
ၼၢင်းၼၢင်း [Nang Nang],မွၵ်ႇႁူင်ႈၸဝ်ႉ (Mok hong aw),လက်ရွေးစဉ် တေးများ (Le' ywei sin tei mya),Burmese Stereo,1978,Myanmar,192k VBR,mp3,2:04,Studio,LP
ၼၢင်းၼၢင်း [Nang Nang],ၶေႃႈၵႂၢမ်းယိုၼ်ႈထိုင်ၸႆၢးၵေႃႉႁၢၼ် Kho kwaam yuen thueng aay ko haan),လက်ရွေးစဉ် တေးများ (Le' ywei sin tei mya),Burmese Stereo,1978,Myanmar,189k VBR,mp3,4:28,Studio,LP
ၼၢင်းၼၢင်း [Nang Nang],တေမိူဝ်းၼႆၵေႃႉမိူဝ်ႈလွႆးလွႆး (Te moe nay ko moe loy loy),လက်ရွေးစဉ် တေးများ (Le' ywei sin tei mya),Burmese Stereo,1978,Myanmar,186k VBR,mp3,4:54,Studio,LP
ၼၢင်းၼၢင်း [Nang Nang],ငဝ်းလိူၼ်ငဝ်းလၢဝ် (Ngaw loen ngaw laaw),လက်ရွေးစဉ် တေးများ (Le' ywei sin tei mya),Burmese Stereo,1978,Myanmar,181k VBR,mp3,3:13,Studio,LP
ၼၢင်းၼၢင်း [Nang Nang],ယႃႇၸႂ်လဵၵ်ႉၼႃႈၸႆၢး (Yaa aue lek naa aay),လက်ရွေးစဉ် တေးများ (Le' ywei sin tei mya),Burmese Stereo,1978,Myanmar,184k VBR,mp3,2:29,Studio,LP
ၼၢင်းၼၢင်း [Nang Nang],[untitled],လက်ရွေးစဉ် တေးများ (Le' ywei sin tei mya),Burmese Stereo,1978,Myanmar,184k VBR,mp3,2:48,Studio,LP
그림자 공동체 [Shadow Community],기억의 꿈,거울의 숲,Psychedelic Folk; Neo-Psychedelia,2016,South Korea,128k,mp3,4:13,Studio,EP
그림자 공동체 [Shadow Community],지워지는 노래,거울의 숲,Psychedelic Folk; Neo-Psychedelia,2016,South Korea,128k,mp3,5:28,Studio,EP
그림자 공동체 [Shadow Community],차라리 꿈이었으면,거울의 숲,Psychedelic Folk; Neo-Psychedelia,2016,South Korea,128k,mp3,8:00,Studio,EP
그림자 공동체 [Shadow Community],나는 노래,거울의 숲,Psychedelic Folk; Neo-Psychedelia,2016,South Korea,128k,mp3,3:16,Studio,EP
공중도덕 [Mid-Air Thief],하얀방,공중도둑 (Public Morality),Psychedelic Folk,2015,South Korea,320k,mp3,4:24,Studio,LP
공중도덕 [Mid-Air Thief],지진파,공중도둑 (Public Morality),Psychedelic Folk,2015,South Korea,320k,mp3,3:31,Studio,LP
공중도덕 [Mid-Air Thief],파라솔,공중도둑 (Public Morality),Psychedelic Folk,2015,South Korea,320k,mp3,2:00,Studio,LP
공중도덕 [Mid-Air Thief],우,공중도둑 (Public Morality),Psychedelic Folk,2015,South Korea,320k,mp3,4:26,Studio,LP
공중도덕 [Mid-Air Thief],늪지대,공중도둑 (Public Morality),Psychedelic Folk,2015,South Korea,320k,mp3,6:19,Studio,LP
공중도덕 [Mid-Air Thief],달들,공중도둑 (Public Morality),Psychedelic Folk,2015,South Korea,320k,mp3,3:04,Studio,LP
공중도덕 [Mid-Air Thief],아마 (feat. 엄마),공중도둑 (Public Morality),Psychedelic Folk,2015,South Korea,320k,mp3,1:18,Studio,LP
공중도덕 [Mid-Air Thief],매듭,공중도둑 (Public Morality),Psychedelic Folk,2015,South Korea,320k,mp3,7:03,Studio,LP
그림자 공동체 [Shadow Community],동요 (Restless Song),동요 / 할시온의 관,Psychedelic Folk; Neo-Psychedelia,2019,South Korea,128k,mp3,5:08,Studio,Single
그림자 공동체 [Shadow Community],할시온의 관 (Halcyons Coffin),동요 / 할시온의 관,Psychedelic Folk; Neo-Psychedelia,2019,South Korea,128k,mp3,3:38,Studio,Single
Della Zyr,봄: 별은 노래한다 (Constellation’s Song),모호함 속의 너 Nebulous You,Folktronica,2022,South Korea,1573k,flac,4:42,Studio,EP
Della Zyr,여름: 모호함 속의 너 / 2악장 / 놓아줄 때가 되면 놓아주기 (Concerto),모호함 속의 너 Nebulous You,Folktronica,2022,South Korea,1553k,flac,12:18,Studio,EP
Della Zyr,What Orpheus Sang Before (오르페우스의 비가),모호함 속의 너 Nebulous You,Folktronica,2022,South Korea,1533k,flac,8:05,Studio,EP
Della Zyr,Autumn: Nebulous You / 겨울: 대나무꽃,모호함 속의 너 Nebulous You,Folktronica,2022,South Korea,1523k,flac,14:00,Studio,EP
공중도덕 [Mid-Air Thief],왜? (Why?),무너지기 (Crumbling),Folktronica; Neo-Psychedelia; Psychedelic Folk,2018,South Korea,841k,flac,4:41,Studio,LP
공중도덕 [Mid-Air Thief],"쇠사슬 (Ahhhh, These Chains!)",무너지기 (Crumbling),Folktronica; Neo-Psychedelia; Psychedelic Folk,2018,South Korea,977k,flac,5:07,Studio,LP
공중도덕 [Mid-Air Thief],감은 듯 (Gameun Deut),무너지기 (Crumbling),Folktronica; Neo-Psychedelia; Psychedelic Folk,2018,South Korea,972k,flac,5:03,Studio,LP
공중도덕 [Mid-Air Thief],곡선과 투과광 (Curve and Light),무너지기 (Crumbling),Folktronica; Neo-Psychedelia; Psychedelic Folk,2018,South Korea,970k,flac,4:19,Studio,LP
공중도덕 [Mid-Air Thief],함께 무너지기 (Crumbling Together),무너지기 (Crumbling),Folktronica; Neo-Psychedelia; Psychedelic Folk,2018,South Korea,862k,flac,9:38,Studio,LP
공중도덕 [Mid-Air Thief],수호자 (Protector),무너지기 (Crumbling),Folktronica; Neo-Psychedelia; Psychedelic Folk,2018,South Korea,944k,flac,5:22,Studio,LP
공중도덕 [Mid-Air Thief],흙 (Dirt),무너지기 (Crumbling),Folktronica; Neo-Psychedelia; Psychedelic Folk,2018,South Korea,887k,flac,6:21,Studio,LP
공중도덕 [Mid-Air Thief],무소식 (No Answer),무너지기 (Crumbling),Folktronica; Neo-Psychedelia; Psychedelic Folk,2018,South Korea,849k,flac,3:32,Studio,LP
공중도덕 [Mid-Air Thief],Overcoat [Demo],무너지기 (Crumbling),Folktronica; Neo-Psychedelia; Psychedelic Folk,2018,South Korea,717k,flac,1:51,Studio,LP
새눈바탕 [Bird’s Eye Batang)],미손 미끌 (Slippery Smile),손을 모아 (Flood Format),Neo-Psychedelia; IDM; Sound Collage,2022,South Korea,128k,mp3,4:02,Studio,LP
새눈바탕 [Bird’s Eye Batang)],혓것 (Tongue Tracers),손을 모아 (Flood Format),Neo-Psychedelia; IDM; Sound Collage,2022,South Korea,128k,mp3,3:52,Studio,LP
새눈바탕 [Bird’s Eye Batang)],돌고 돌 (Spin & Stone),손을 모아 (Flood Format),Neo-Psychedelia; IDM; Sound Collage,2022,South Korea,128k,mp3,5:45,Studio,LP
새눈바탕 [Bird’s Eye Batang)],빙의빙 (Ripplippling),손을 모아 (Flood Format),Neo-Psychedelia; IDM; Sound Collage,2022,South Korea,128k,mp3,2:20,Studio,LP
새눈바탕 [Bird’s Eye Batang)],윙윙 (Towards),손을 모아 (Flood Format),Neo-Psychedelia; IDM; Sound Collage,2022,South Korea,128k,mp3,1:08,Studio,LP
새눈바탕 [Bird’s Eye Batang)],브럭스 바탕 (Brux Batang),손을 모아 (Flood Format),Neo-Psychedelia; IDM; Sound Collage,2022,South Korea,128k,mp3,5:07,Studio,LP
새눈바탕 [Bird’s Eye Batang)],산신 (The Wider the Wheel),손을 모아 (Flood Format),Neo-Psychedelia; IDM; Sound Collage,2022,South Korea,128k,mp3,7:19,Studio,LP
새눈바탕 [Bird’s Eye Batang)],수 (Are Your Wings Swept?),손을 모아 (Flood Format),Neo-Psychedelia; IDM; Sound Collage,2022,South Korea,128k,mp3,3:44,Studio,LP
Boris,Introduction,あくまのうた (Akuma no uta),Stoner Metal; Psychedelic Rock,2019,Japan,761k,flac,9:41,Studio,LP
Boris,Ibitsu,あくまのうた (Akuma no uta),Stoner Metal; Psychedelic Rock,2019,Japan,1254k,flac,3:21,Studio,LP
Boris,Furi,あくまのうた (Akuma no uta),Stoner Metal; Psychedelic Rock,2019,Japan,1269k,flac,3:19,Studio,LP
Boris,Naki Kyoku,あくまのうた (Akuma no uta),Stoner Metal; Psychedelic Rock,2019,Japan,926k,flac,12:13,Studio,LP
Boris,Ano Onna No Onryou,あくまのうた (Akuma no uta),Stoner Metal; Psychedelic Rock,2019,Japan,1117k,flac,6:28,Studio,LP
Boris,Akuma No Uta,あくまのうた (Akuma no uta),Stoner Metal; Psychedelic Rock,2019,Japan,1187k,flac,4:00,Studio,LP
青葉市子 [Ichiko Aoba],Prologue,アダンの風 (Windswept Adan),Chamber Folk,2020,Japan,601k,flac,4:55,Studio,LP
青葉市子 [Ichiko Aoba],Pilgrimage,アダンの風 (Windswept Adan),Chamber Folk,2020,Japan,720k,flac,3:48,Studio,LP
青葉市子 [Ichiko Aoba],Porcelain,アダンの風 (Windswept Adan),Chamber Folk,2020,Japan,772k,flac,4:29,Studio,LP
青葉市子 [Ichiko Aoba],帆衣,アダンの風 (Windswept Adan),Chamber Folk,2020,Japan,524k,flac,1:58,Studio,LP
青葉市子 [Ichiko Aoba],Easter Lily,アダンの風 (Windswept Adan),Chamber Folk,2020,Japan,626k,flac,3:16,Studio,LP
青葉市子 [Ichiko Aoba],Parfum d'étoiles,アダンの風 (Windswept Adan),Chamber Folk,2020,Japan,548k,flac,2:52,Studio,LP
青葉市子 [Ichiko Aoba],霧鳴島,アダンの風 (Windswept Adan),Chamber Folk,2020,Japan,552k,flac,1:27,Studio,LP
青葉市子 [Ichiko Aoba],Sagu Palm's Song,アダンの風 (Windswept Adan),Chamber Folk,2020,Japan,525k,flac,3:57,Studio,LP
青葉市子 [Ichiko Aoba],chinuhaji,アダンの風 (Windswept Adan),Chamber Folk,2020,Japan,541k,flac,1:52,Studio,LP
青葉市子 [Ichiko Aoba],血の風,アダンの風 (Windswept Adan),Chamber Folk,2020,Japan,528k,flac,3:47,Studio,LP
青葉市子 [Ichiko Aoba],Hagupit,アダンの風 (Windswept Adan),Chamber Folk,2020,Japan,642k,flac,2:58,Studio,LP
青葉市子 [Ichiko Aoba],Dawn in the Adan,アダンの風 (Windswept Adan),Chamber Folk,2020,Japan,682k,flac,4:45,Studio,LP
青葉市子 [Ichiko Aoba],ohayashi,アダンの風 (Windswept Adan),Chamber Folk,2020,Japan,614k,flac,3:44,Studio,LP
青葉市子 [Ichiko Aoba],アダンの島の誕生祭,アダンの風 (Windswept Adan),Chamber Folk,2020,Japan,639k,flac,6:07,Studio,LP
Gezan with Million Wish Collective,(い)のちの一つ前のはなし (A Story Before Life),あのち (Anochi),Experimental Rock; Art Punk; Art Rock,2023,Japan,887k,flac,1:01,Studio,LP
Gezan with Million Wish Collective,誅犬 (Death Penalty Dog),あのち (Anochi),Experimental Rock; Art Punk; Art Rock,2023,Japan,1035k,flac,3:21,Studio,LP
Gezan with Million Wish Collective,Fight War Not Wars,あのち (Anochi),Experimental Rock; Art Punk; Art Rock,2023,Japan,976k,flac,0:09,Studio,LP
Gezan with Million Wish Collective,もう俺らは我慢できない (We Can’t Take It Anymore),あのち (Anochi),Experimental Rock; Art Punk; Art Rock,2023,Japan,1051k,flac,4:42,Studio,LP
Gezan with Million Wish Collective,We All Fall,あのち (Anochi),Experimental Rock; Art Punk; Art Rock,2023,Japan,1037k,flac,3:48,Studio,LP
Gezan with Million Wish Collective,TOKYO DUB STORY,あのち (Anochi),Experimental Rock; Art Punk; Art Rock,2023,Japan,901k,flac,2:34,Studio,LP
Gezan with Million Wish Collective,萃点 (INTERSECTION),あのち (Anochi),Experimental Rock; Art Punk; Art Rock,2023,Japan,1013k,flac,5:27,Studio,LP
Gezan with Million Wish Collective,そらたぴ-わたしたぴ (SORA TAPI WATASHI TAPI) - 鳥話 (bird talk),あのち (Anochi),Experimental Rock; Art Punk; Art Rock,2023,Japan,817k,flac,0:57,Studio,LP
Gezan with Million Wish Collective,We Were The World,あのち (Anochi),Experimental Rock; Art Punk; Art Rock,2023,Japan,984k,flac,4:28,Studio,LP
Gezan with Million Wish Collective,Third Summer of Love,あのち (Anochi),Experimental Rock; Art Punk; Art Rock,2023,Japan,963k,flac,5:05,Studio,LP
Gezan with Million Wish Collective,"終曲の前奏で赤と目があったあのち (Prelude to Finale, Red caught ANOCHI’s eye.)",あのち (Anochi),Experimental Rock; Art Punk; Art Rock,2023,Japan,823k,flac,1:32,Studio,LP
Gezan with Million Wish Collective,JUST LOVE,あのち (Anochi),Experimental Rock; Art Punk; Art Rock,2023,Japan,1001k,flac,6:30,Studio,LP
Gezan with Million Wish Collective,リンダリリンダ (Linda ReLinda),あのち (Anochi),Experimental Rock; Art Punk; Art Rock,2023,Japan,848k,flac,4:34,Studio,LP
青葉市子 [Ichiko Aoba],IMPERIAL SMOKE TOWN,うたびこ (Utabiko),Contemporary Folk,2012,Japan,320k,mp3,7:17,Studio,LP
青葉市子 [Ichiko Aoba],かなしいゆめをみたら,うたびこ (Utabiko),Contemporary Folk,2012,Japan,320k,mp3,2:59,Studio,LP
青葉市子 [Ichiko Aoba],私の盗人,うたびこ (Utabiko),Contemporary Folk,2012,Japan,320k,mp3,5:11,Studio,LP
青葉市子 [Ichiko Aoba],裸足の庭,うたびこ (Utabiko),Contemporary Folk,2012,Japan,320k,mp3,3:25,Studio,LP
青葉市子 [Ichiko Aoba],あなたのかざり,うたびこ (Utabiko),Contemporary Folk,2012,Japan,320k,mp3,4:37,Studio,LP
青葉市子 [Ichiko Aoba],3びきのくま,うたびこ (Utabiko),Contemporary Folk,2012,Japan,320k,mp3,4:37,Studio,LP
青葉市子 [Ichiko Aoba],奇跡はいつでも,うたびこ (Utabiko),Contemporary Folk,2012,Japan,320k,mp3,5:14,Studio,LP
青葉市子 [Ichiko Aoba],ひかりのふるさと,うたびこ (Utabiko),Contemporary Folk,2012,Japan,320k,mp3,3:12,Studio,LP
百景 [Hyakkei],Reading,おくりもの (Okurimono),Math Rock; Post-Rock,2009,Japan,320k,mp3,3:47,Studio,LP
百景 [Hyakkei],Flying Carpet,おくりもの (Okurimono),Math Rock; Post-Rock,2009,Japan,320k,mp3,4:03,Studio,LP
百景 [Hyakkei],Sky Walk,おくりもの (Okurimono),Math Rock; Post-Rock,2009,Japan,320k,mp3,4:34,Studio,LP
百景 [Hyakkei],Mackeral Sky,おくりもの (Okurimono),Math Rock; Post-Rock,2009,Japan,320k,mp3,4:47,Studio,LP
百景 [Hyakkei],Town Light,おくりもの (Okurimono),Math Rock; Post-Rock,2009,Japan,320k,mp3,5:26,Studio,LP
百景 [Hyakkei],Sea Library,おくりもの (Okurimono),Math Rock; Post-Rock,2009,Japan,320k,mp3,5:13,Studio,LP
百景 [Hyakkei],Pleasant Talk,おくりもの (Okurimono),Math Rock; Post-Rock,2009,Japan,320k,mp3,2:40,Studio,LP
百景 [Hyakkei],Gata~Goto~Gata,おくりもの (Okurimono),Math Rock; Post-Rock,2009,Japan,320k,mp3,3:17,Studio,LP
百景 [Hyakkei],My Waltz,おくりもの (Okurimono),Math Rock; Post-Rock,2009,Japan,320k,mp3,3:08,Studio,LP
百景 [Hyakkei],Over The Night,おくりもの (Okurimono),Math Rock; Post-Rock,2009,Japan,320k,mp3,4:02,Studio,LP
百景 [Hyakkei],Nano Power,おくりもの (Okurimono),Math Rock; Post-Rock,2009,Japan,320k,mp3,3:40,Studio,LP
百景 [Hyakkei],Yellow Jackets,おくりもの (Okurimono),Math Rock; Post-Rock,2009,Japan,320k,mp3,5:02,Studio,LP
高木正勝 [Masakatsu Takagi],うるて (Urute),かがやき (Kagayaki),Min'yō,2014,Japan,741k,flac,3:38,Studio,LP
高木正勝 [Masakatsu Takagi],おおはる (Ooharu),かがやき (Kagayaki),Min'yō,2014,Japan,725k,flac,3:40,Studio,LP
高木正勝 [Masakatsu Takagi],ととろきみづ (Totorokimidu),かがやき (Kagayaki),Min'yō,2014,Japan,399k,flac,1:41,Studio,LP
高木正勝 [Masakatsu Takagi],たにのはまべ (Tani no Hamabe),かがやき (Kagayaki),Min'yō,2014,Japan,631k,flac,0:53,Studio,LP
高木正勝 [Masakatsu Takagi],しらいき (Shiraiki),かがやき (Kagayaki),Min'yō,2014,Japan,316k,flac,1:20,Studio,LP
高木正勝 [Masakatsu Takagi],おおはる - ぴあの (Ooharu - Piano),かがやき (Kagayaki),Min'yō,2014,Japan,683k,flac,4:35,Studio,LP
高木正勝 [Masakatsu Takagi],やまふろ (Yamafuro),かがやき (Kagayaki),Min'yō,2014,Japan,846k,flac,0:52,Studio,LP
高木正勝 [Masakatsu Takagi],あまみず (Amamizu),かがやき (Kagayaki),Min'yō,2014,Japan,772k,flac,2:40,Studio,LP
高木正勝 [Masakatsu Takagi],I Am Water,かがやき (Kagayaki),Min'yō,2014,Japan,419k,flac,3:06,Studio,LP
高木正勝 [Masakatsu Takagi],かみしゃま - 語り (Kami Shama - Katari),かがやき (Kagayaki),Min'yō,2014,Japan,631k,flac,2:22,Studio,LP
高木正勝 [Masakatsu Takagi],せみよび (Semiyobi),かがやき (Kagayaki),Min'yō,2014,Japan,798k,flac,5:08,Studio,LP
高木正勝 [Masakatsu Takagi],うたがき 1 (Utagaki 1),かがやき (Kagayaki),Min'yō,2014,Japan,588k,flac,2:24,Studio,LP
高木正勝 [Masakatsu Takagi],うたがき 2 (Utagaki 2),かがやき (Kagayaki),Min'yō,2014,Japan,751k,flac,4:34,Studio,LP
高木正勝 [Masakatsu Takagi],うたがき 3 (Utagaki 3),かがやき (Kagayaki),Min'yō,2014,Japan,413k,flac,3:41,Studio,LP
高木正勝 [Masakatsu Takagi],育てなさい 火を熾しなさい 食べなさい 笑いなさい (Nurse them Make a fire Feed yourself Express your mirth),かがやき (Kagayaki),Min'yō,2014,Japan,632k,flac,10:57,Studio,LP
高木正勝 [Masakatsu Takagi],うるて - はるのうち (Urute - Haru no Uchi),かがやき (Kagayaki),Min'yō,2014,Japan,663k,flac,4:32,Studio,LP
高木正勝 [Masakatsu Takagi],かみしゃま (Kami Shama),かがやき (Kagayaki),Min'yō,2014,Japan,515k,flac,2:20,Studio,LP
高木正勝 [Masakatsu Takagi],あげは - 合唱 (Ageha - Gassho),かがやき (Kagayaki),Min'yō,2014,Japan,765k,flac,4:12,Studio,LP
高木正勝 [Masakatsu Takagi],ぬのふね (Nuno Fune),かがやき (Kagayaki),Min'yō,2014,Japan,439k,flac,4:26,Studio,LP
高木正勝 [Masakatsu Takagi],ゆきんこ (Yukinko),かがやき (Kagayaki),Min'yō,2014,Japan,764k,flac,0:26,Studio,LP
高木正勝 [Masakatsu Takagi],ももいろのほほ (Momoiro no Hoho),かがやき (Kagayaki),Min'yō,2014,Japan,611k,flac,2:38,Studio,LP
高木正勝 [Masakatsu Takagi],くゎのはら (Kwa no Hara),かがやき (Kagayaki),Min'yō,2014,Japan,557k,flac,3:20,Studio,LP
高木正勝 [Masakatsu Takagi],かみしゃま - 合唱 (Kami Shama - Gassho),かがやき (Kagayaki),Min'yō,2014,Japan,695k,flac,1:28,Studio,LP
めめ [Meme],ちとてとち,ちとてとち (Chitotetochi),Freak Folk,2005,Japan,320k,mp3,1:51,Studio,LP
めめ [Meme],さっきまで泣いてたのは誰だ？,ちとてとち (Chitotetochi),Freak Folk,2005,Japan,320k,mp3,7:43,Studio,LP
めめ [Meme],ソーダ水うかぶ月,ちとてとち (Chitotetochi),Freak Folk,2005,Japan,320k,mp3,7:23,Studio,LP
めめ [Meme],ふくろうは夜を待て,ちとてとち (Chitotetochi),Freak Folk,2005,Japan,320k,mp3,6:37,Studio,LP
めめ [Meme],迷ったのはくまさんアナタの方よ,ちとてとち (Chitotetochi),Freak Folk,2005,Japan,320k,mp3,5:04,Studio,LP
めめ [Meme],くろねこのタンゴ,ちとてとち (Chitotetochi),Freak Folk,2005,Japan,320k,mp3,3:10,Studio,LP
めめ [Meme],夜明けのアタらシ,ちとてとち (Chitotetochi),Freak Folk,2005,Japan,320k,mp3,7:24,Studio,LP
めめ [Meme],いっこえらんで,ちとてとち (Chitotetochi),Freak Folk,2005,Japan,320k,mp3,4:54,Studio,LP
めめ [Meme],ミセス・ボアー,ちとてとち (Chitotetochi),Freak Folk,2005,Japan,320k,mp3,3:20,Studio,LP
青葉市子 [Ichiko Aoba],the end,マホロボシヤ (Mahoroboshiya),Contemporary Folk,2016,Japan,320k,mp3,1:15,Studio,LP
青葉市子 [Ichiko Aoba],ゆさぎ,マホロボシヤ (Mahoroboshiya),Contemporary Folk,2016,Japan,320k,mp3,3:34,Studio,LP
青葉市子 [Ichiko Aoba],マホロボシヤ,マホロボシヤ (Mahoroboshiya),Contemporary Folk,2016,Japan,320k,mp3,5:45,Studio,LP
青葉市子 [Ichiko Aoba],氷の鳥,マホロボシヤ (Mahoroboshiya),Contemporary Folk,2016,Japan,320k,mp3,2:27,Studio,LP
青葉市子 [Ichiko Aoba],おめでとうの唄,マホロボシヤ (Mahoroboshiya),Contemporary Folk,2016,Japan,320k,mp3,1:34,Studio,LP
青葉市子 [Ichiko Aoba],ゆめしぐれ,マホロボシヤ (Mahoroboshiya),Contemporary Folk,2016,Japan,320k,mp3,3:24,Studio,LP
青葉市子 [Ichiko Aoba],うみてんぐ,マホロボシヤ (Mahoroboshiya),Contemporary Folk,2016,Japan,320k,mp3,5:13,Studio,LP
青葉市子 [Ichiko Aoba],太陽さん,マホロボシヤ (Mahoroboshiya),Contemporary Folk,2016,Japan,320k,mp3,2:24,Studio,LP
青葉市子 [Ichiko Aoba],コウノトリ,マホロボシヤ (Mahoroboshiya),Contemporary Folk,2016,Japan,320k,mp3,2:33,Studio,LP
青葉市子 [Ichiko Aoba],神様のたくらみ,マホロボシヤ (Mahoroboshiya),Contemporary Folk,2016,Japan,320k,mp3,3:26,Studio,LP
青葉市子 [Ichiko Aoba],鬼ヶ島,マホロボシヤ (Mahoroboshiya),Contemporary Folk,2016,Japan,320k,mp3,2:34,Studio,LP
Mass of the Fermenting Dregs,このスピードの先へ,ワールドイズユアーズ (World Is Yours),Post-Hardcore,2009,Japan,320k,mp3,3:24,Studio,LP
Mass of the Fermenting Dregs,青い、濃い、橙色の日,ワールドイズユアーズ (World Is Yours),Post-Hardcore,2009,Japan,320k,mp3,4:41,Studio,LP
Mass of the Fermenting Dregs,かくいうもの,ワールドイズユアーズ (World Is Yours),Post-Hardcore,2009,Japan,320k,mp3,4:03,Studio,LP
Mass of the Fermenting Dregs,"She is inside,He is outside",ワールドイズユアーズ (World Is Yours),Post-Hardcore,2009,Japan,320k,mp3,2:53,Studio,LP
Mass of the Fermenting Dregs,なんなん,ワールドイズユアーズ (World Is Yours),Post-Hardcore,2009,Japan,320k,mp3,3:39,Studio,LP
Mass of the Fermenting Dregs,ワールドイズユアーズ,ワールドイズユアーズ (World Is Yours),Post-Hardcore,2009,Japan,320k,mp3,3:31,Studio,LP
万能青年旅店 [Omnipotent Youth Society],狗尿馆 (Palace of Dog Piss),万能青年旅店 (Omnipotent Youth Society),Art Rock,2010,China,192k,mp3,2:00,Studio,LP
万能青年旅店 [Omnipotent Youth Society],不萬能的喜劇 (The Less Than Omnipotent Comedy),万能青年旅店 (Omnipotent Youth Society),Art Rock,2010,China,192k,mp3,5:34,Studio,LP
万能青年旅店 [Omnipotent Youth Society],揪心的玩笑与漫长的白日梦 (A Heart-Wrenching Joke and a Long Daydream),万能青年旅店 (Omnipotent Youth Society),Art Rock,2010,China,192k,mp3,5:37,Studio,LP
万能青年旅店 [Omnipotent Youth Society],大石碎胸口 (The Boulder Crushes the Chest),万能青年旅店 (Omnipotent Youth Society),Art Rock,2010,China,192k,mp3,7:03,Studio,LP
万能青年旅店 [Omnipotent Youth Society],洋鳥消夏錄 (Ocean Birds' Summer Vacation),万能青年旅店 (Omnipotent Youth Society),Art Rock,2010,China,192k,mp3,1:10,Studio,LP
万能青年旅店 [Omnipotent Youth Society],秦皇島 (Qinhuangdao),万能青年旅店 (Omnipotent Youth Society),Art Rock,2010,China,192k,mp3,8:20,Studio,LP
万能青年旅店 [Omnipotent Youth Society],"十万嬉皮 (100,000 Hippies)",万能青年旅店 (Omnipotent Youth Society),Art Rock,2010,China,192k,mp3,5:00,Studio,LP
万能青年旅店 [Omnipotent Youth Society],在這顆行星所有的酒館 (All the Bars on the Planet),万能青年旅店 (Omnipotent Youth Society),Art Rock,2010,China,192k,mp3,9:09,Studio,LP
万能青年旅店 [Omnipotent Youth Society],杀死那个石家庄人 (Kill the Man from Shijazhuang),万能青年旅店 (Omnipotent Youth Society),Art Rock,2010,China,192k,mp3,6:00,Studio,LP
万能青年旅店 [Omnipotent Youth Society],早 (Morning),冀西南林路行 (Inside the Cable Temple),Art Rock,2020,China,128k,mp3,1:23,Studio,LP
万能青年旅店 [Omnipotent Youth Society],泥河 (Muddy River),冀西南林路行 (Inside the Cable Temple),Art Rock,2020,China,128k,mp3,5:48,Studio,LP
万能青年旅店 [Omnipotent Youth Society],平等雲霧 (Cloud of Equality),冀西南林路行 (Inside the Cable Temple),Art Rock,2020,China,128k,mp3,1:26,Studio,LP
万能青年旅店 [Omnipotent Youth Society],採石 (Quarrying),冀西南林路行 (Inside the Cable Temple),Art Rock,2020,China,128k,mp3,8:56,Studio,LP
万能青年旅店 [Omnipotent Youth Society],山雀 (Chickadee),冀西南林路行 (Inside the Cable Temple),Art Rock,2020,China,128k,mp3,3:18,Studio,LP
万能青年旅店 [Omnipotent Youth Society],繞越 (Detour),冀西南林路行 (Inside the Cable Temple),Art Rock,2020,China,128k,mp3,2:43,Studio,LP
万能青年旅店 [Omnipotent Youth Society],河北墨麒麟 (Hebei Moqilin),冀西南林路行 (Inside the Cable Temple),Art Rock,2020,China,128k,mp3,11:28,Studio,LP
万能青年旅店 [Omnipotent Youth Society],郊眠寺 (Cable Temple),冀西南林路行 (Inside the Cable Temple),Art Rock,2020,China,128k,mp3,9:40,Studio,LP
青葉市子 [Ichiko Aoba],不和リン,剃刀乙女 (Kamisori otome),Contemporary Folk,2010,Japan,320k,mp3,3:30,Studio,LP
青葉市子 [Ichiko Aoba],ココロノセカイ,剃刀乙女 (Kamisori otome),Contemporary Folk,2010,Japan,320k,mp3,3:02,Studio,LP
青葉市子 [Ichiko Aoba],ポシェットのおうた,剃刀乙女 (Kamisori otome),Contemporary Folk,2010,Japan,320k,mp3,1:40,Studio,LP
青葉市子 [Ichiko Aoba],重たい睫毛,剃刀乙女 (Kamisori otome),Contemporary Folk,2010,Japan,320k,mp3,4:23,Studio,LP
青葉市子 [Ichiko Aoba],路標,剃刀乙女 (Kamisori otome),Contemporary Folk,2010,Japan,320k,mp3,3:31,Studio,LP
青葉市子 [Ichiko Aoba],光蜥蜴,剃刀乙女 (Kamisori otome),Contemporary Folk,2010,Japan,320k,mp3,1:57,Studio,LP
青葉市子 [Ichiko Aoba],遠いあこがれ,剃刀乙女 (Kamisori otome),Contemporary Folk,2010,Japan,320k,mp3,3:02,Studio,LP
青葉市子 [Ichiko Aoba],腸髪のサーカス,剃刀乙女 (Kamisori otome),Contemporary Folk,2010,Japan,320k,mp3,5:42,Studio,LP
君島大空 [Kimishima Ohzora],interlope,午後の反射光,Contemporary Folk; Art Pop; Neo-Psychedelia; Folktronica,2019,Japan,256k VBR,m4a,1:23,Studio,EP
君島大空 [Kimishima Ohzora],瓶底の夏,午後の反射光,Contemporary Folk; Art Pop; Neo-Psychedelia; Folktronica,2019,Japan,256k VBR,m4a,3:38,Studio,EP
君島大空 [Kimishima Ohzora],遠視のコントラルト,午後の反射光,Contemporary Folk; Art Pop; Neo-Psychedelia; Folktronica,2019,Japan,256k VBR,m4a,5:43,Studio,EP
君島大空 [Kimishima Ohzora],叙景#1,午後の反射光,Contemporary Folk; Art Pop; Neo-Psychedelia; Folktronica,2019,Japan,256k VBR,m4a,0:32,Studio,EP
君島大空 [Kimishima Ohzora],午後の反射光,午後の反射光,Contemporary Folk; Art Pop; Neo-Psychedelia; Folktronica,2019,Japan,256k VBR,m4a,7:46,Studio,EP
君島大空 [Kimishima Ohzora],夜を抜けて,午後の反射光,Contemporary Folk; Art Pop; Neo-Psychedelia; Folktronica,2019,Japan,256k VBR,m4a,4:20,Studio,EP
青葉市子 [Ichiko Aoba],少女と檻,檻髪 (Origami),Contemporary Folk,2011,Japan,320k,mp3,0:46,Studio,LP
青葉市子 [Ichiko Aoba],灰色の日,檻髪 (Origami),Contemporary Folk,2011,Japan,320k,mp3,3:58,Studio,LP
青葉市子 [Ichiko Aoba],パッチワーク,檻髪 (Origami),Contemporary Folk,2011,Japan,320k,mp3,3:34,Studio,LP
青葉市子 [Ichiko Aoba],レースのむこう,檻髪 (Origami),Contemporary Folk,2011,Japan,320k,mp3,2:29,Studio,LP
青葉市子 [Ichiko Aoba],つよくなる,檻髪 (Origami),Contemporary Folk,2011,Japan,320k,mp3,2:05,Studio,LP
青葉市子 [Ichiko Aoba],おもいでカフェ,檻髪 (Origami),Contemporary Folk,2011,Japan,320k,mp3,2:05,Studio,LP
青葉市子 [Ichiko Aoba],日時計,檻髪 (Origami),Contemporary Folk,2011,Japan,320k,mp3,5:23,Studio,LP
青葉市子 [Ichiko Aoba],く風,檻髪 (Origami),Contemporary Folk,2011,Japan,320k,mp3,1:33,Studio,LP
3776,睦月一拍子へ調,歳時記 (Saijiki),Progressive Pop; Art Pop,2019,Japan,320k,mp3,6:12,Studio,LP
3776,如月二拍子嬰へ調,歳時記 (Saijiki),Progressive Pop; Art Pop,2019,Japan,320k,mp3,5:48,Studio,LP
3776,弥生三拍子ト調,歳時記 (Saijiki),Progressive Pop; Art Pop,2019,Japan,320k,mp3,6:12,Studio,LP
3776,卯月四拍子嬰ト調,歳時記 (Saijiki),Progressive Pop; Art Pop,2019,Japan,320k,mp3,6:00,Studio,LP
3776,皐月五拍子イ調,歳時記 (Saijiki),Progressive Pop; Art Pop,2019,Japan,320k,mp3,6:12,Studio,LP
3776,水無月六拍子嬰イ調,歳時記 (Saijiki),Progressive Pop; Art Pop,2019,Japan,320k,mp3,6:00,Studio,LP
3776,文月七拍子ロ調,歳時記 (Saijiki),Progressive Pop; Art Pop,2019,Japan,320k,mp3,6:12,Studio,LP
3776,葉月八拍子ハ調,歳時記 (Saijiki),Progressive Pop; Art Pop,2019,Japan,320k,mp3,6:12,Studio,LP
3776,長月九拍子嬰ハ調,歳時記 (Saijiki),Progressive Pop; Art Pop,2019,Japan,320k,mp3,6:00,Studio,LP
3776,神無月十拍子二調,歳時記 (Saijiki),Progressive Pop; Art Pop,2019,Japan,320k,mp3,6:12,Studio,LP
3776,霜月十一拍子嬰二調,歳時記 (Saijiki),Progressive Pop; Art Pop,2019,Japan,320k,mp3,6:00,Studio,LP
3776,師走十二拍子ホ調,歳時記 (Saijiki),Progressive Pop; Art Pop,2019,Japan,320k,mp3,6:12,Studio,LP
王菲 [Faye Wong],無常 (Impermanent),浮躁 (Restless),Dream Pop,1996,China,320k,mp3,2:36,Studio,LP
王菲 [Faye Wong],浮躁 (Restless),浮躁 (Restless),Dream Pop,1996,China,320k,mp3,3:02,Studio,LP
王菲 [Faye Wong],想像 (Imagine),浮躁 (Restless),Dream Pop,1996,China,320k,mp3,3:39,Studio,LP
王菲 [Faye Wong],分裂 (Split),浮躁 (Restless),Dream Pop,1996,China,320k,mp3,4:03,Studio,LP
王菲 [Faye Wong],不安 (Anxiety),浮躁 (Restless),Dream Pop,1996,China,320k,mp3,2:13,Studio,LP
王菲 [Faye Wong],哪兒 (Where),浮躁 (Restless),Dream Pop,1996,China,320k,mp3,4:00,Studio,LP
王菲 [Faye Wong],墮落 (Degenerate),浮躁 (Restless),Dream Pop,1996,China,320k,mp3,3:41,Studio,LP
王菲 [Faye Wong],掃興 (Disappointed),浮躁 (Restless),Dream Pop,1996,China,320k,mp3,4:09,Studio,LP
王菲 [Faye Wong],末日 (The Last Day),浮躁 (Restless),Dream Pop,1996,China,320k,mp3,3:58,Studio,LP
王菲 [Faye Wong],野三坡 (Three Countryside Hills),浮躁 (Restless),Dream Pop,1996,China,320k,mp3,3:49,Studio,LP
君島大空 [Kimishima Ohzora],旅 (Tabi),縫層 (Nuisou),Art Pop; Folktronica; Neo-Psychedelia,2020,Japan,320k,mp3,1:54,Studio,EP
君島大空 [Kimishima Ohzora],傘の中の手 (Kasa no Naka no Te),縫層 (Nuisou),Art Pop; Folktronica; Neo-Psychedelia,2020,Japan,320k,mp3,4:35,Studio,EP
君島大空 [Kimishima Ohzora],笑止 (Shoushi),縫層 (Nuisou),Art Pop; Folktronica; Neo-Psychedelia,2020,Japan,320k,mp3,3:09,Studio,EP
君島大空 [Kimishima Ohzora],散瞳 (Sandou),縫層 (Nuisou),Art Pop; Folktronica; Neo-Psychedelia,2020,Japan,320k,mp3,3:02,Studio,EP
君島大空 [Kimishima Ohzora],火傷に雨 (Kashou ni Ame),縫層 (Nuisou),Art Pop; Folktronica; Neo-Psychedelia,2020,Japan,320k,mp3,3:45,Studio,EP
君島大空 [Kimishima Ohzora],縫層 (Nuisou),縫層 (Nuisou),Art Pop; Folktronica; Neo-Psychedelia,2020,Japan,320k,mp3,4:32,Studio,EP
君島大空 [Kimishima Ohzora],花曇 (Hanagumori),縫層 (Nuisou),Art Pop; Folktronica; Neo-Psychedelia,2020,Japan,320k,mp3,6:58,Studio,EP
君島大空 [Kimishima Ohzora],光暈(halo),袖の汀,Contemporary Folk; Folktronica,2021,Japan,320k,mp3,5:10,Studio,EP
君島大空 [Kimishima Ohzora],向こう髪,袖の汀,Contemporary Folk; Folktronica,2021,Japan,320k,mp3,4:51,Studio,EP
君島大空 [Kimishima Ohzora],星の降るひと,袖の汀,Contemporary Folk; Folktronica,2021,Japan,320k,mp3,2:28,Studio,EP
君島大空 [Kimishima Ohzora],きさらぎ,袖の汀,Contemporary Folk; Folktronica,2021,Japan,320k,mp3,5:20,Studio,EP
君島大空 [Kimishima Ohzora],白い花,袖の汀,Contemporary Folk; Folktronica,2021,Japan,320k,mp3,5:00,Studio,EP
君島大空 [Kimishima Ohzora],銃口,袖の汀,Contemporary Folk; Folktronica,2021,Japan,320k,mp3,4:36,Studio,EP
青葉市子 [Ichiko Aoba],鹿,鮎川のしづく (Ayukawa no shizuku),Nature Recordings; Field Recordings,2019,Japan,320k,mp3,2:15,Studio,LP
青葉市子 [Ichiko Aoba],雨上がりの水流１,鮎川のしづく (Ayukawa no shizuku),Nature Recordings; Field Recordings,2019,Japan,320k,mp3,0:20,Studio,LP
青葉市子 [Ichiko Aoba],雨上がりの水流２,鮎川のしづく (Ayukawa no shizuku),Nature Recordings; Field Recordings,2019,Japan,320k,mp3,3:43,Studio,LP
青葉市子 [Ichiko Aoba],詩人の家宿泊棟にて、心音,鮎川のしづく (Ayukawa no shizuku),Nature Recordings; Field Recordings,2019,Japan,320k,mp3,2:56,Studio,LP
青葉市子 [Ichiko Aoba],合奏：吉増剛造「海の恒星」＋青葉市子「あわの声」のり浜にて,鮎川のしづく (Ayukawa no shizuku),Nature Recordings; Field Recordings,2019,Japan,320k,mp3,8:17,Studio,LP
青葉市子 [Ichiko Aoba],鷗,鮎川のしづく (Ayukawa no shizuku),Nature Recordings; Field Recordings,2019,Japan,320k,mp3,1:28,Studio,LP
青葉市子 [Ichiko Aoba],鴬,鮎川のしづく (Ayukawa no shizuku),Nature Recordings; Field Recordings,2019,Japan,320k,mp3,1:46,Studio,LP
青葉市子 [Ichiko Aoba],鴬と雉子,鮎川のしづく (Ayukawa no shizuku),Nature Recordings; Field Recordings,2019,Japan,320k,mp3,0:42,Studio,LP
青葉市子 [Ichiko Aoba],丘の風,鮎川のしづく (Ayukawa no shizuku),Nature Recordings; Field Recordings,2019,Japan,320k,mp3,4:37,Studio,LP
青葉市子 [Ichiko Aoba],船の寝床,鮎川のしづく (Ayukawa no shizuku),Nature Recordings; Field Recordings,2019,Japan,320k,mp3,5:38,Studio,LP
青葉市子 [Ichiko Aoba],ジンジャーエール,鮎川のしづく (Ayukawa no shizuku),Nature Recordings; Field Recordings,2019,Japan,320k,mp3,1:11,Studio,LP
青葉市子 [Ichiko Aoba],麦茶の水筒,鮎川のしづく (Ayukawa no shizuku),Nature Recordings; Field Recordings,2019,Japan,320k,mp3,0:56,Studio,LP
青葉市子 [Ichiko Aoba],のり浜の洞窟のピアニカ１,鮎川のしづく (Ayukawa no shizuku),Nature Recordings; Field Recordings,2019,Japan,320k,mp3,3:30,Studio,LP
青葉市子 [Ichiko Aoba],のり浜の洞窟のピアニカ２,鮎川のしづく (Ayukawa no shizuku),Nature Recordings; Field Recordings,2019,Japan,320k,mp3,6:01,Studio,LP
青葉市子 [Ichiko Aoba],泥絵の筆とギター,鮎川のしづく (Ayukawa no shizuku),Nature Recordings; Field Recordings,2019,Japan,320k,mp3,1:52,Studio,LP
青葉市子 [Ichiko Aoba],合奏：青葉市子「星のプレゼント」＋吉増剛造「初湯」のり浜の洞窟にて,鮎川のしづく (Ayukawa no shizuku),Nature Recordings; Field Recordings,2019,Japan,320k,mp3,9:11,Studio,LP
青葉市子 [Ichiko Aoba],のり浜「あわの声」,鮎川のしづく (Ayukawa no shizuku),Nature Recordings; Field Recordings,2019,Japan,320k,mp3,1:21,Studio,LP
青葉市子 [Ichiko Aoba],ピアノ、sonihouseにて,鮎川のしづく (Ayukawa no shizuku),Nature Recordings; Field Recordings,2019,Japan,320k,mp3,6:49,Studio,LP
青葉市子 [Ichiko Aoba],遠くの島の唄,鮎川のしづく (Ayukawa no shizuku),Nature Recordings; Field Recordings,2019,Japan,320k,mp3,5:07,Studio,LP
青葉市子 [Ichiko Aoba],循環,鮎川のしづく (Ayukawa no shizuku),Nature Recordings; Field Recordings,2019,Japan,320k,mp3,1:08,Studio,LP
青葉市子 [Ichiko Aoba],鳥と風,鮎川のしづく (Ayukawa no shizuku),Nature Recordings; Field Recordings,2019,Japan,320k,mp3,0:52,Studio,LP
青葉市子 [Ichiko Aoba],時報、午前７時,鮎川のしづく (Ayukawa no shizuku),Nature Recordings; Field Recordings,2019,Japan,320k,mp3,0:53,Studio,LP
青葉市子 [Ichiko Aoba],時報、正午,鮎川のしづく (Ayukawa no shizuku),Nature Recordings; Field Recordings,2019,Japan,320k,mp3,0:44,Studio,LP
青葉市子 [Ichiko Aoba],時報、午後５時,鮎川のしづく (Ayukawa no shizuku),Nature Recordings; Field Recordings,2019,Japan,320k,mp3,1:19,Studio,LP